0,1,0,0,0,0,0,0,0,0,0,0
1,4,1,2,3,0,0,0,0,0,0,0
2,4,4,5,6,7,0,0,0,0,0,0
3,4,8,9,10,4,0,0,0,0,0,0
4,4,11,12,13,5,0,0,0,0,0,0
5,3,14,15,6,0,0,0,0,0,0,0
6,4,16,17,7,13,0,0,0,0,0,0
7,3,18,19,20,0,0,0,0,0,0,0
8,3,21,22,18,0,0,0,0,0,0,0
9,3,23,24,19,0,0,0,0,0,0,0
10,3,25,26,20,0,0,0,0,0,0,0
11,3,27,28,25,0,0,0,0,0,0,0
12,3,29,30,26,0,0,0,0,0,0,0
13,2,31,32,0,0,0,0,0,0,0,0
14,3,33,34,31,0,0,0,0,0,0,0
15,4,35,36,37,32,0,0,0,0,0,0
16,3,38,39,33,0,0,0,0,0,0,0
17,4,40,41,34,36,0,0,0,0,0,0
18,2,42,43,0,0,0,0,0,0,0,0
19,4,44,45,46,42,0,0,0,0,0,0
20,3,47,38,43,0,0,0,0,0,0,0
21,3,48,49,44,0,0,0,0,0,0,0
22,3,50,45,47,0,0,0,0,0,0,0
23,1,46,0,0,0,0,0,0,0,0,0
24,3,51,52,53,0,0,0,0,0,0,0
25,3,54,55,51,0,0,0,0,0,0,0
26,2,56,52,0,0,0,0,0,0,0,0
27,3,57,58,53,0,0,0,0,0,0,0
28,3,59,60,61,0,0,0,0,0,0,0
29,1,59,0,0,0,0,0,0,0,0,0
30,3,62,63,60,0,0,0,0,0,0,0
31,4,64,65,58,61,0,0,0,0,0,0
32,4,66,67,68,69,0,0,0,0,0,0
33,3,70,71,66,0,0,0,0,0,0,0
34,3,72,73,67,0,0,0,0,0,0,0
35,3,74,75,68,0,0,0,0,0,0,0
36,3,76,69,75,0,0,0,0,0,0,0
37,3,77,70,71,0,0,0,0,0,0,0
38,3,78,79,77,0,0,0,0,0,0,0
39,4,80,81,82,83,0,0,0,0,0,0
40,3,84,85,80,0,0,0,0,0,0,0
41,3,86,87,81,0,0,0,0,0,0,0
42,3,88,89,82,0,0,0,0,0,0,0
43,3,90,91,83,0,0,0,0,0,0,0
44,4,92,93,85,86,0,0,0,0,0,0
45,3,94,95,87,0,0,0,0,0,0,0
46,3,96,97,98,0,0,0,0,0,0,0
47,4,99,100,101,96,0,0,0,0,0,0
48,3,102,103,97,0,0,0,0,0,0,0
49,4,104,105,106,107,0,0,0,0,0,0
50,4,108,109,110,104,0,0,0,0,0,0
51,3,111,112,105,0,0,0,0,0,0,0
52,3,113,114,106,0,0,0,0,0,0,0
53,3,115,116,107,0,0,0,0,0,0,0
54,4,117,118,119,120,0,0,0,0,0,0
55,3,121,122,117,0,0,0,0,0,0,0
56,3,123,108,118,0,0,0,0,0,0,0
57,4,124,125,126,119,0,0,0,0,0,0
58,4,127,128,129,2,0,0,0,0,0,0
59,3,130,131,127,0,0,0,0,0,0,0
60,3,132,133,128,0,0,0,0,0,0,0
61,3,134,135,129,0,0,0,0,0,0,0
62,3,136,137,138,0,0,0,0,0,0,0
63,3,139,140,136,0,0,0,0,0,0,0
64,3,141,142,137,0,0,0,0,0,0,0
65,3,143,144,138,0,0,0,0,0,0,0
66,3,145,146,147,0,0,0,0,0,0,0
67,4,148,149,150,145,0,0,0,0,0,0
68,3,151,152,146,0,0,0,0,0,0,0
69,3,153,147,152,0,0,0,0,0,0,0
70,3,154,155,156,0,0,0,0,0,0,0
71,3,157,158,154,0,0,0,0,0,0,0
72,3,159,160,155,0,0,0,0,0,0,0
73,3,161,162,156,0,0,0,0,0,0,0
74,3,163,164,165,0,0,0,0,0,0,0
75,3,166,167,163,0,0,0,0,0,0,0
76,3,168,169,164,0,0,0,0,0,0,0
77,3,170,171,165,0,0,0,0,0,0,0
78,4,172,173,174,1,0,0,0,0,0,0
79,4,175,176,177,3,0,0,0,0,0,0
80,3,178,21,139,0,0,0,0,0,0,0
81,3,179,180,178,0,0,0,0,0,0,0
82,3,181,182,183,0,0,0,0,0,0,0
83,3,184,185,181,0,0,0,0,0,0,0
84,3,186,187,182,0,0,0,0,0,0,0
85,3,188,189,183,0,0,0,0,0,0,0
86,3,190,191,166,0,0,0,0,0,0,0
87,3,192,193,190,0,0,0,0,0,0,0
88,1,191,0,0,0,0,0,0,0,0,0
89,3,194,195,180,0,0,0,0,0,0,0
90,3,196,197,194,0,0,0,0,0,0,0
91,3,198,195,197,0,0,0,0,0,0,0
92,4,199,200,201,202,0,0,0,0,0,0
93,3,203,204,199,0,0,0,0,0,0,0
94,3,205,206,200,0,0,0,0,0,0,0
95,3,207,208,201,0,0,0,0,0,0,0
96,3,209,210,202,0,0,0,0,0,0,0
97,3,211,212,213,0,0,0,0,0,0,0
98,3,214,149,211,0,0,0,0,0,0,0
99,3,215,24,212,0,0,0,0,0,0,0
100,2,143,213,0,0,0,0,0,0,0,0
101,3,216,217,218,0,0,0,0,0,0,0
102,3,219,220,216,0,0,0,0,0,0,0
103,3,221,222,217,0,0,0,0,0,0,0
104,3,223,224,218,0,0,0,0,0,0,0
105,3,225,226,215,0,0,0,0,0,0,0
106,3,227,228,229,0,0,0,0,0,0,0
107,3,230,231,227,0,0,0,0,0,0,0
108,4,232,233,234,228,0,0,0,0,0,0
109,3,235,236,232,0,0,0,0,0,0,0
110,4,237,238,239,233,0,0,0,0,0,0
111,3,240,241,234,0,0,0,0,0,0,0
112,3,242,243,240,0,0,0,0,0,0,0
113,3,244,245,242,0,0,0,0,0,0,0
114,3,246,243,244,0,0,0,0,0,0,0
115,3,247,248,249,0,0,0,0,0,0,0
116,4,250,251,236,247,0,0,0,0,0,0
117,3,252,253,248,0,0,0,0,0,0,0
118,4,254,255,256,257,0,0,0,0,0,0
119,5,258,259,260,261,254,0,0,0,0,0
120,3,262,263,255,0,0,0,0,0,0,0
121,3,264,265,256,0,0,0,0,0,0,0
122,4,266,267,268,269,0,0,0,0,0,0
123,4,270,271,272,266,0,0,0,0,0,0
124,3,273,274,267,0,0,0,0,0,0,0
125,4,275,276,277,268,0,0,0,0,0,0
126,3,278,279,269,0,0,0,0,0,0,0
127,3,280,281,282,0,0,0,0,0,0,0
128,3,283,284,280,0,0,0,0,0,0,0
129,4,285,286,41,281,0,0,0,0,0,0
130,3,287,37,282,0,0,0,0,0,0,0
131,3,288,289,290,0,0,0,0,0,0,0
132,4,291,292,293,288,0,0,0,0,0,0
133,3,294,295,289,0,0,0,0,0,0,0
134,3,296,297,290,0,0,0,0,0,0,0
135,3,298,299,50,0,0,0,0,0,0,0
136,1,300,0,0,0,0,0,0,0,0,0
137,3,301,302,300,0,0,0,0,0,0,0
138,3,303,304,285,0,0,0,0,0,0,0
139,3,305,286,304,0,0,0,0,0,0,0
140,3,306,307,302,0,0,0,0,0,0,0
141,3,308,309,306,0,0,0,0,0,0,0
142,4,245,249,250,307,0,0,0,0,0,0
143,3,310,311,312,0,0,0,0,0,0,0
144,3,313,314,310,0,0,0,0,0,0,0
145,2,315,311,0,0,0,0,0,0,0,0
146,4,316,317,318,312,0,0,0,0,0,0
147,4,319,320,321,322,0,0,0,0,0,0
148,3,323,324,319,0,0,0,0,0,0,0
149,3,325,326,320,0,0,0,0,0,0,0
150,4,327,328,329,321,0,0,0,0,0,0
151,3,330,331,322,0,0,0,0,0,0,0
152,3,332,333,316,0,0,0,0,0,0,0
153,4,334,335,315,317,0,0,0,0,0,0
154,3,336,337,318,0,0,0,0,0,0,0
155,3,338,339,325,0,0,0,0,0,0,0
156,3,340,341,338,0,0,0,0,0,0,0
157,3,342,337,339,0,0,0,0,0,0,0
158,3,343,344,99,0,0,0,0,0,0,0
159,4,345,346,347,100,0,0,0,0,0,0
160,3,348,101,112,0,0,0,0,0,0,0
161,4,349,350,351,352,0,0,0,0,0,0
162,4,353,354,102,349,0,0,0,0,0,0
163,4,355,356,103,350,0,0,0,0,0,0
164,1,351,0,0,0,0,0,0,0,0,0
165,3,357,344,355,0,0,0,0,0,0,0
166,3,358,115,357,0,0,0,0,0,0,0
167,3,359,360,361,0,0,0,0,0,0,0
168,2,362,359,0,0,0,0,0,0,0,0
169,3,363,364,360,0,0,0,0,0,0,0
170,3,365,361,364,0,0,0,0,0,0,0
171,4,366,367,368,369,0,0,0,0,0,0
172,3,370,371,366,0,0,0,0,0,0,0
173,3,372,373,367,0,0,0,0,0,0,0
174,3,374,375,368,0,0,0,0,0,0,0
175,4,376,377,378,369,0,0,0,0,0,0
176,3,379,380,381,0,0,0,0,0,0,0
177,3,382,383,379,0,0,0,0,0,0,0
178,3,384,385,380,0,0,0,0,0,0,0
179,4,386,387,388,389,0,0,0,0,0,0
180,4,390,391,392,386,0,0,0,0,0,0
181,3,393,394,387,0,0,0,0,0,0,0
182,3,395,396,388,0,0,0,0,0,0,0
183,3,397,398,399,0,0,0,0,0,0,0
184,3,400,401,397,0,0,0,0,0,0,0
185,3,402,403,398,0,0,0,0,0,0,0
186,3,404,405,406,0,0,0,0,0,0,0
187,3,407,408,404,0,0,0,0,0,0,0
188,3,409,410,405,0,0,0,0,0,0,0
189,3,411,412,406,0,0,0,0,0,0,0
190,4,413,414,415,416,0,0,0,0,0,0
191,3,417,418,413,0,0,0,0,0,0,0
192,4,419,420,309,414,0,0,0,0,0,0
193,4,421,422,423,415,0,0,0,0,0,0
194,3,424,425,416,0,0,0,0,0,0,0
195,4,426,427,239,301,0,0,0,0,0,0
196,3,428,423,426,0,0,0,0,0,0,0
197,3,429,430,427,0,0,0,0,0,0,0
198,3,431,432,419,0,0,0,0,0,0,0
199,3,433,434,420,0,0,0,0,0,0,0
200,3,435,436,437,0,0,0,0,0,0,0
201,3,438,439,435,0,0,0,0,0,0,0
202,3,440,418,436,0,0,0,0,0,0,0
203,4,441,442,238,437,0,0,0,0,0,0
204,4,443,444,445,446,0,0,0,0,0,0
205,4,447,448,449,443,0,0,0,0,0,0
206,3,450,451,444,0,0,0,0,0,0,0
207,3,452,453,445,0,0,0,0,0,0,0
208,3,454,455,456,0,0,0,0,0,0,0
209,3,457,458,454,0,0,0,0,0,0,0
210,3,459,330,455,0,0,0,0,0,0,0
211,3,460,374,456,0,0,0,0,0,0,0
212,3,461,462,381,0,0,0,0,0,0,0
213,3,463,464,461,0,0,0,0,0,0,0
214,4,465,466,467,462,0,0,0,0,0,0
215,2,468,424,0,0,0,0,0,0,0,0
216,1,468,0,0,0,0,0,0,0,0,0
217,3,469,470,237,0,0,0,0,0,0,0
218,3,471,472,376,0,0,0,0,0,0,0
219,3,473,474,377,0,0,0,0,0,0,0
220,4,475,476,378,399,0,0,0,0,0,0
221,2,477,478,0,0,0,0,0,0,0,0
222,3,479,480,477,0,0,0,0,0,0,0
223,3,481,482,478,0,0,0,0,0,0,0
224,3,483,484,485,0,0,0,0,0,0,0
225,3,486,487,483,0,0,0,0,0,0,0
226,4,488,489,490,484,0,0,0,0,0,0
227,3,491,492,485,0,0,0,0,0,0,0
228,4,493,313,329,332,0,0,0,0,0,0
229,3,494,495,493,0,0,0,0,0,0,0
230,3,496,497,498,0,0,0,0,0,0,0
231,3,499,500,496,0,0,0,0,0,0,0
232,3,501,502,497,0,0,0,0,0,0,0
233,3,503,504,498,0,0,0,0,0,0,0
234,3,505,506,507,0,0,0,0,0,0,0
235,3,508,448,505,0,0,0,0,0,0,0
236,3,509,510,506,0,0,0,0,0,0,0
237,3,511,491,507,0,0,0,0,0,0,0
238,4,512,513,514,335,0,0,0,0,0,0
239,3,515,516,512,0,0,0,0,0,0,0
240,3,517,340,513,0,0,0,0,0,0,0
241,3,518,519,514,0,0,0,0,0,0,0
242,3,520,521,522,0,0,0,0,0,0,0
243,3,523,524,520,0,0,0,0,0,0,0
244,3,525,526,521,0,0,0,0,0,0,0
245,4,527,528,529,522,0,0,0,0,0,0
246,1,530,0,0,0,0,0,0,0,0,0
247,3,531,334,530,0,0,0,0,0,0,0
248,3,532,314,494,0,0,0,0,0,0,0
249,4,533,534,535,536,0,0,0,0,0,0
250,3,537,538,533,0,0,0,0,0,0,0
251,3,539,540,534,0,0,0,0,0,0,0
252,3,541,542,535,0,0,0,0,0,0,0
253,1,536,0,0,0,0,0,0,0,0,0
254,4,543,544,545,546,0,0,0,0,0,0
255,2,547,543,0,0,0,0,0,0,0,0
256,3,548,549,544,0,0,0,0,0,0,0
257,3,550,551,545,0,0,0,0,0,0,0
258,3,552,482,546,0,0,0,0,0,0,0
259,3,553,554,555,0,0,0,0,0,0,0
260,3,556,557,553,0,0,0,0,0,0,0
261,3,558,559,554,0,0,0,0,0,0,0
262,3,560,561,555,0,0,0,0,0,0,0
263,3,562,563,547,0,0,0,0,0,0,0
264,3,564,565,141,0,0,0,0,0,0,0
265,3,566,567,142,0,0,0,0,0,0,0
266,4,568,328,495,527,0,0,0,0,0,0
267,3,569,570,479,0,0,0,0,0,0,0
268,3,571,572,569,0,0,0,0,0,0,0
269,3,573,515,570,0,0,0,0,0,0,0
270,3,574,575,488,0,0,0,0,0,0,0
271,3,576,577,489,0,0,0,0,0,0,0
272,3,578,579,490,0,0,0,0,0,0,0
273,3,580,581,582,0,0,0,0,0,0,0
274,3,583,584,580,0,0,0,0,0,0,0
275,3,585,581,584,0,0,0,0,0,0,0
276,3,586,587,582,0,0,0,0,0,0,0
277,3,588,589,528,0,0,0,0,0,0,0
278,3,590,591,529,0,0,0,0,0,0,0
279,4,592,593,594,595,0,0,0,0,0,0
280,3,596,597,592,0,0,0,0,0,0,0
281,3,598,599,593,0,0,0,0,0,0,0
282,3,600,601,594,0,0,0,0,0,0,0
283,3,602,556,595,0,0,0,0,0,0,0
284,2,519,531,0,0,0,0,0,0,0,0
285,3,603,604,605,0,0,0,0,0,0,0
286,3,606,607,603,0,0,0,0,0,0,0
287,3,608,446,604,0,0,0,0,0,0,0
288,4,609,610,327,590,0,0,0,0,0,0
289,3,611,612,609,0,0,0,0,0,0,0
290,4,613,614,615,610,0,0,0,0,0,0
291,3,616,617,618,0,0,0,0,0,0,0
292,3,619,620,616,0,0,0,0,0,0,0
293,3,621,622,617,0,0,0,0,0,0,0
294,3,623,624,618,0,0,0,0,0,0,0
295,3,625,626,627,0,0,0,0,0,0,0
296,3,628,629,625,0,0,0,0,0,0,0
297,3,630,631,626,0,0,0,0,0,0,0
298,4,632,633,634,627,0,0,0,0,0,0
299,3,635,532,568,0,0,0,0,0,0,0
300,4,636,637,638,639,0,0,0,0,0,0
301,3,640,641,636,0,0,0,0,0,0,0
302,3,642,643,637,0,0,0,0,0,0,0
303,3,644,645,638,0,0,0,0,0,0,0
304,3,646,647,639,0,0,0,0,0,0,0
305,3,648,649,567,0,0,0,0,0,0,0
306,3,650,651,648,0,0,0,0,0,0,0
307,3,652,653,649,0,0,0,0,0,0,0
308,3,654,655,621,0,0,0,0,0,0,0
309,3,656,657,622,0,0,0,0,0,0,0
310,3,658,659,548,0,0,0,0,0,0,0
311,3,660,661,658,0,0,0,0,0,0,0
312,4,662,663,664,659,0,0,0,0,0,0
313,3,665,666,632,0,0,0,0,0,0,0
314,4,667,668,669,665,0,0,0,0,0,0
315,3,670,671,666,0,0,0,0,0,0,0
316,3,672,673,611,0,0,0,0,0,0,0
317,3,674,675,672,0,0,0,0,0,0,0
318,4,676,677,678,673,0,0,0,0,0,0
319,2,679,680,0,0,0,0,0,0,0,0
320,3,681,291,679,0,0,0,0,0,0,0
321,1,680,0,0,0,0,0,0,0,0,0
322,4,682,683,684,685,0,0,0,0,0,0
323,3,686,687,682,0,0,0,0,0,0,0
324,1,683,0,0,0,0,0,0,0,0,0
325,1,684,0,0,0,0,0,0,0,0,0
326,3,688,689,690,0,0,0,0,0,0,0
327,3,691,692,688,0,0,0,0,0,0,0
328,3,693,694,689,0,0,0,0,0,0,0
329,3,695,696,690,0,0,0,0,0,0,0
330,2,697,588,0,0,0,0,0,0,0,0
331,2,635,697,0,0,0,0,0,0,0,0
332,3,698,550,563,0,0,0,0,0,0,0
333,3,699,700,551,0,0,0,0,0,0,0
334,3,701,702,703,0,0,0,0,0,0,0
335,3,704,705,701,0,0,0,0,0,0,0
336,3,706,707,702,0,0,0,0,0,0,0
337,3,708,709,703,0,0,0,0,0,0,0
338,3,710,711,459,0,0,0,0,0,0,0
339,4,712,713,323,571,0,0,0,0,0,0
340,3,714,715,712,0,0,0,0,0,0,0
341,3,716,717,713,0,0,0,0,0,0,0
342,4,718,719,720,559,0,0,0,0,0,0
343,4,721,500,561,718,0,0,0,0,0,0
344,3,722,723,719,0,0,0,0,0,0,0
345,3,724,501,720,0,0,0,0,0,0,0
346,3,725,726,292,0,0,0,0,0,0,0
347,3,727,728,293,0,0,0,0,0,0,0
348,3,729,730,652,0,0,0,0,0,0,0
349,3,731,585,653,0,0,0,0,0,0,0
350,3,732,733,407,0,0,0,0,0,0,0
351,3,734,735,732,0,0,0,0,0,0,0
352,3,736,737,733,0,0,0,0,0,0,0
353,3,738,739,740,0,0,0,0,0,0,0
354,3,741,742,738,0,0,0,0,0,0,0
355,3,743,744,739,0,0,0,0,0,0,0
356,3,745,746,486,0,0,0,0,0,0,0
357,3,747,509,745,0,0,0,0,0,0,0
358,3,748,749,746,0,0,0,0,0,0,0
359,4,750,751,752,748,0,0,0,0,0,0
360,3,753,754,750,0,0,0,0,0,0,0
361,3,755,756,751,0,0,0,0,0,0,0
362,3,757,539,727,0,0,0,0,0,0,0
363,1,728,0,0,0,0,0,0,0,0,0
364,4,758,759,760,761,0,0,0,0,0,0
365,4,762,763,764,758,0,0,0,0,0,0
366,3,765,766,759,0,0,0,0,0,0,0
367,3,767,768,760,0,0,0,0,0,0,0
368,4,769,770,771,761,0,0,0,0,0,0
369,3,772,773,725,0,0,0,0,0,0,0
370,3,774,775,726,0,0,0,0,0,0,0
371,4,776,777,623,663,0,0,0,0,0,0
372,4,778,779,780,776,0,0,0,0,0,0
373,3,781,782,777,0,0,0,0,0,0,0
374,3,783,784,785,0,0,0,0,0,0,0
375,3,786,787,783,0,0,0,0,0,0,0
376,3,788,789,784,0,0,0,0,0,0,0
377,3,790,791,785,0,0,0,0,0,0,0
378,3,792,793,794,0,0,0,0,0,0,0
379,3,795,796,792,0,0,0,0,0,0,0
380,4,797,798,799,793,0,0,0,0,0,0
381,4,800,801,802,803,0,0,0,0,0,0
382,3,804,805,800,0,0,0,0,0,0,0
383,3,806,807,801,0,0,0,0,0,0,0
384,3,808,753,802,0,0,0,0,0,0,0
385,3,809,810,803,0,0,0,0,0,0,0
386,2,811,525,0,0,0,0,0,0,0,0
387,3,812,813,526,0,0,0,0,0,0,0
388,4,814,815,816,817,0,0,0,0,0,0
389,3,818,819,814,0,0,0,0,0,0,0
390,4,820,821,822,815,0,0,0,0,0,0
391,3,823,824,816,0,0,0,0,0,0,0
392,3,825,480,518,0,0,0,0,0,0,0
393,3,826,827,790,0,0,0,0,0,0,0
394,3,828,829,826,0,0,0,0,0,0,0
395,3,830,831,827,0,0,0,0,0,0,0
396,3,832,833,834,0,0,0,0,0,0,0
397,3,835,836,832,0,0,0,0,0,0,0
398,3,837,838,833,0,0,0,0,0,0,0
399,3,284,303,834,0,0,0,0,0,0,0
400,3,839,840,841,0,0,0,0,0,0,0
401,2,842,839,0,0,0,0,0,0,0,0
402,4,843,844,845,840,0,0,0,0,0,0
403,3,846,847,841,0,0,0,0,0,0,0
404,3,848,849,850,0,0,0,0,0,0,0
405,3,851,852,848,0,0,0,0,0,0,0
406,3,853,854,849,0,0,0,0,0,0,0
407,3,855,856,850,0,0,0,0,0,0,0
408,3,857,858,353,0,0,0,0,0,0,0
409,3,859,860,354,0,0,0,0,0,0,0
410,4,861,862,863,95,0,0,0,0,0,0
411,3,864,865,861,0,0,0,0,0,0,0
412,3,866,867,862,0,0,0,0,0,0,0
413,3,868,98,347,0,0,0,0,0,0,0
414,3,869,870,287,0,0,0,0,0,0,0
415,3,871,283,869,0,0,0,0,0,0,0
416,5,872,873,874,875,876,0,0,0,0,0
417,3,877,878,872,0,0,0,0,0,0,0
418,3,879,880,873,0,0,0,0,0,0,0
419,3,881,882,874,0,0,0,0,0,0,0
420,3,883,870,875,0,0,0,0,0,0,0
421,3,884,885,886,0,0,0,0,0,0,0
422,3,887,888,884,0,0,0,0,0,0,0
423,3,889,466,885,0,0,0,0,0,0,0
424,3,890,891,886,0,0,0,0,0,0,0
425,3,892,893,889,0,0,0,0,0,0,0
426,3,894,895,851,0,0,0,0,0,0,0
427,3,896,897,894,0,0,0,0,0,0,0
428,1,895,0,0,0,0,0,0,0,0,0
429,3,898,899,900,0,0,0,0,0,0,0
430,3,901,902,898,0,0,0,0,0,0,0
431,1,899,0,0,0,0,0,0,0,0,0
432,3,903,904,900,0,0,0,0,0,0,0
433,3,905,906,907,0,0,0,0,0,0,0
434,3,908,909,905,0,0,0,0,0,0,0
435,1,906,0,0,0,0,0,0,0,0,0
436,3,910,17,907,0,0,0,0,0,0,0
437,3,911,912,913,0,0,0,0,0,0,0
438,3,914,915,911,0,0,0,0,0,0,0
439,3,916,917,912,0,0,0,0,0,0,0
440,3,918,910,913,0,0,0,0,0,0,0
441,3,919,920,109,0,0,0,0,0,0,0
442,4,921,922,923,924,0,0,0,0,0,0
443,3,925,926,921,0,0,0,0,0,0,0
444,3,927,928,922,0,0,0,0,0,0,0
445,3,929,930,923,0,0,0,0,0,0,0
446,3,709,795,924,0,0,0,0,0,0,0
447,3,931,932,130,0,0,0,0,0,0,0
448,3,933,934,919,0,0,0,0,0,0,0
449,3,935,936,933,0,0,0,0,0,0,0
450,4,937,938,111,934,0,0,0,0,0,0
451,1,939,0,0,0,0,0,0,0,0,0
452,4,940,941,927,939,0,0,0,0,0,0
453,3,942,943,944,0,0,0,0,0,0,0
454,3,945,946,942,0,0,0,0,0,0,0
455,1,943,0,0,0,0,0,0,0,0,0
456,3,947,789,828,0,0,0,0,0,0,0
457,3,948,949,829,0,0,0,0,0,0,0
458,3,950,951,952,0,0,0,0,0,0,0
459,3,953,954,950,0,0,0,0,0,0,0
460,3,955,956,940,0,0,0,0,0,0,0
461,4,957,958,959,941,0,0,0,0,0,0
462,4,960,961,962,955,0,0,0,0,0,0
463,3,963,964,960,0,0,0,0,0,0,0
464,3,965,966,961,0,0,0,0,0,0,0
465,3,967,968,963,0,0,0,0,0,0,0
466,3,969,970,948,0,0,0,0,0,0,0
467,3,971,972,969,0,0,0,0,0,0,0
468,3,973,974,970,0,0,0,0,0,0,0
469,3,975,976,967,0,0,0,0,0,0,0
470,3,977,978,975,0,0,0,0,0,0,0
471,3,979,980,346,0,0,0,0,0,0,0
472,4,981,982,976,979,0,0,0,0,0,0
473,3,983,984,980,0,0,0,0,0,0,0
474,4,985,986,987,14,0,0,0,0,0,0
475,3,988,15,175,0,0,0,0,0,0,0
476,4,989,990,991,12,0,0,0,0,0,0
477,4,992,993,951,989,0,0,0,0,0,0
478,4,994,995,996,990,0,0,0,0,0,0
479,3,997,998,964,0,0,0,0,0,0,0
480,3,151,153,172,0,0,0,0,0,0,0
481,3,999,706,971,0,0,0,0,0,0,0
482,3,1000,1001,707,0,0,0,0,0,0,0
483,3,1002,1003,730,0,0,0,0,0,0,0
484,3,1004,670,1002,0,0,0,0,0,0,0
485,3,1005,650,1003,0,0,0,0,0,0,0
486,4,1006,1007,634,1004,0,0,0,0,0,0
487,3,1008,564,1007,0,0,0,0,0,0,0
488,3,1009,628,1008,0,0,0,0,0,0,0
489,3,1010,729,788,0,0,0,0,0,0,0
490,3,135,944,985,0,0,0,0,0,0,0
491,2,1011,56,0,0,0,0,0,0,0,0
492,3,1012,1013,465,0,0,0,0,0,0,0
493,3,1014,1015,467,0,0,0,0,0,0,0
494,4,1016,1017,1018,1019,0,0,0,0,0,0
495,3,1020,857,1016,0,0,0,0,0,0,0
496,3,1021,860,1017,0,0,0,0,0,0,0
497,3,1022,1023,1018,0,0,0,0,0,0,0
498,3,1024,1025,1020,0,0,0,0,0,0,0
499,3,1026,1027,1028,0,0,0,0,0,0,0
500,3,1029,1030,1026,0,0,0,0,0,0,0
501,1,1027,0,0,0,0,0,0,0,0,0
502,3,1031,278,1028,0,0,0,0,0,0,0
503,3,1032,1033,1034,0,0,0,0,0,0,0
504,3,1035,1036,1032,0,0,0,0,0,0,0
505,3,1037,708,1033,0,0,0,0,0,0,0
506,1,1034,0,0,0,0,0,0,0,0,0
507,3,1038,1039,390,0,0,0,0,0,0,0
508,3,1040,1041,391,0,0,0,0,0,0,0
509,3,1042,1043,1044,0,0,0,0,0,0,0
510,3,1045,1046,1042,0,0,0,0,0,0,0
511,3,1047,1048,1043,0,0,0,0,0,0,0
512,1,1044,0,0,0,0,0,0,0,0,0
513,3,566,1005,1006,0,0,0,0,0,0,0
514,3,1049,1050,820,0,0,0,0,0,0,0
515,3,1051,1052,821,0,0,0,0,0,0,0
516,3,1053,1054,1055,0,0,0,0,0,0,0
517,3,1056,1057,1053,0,0,0,0,0,0,0
518,3,1058,1059,1054,0,0,0,0,0,0,0
519,3,1060,1061,447,0,0,0,0,0,0,0
520,4,1062,1063,1064,1065,0,0,0,0,0,0
521,3,1066,1067,1062,0,0,0,0,0,0,0
522,4,1068,1069,394,1063,0,0,0,0,0,0
523,3,392,393,1064,0,0,0,0,0,0,0
524,4,1070,1071,797,1055,0,0,0,0,0,0
525,3,1072,798,1035,0,0,0,0,0,0,0
526,3,1073,1074,799,0,0,0,0,0,0,0
527,4,1075,1076,1077,402,0,0,0,0,0,0
528,3,1078,1079,1075,0,0,0,0,0,0,0
529,3,1080,1065,1076,0,0,0,0,0,0,0
530,3,1081,1082,633,0,0,0,0,0,0,0
531,3,1083,132,174,0,0,0,0,0,0,0
532,3,1084,150,1083,0,0,0,0,0,0,0
533,3,1085,1086,173,0,0,0,0,0,0,0
534,3,1087,1088,133,0,0,0,0,0,0,0
535,3,1089,1090,1091,0,0,0,0,0,0,0
536,3,1092,1093,1089,0,0,0,0,0,0,0
537,3,1094,1095,1090,0,0,0,0,0,0,0
538,1,1091,0,0,0,0,0,0,0,0,0
539,3,1096,179,1094,0,0,0,0,0,0,0
540,3,1097,1098,1096,0,0,0,0,0,0,0
541,4,1099,1100,196,1098,0,0,0,0,0,0
542,3,1101,1102,1099,0,0,0,0,0,0,0
543,3,1103,1104,1100,0,0,0,0,0,0,0
544,3,1105,1106,10,0,0,0,0,0,0,0
545,3,1107,1108,1105,0,0,0,0,0,0,0
546,4,1109,1110,988,1106,0,0,0,0,0,0
547,3,11,986,993,0,0,0,0,0,0,0
548,3,134,176,987,0,0,0,0,0,0,0
549,3,1111,1086,1107,0,0,0,0,0,0,0
550,4,1112,1113,214,1108,0,0,0,0,0,0
551,3,1114,9,16,0,0,0,0,0,0,0
552,4,1115,1116,1117,1114,0,0,0,0,0,0
553,3,148,1111,1112,0,0,0,0,0,0,0
554,4,1118,968,992,995,0,0,0,0,0,0
555,4,1119,1120,981,984,0,0,0,0,0,0
556,3,1121,345,982,0,0,0,0,0,0,0
557,1,1122,0,0,0,0,0,0,0,0,0
558,4,1123,1124,225,1122,0,0,0,0,0,0
559,4,1125,1126,1118,1120,0,0,0,0,0,0
560,3,177,1085,1109,0,0,0,0,0,0,0
561,3,1127,8,1117,0,0,0,0,0,0,0
562,3,1128,1129,1130,0,0,0,0,0,0,0
563,3,1131,1132,1128,0,0,0,0,0,0,0
564,3,1133,1134,1129,0,0,0,0,0,0,0
565,3,1135,1136,1130,0,0,0,0,0,0,0
566,1,1132,0,0,0,0,0,0,0,0,0
567,3,1137,1138,170,0,0,0,0,0,0,0
568,4,1139,1140,1141,1137,0,0,0,0,0,0
569,3,1142,1143,1138,0,0,0,0,0,0,0
570,2,1144,1142,0,0,0,0,0,0,0,0
571,2,1145,1144,0,0,0,0,0,0,0,0
572,3,1146,1147,1148,0,0,0,0,0,0,0
573,3,1149,1150,1146,0,0,0,0,0,0,0
574,3,1151,1103,1147,0,0,0,0,0,0,0
575,3,1152,1153,1148,0,0,0,0,0,0,0
576,3,1154,1155,223,0,0,0,0,0,0,0
577,3,1156,1157,224,0,0,0,0,0,0,0
578,3,1158,1159,1101,0,0,0,0,0,0,0
579,3,1160,1102,1149,0,0,0,0,0,0,0
580,4,1161,1162,1163,475,0,0,0,0,0,0
581,3,1164,221,1161,0,0,0,0,0,0,0
582,3,1165,1166,1162,0,0,0,0,0,0,0
583,3,1167,1163,1164,0,0,0,0,0,0,0
584,3,1168,1169,1154,0,0,0,0,0,0,0
585,3,1170,1171,1168,0,0,0,0,0,0,0
586,3,1172,1173,1169,0,0,0,0,0,0,0
587,3,1174,1175,1172,0,0,0,0,0,0,0
588,3,1176,1177,1174,0,0,0,0,0,0,0
589,3,1178,1179,1175,0,0,0,0,0,0,0
590,3,1180,1181,1170,0,0,0,0,0,0,0
591,3,1182,1183,1171,0,0,0,0,0,0,0
592,3,1184,1185,160,0,0,0,0,0,0,0
593,3,1186,1187,1184,0,0,0,0,0,0,0
594,3,1188,1189,1185,0,0,0,0,0,0,0
595,3,1190,159,184,0,0,0,0,0,0,0
596,3,1191,1192,1190,0,0,0,0,0,0,0
597,3,1193,1194,1191,0,0,0,0,0,0,0
598,3,1195,188,1192,0,0,0,0,0,0,0
599,3,1196,158,1194,0,0,0,0,0,0,0
600,3,1197,1198,1196,0,0,0,0,0,0,0
601,3,1199,1200,1197,0,0,0,0,0,0,0
602,3,1201,1202,1199,0,0,0,0,0,0,0
603,1,1200,0,0,0,0,0,0,0,0,0
604,3,1203,157,1202,0,0,0,0,0,0,0
605,1,1203,0,0,0,0,0,0,0,0,0
606,3,1204,55,1011,0,0,0,0,0,0,0
607,1,1205,0,0,0,0,0,0,0,0,0
608,2,1206,1205,0,0,0,0,0,0,0,0
609,2,1207,1208,0,0,0,0,0,0,0,0
610,3,1209,881,1207,0,0,0,0,0,0,0
611,2,1210,1208,0,0,0,0,0,0,0,0
612,1,48,0,0,0,0,0,0,0,0,0
613,2,1211,1212,0,0,0,0,0,0,0,0
614,3,1213,1214,1211,0,0,0,0,0,0,0
615,2,1215,1212,0,0,0,0,0,0,0,0
616,3,1216,882,883,0,0,0,0,0,0,0
617,2,35,1216,0,0,0,0,0,0,0,0
618,3,383,877,1209,0,0,0,0,0,0,0
619,3,1217,878,891,0,0,0,0,0,0,0
620,3,1218,1219,54,0,0,0,0,0,0,0
621,3,1015,1215,1218,0,0,0,0,0,0,0
622,3,1220,57,1219,0,0,0,0,0,0,0
623,3,1221,1222,1014,0,0,0,0,0,0,0
624,1,65,0,0,0,0,0,0,0,0,0
625,4,1223,64,1220,1221,0,0,0,0,0,0
626,3,1224,1225,1222,0,0,0,0,0,0,0
627,3,1226,1227,1223,0,0,0,0,0,0,0
628,3,1228,1229,1230,0,0,0,0,0,0,0
629,3,1231,1232,1228,0,0,0,0,0,0,0
630,3,1233,1234,1229,0,0,0,0,0,0,0
631,4,1235,1236,838,1230,0,0,0,0,0,0
632,3,1237,1238,1231,0,0,0,0,0,0,0
633,3,1239,1240,1237,0,0,0,0,0,0,0
634,3,1241,1242,1238,0,0,0,0,0,0,0
635,3,1243,1244,1245,0,0,0,0,0,0,0
636,3,1246,1247,1243,0,0,0,0,0,0,0
637,3,1248,1239,1244,0,0,0,0,0,0,0
638,3,1249,1250,1245,0,0,0,0,0,0,0
639,4,1251,1252,835,871,0,0,0,0,0,0
640,3,1253,1254,1251,0,0,0,0,0,0,0
641,3,1255,836,1252,0,0,0,0,0,0,0
642,3,1256,1257,1255,0,0,0,0,0,0,0
643,3,1258,1259,1224,0,0,0,0,0,0,0
644,3,76,88,1258,0,0,0,0,0,0,0
645,3,1260,888,1253,0,0,0,0,0,0,0
646,3,1261,880,1260,0,0,0,0,0,0,0
647,3,1262,1263,1264,0,0,0,0,0,0,0
648,3,1265,1266,1262,0,0,0,0,0,0,0
649,3,1267,1268,1263,0,0,0,0,0,0,0
650,3,1269,1270,1264,0,0,0,0,0,0,0
651,1,1271,0,0,0,0,0,0,0,0,0
652,4,1272,1273,1274,1271,0,0,0,0,0,0
653,3,1275,1276,1277,0,0,0,0,0,0,0
654,3,1278,1279,1275,0,0,0,0,0,0,0
655,4,1280,1012,1225,1276,0,0,0,0,0,0
656,3,1281,1282,1283,0,0,0,0,0,0,0
657,3,1284,1285,1281,0,0,0,0,0,0,0
658,3,1286,1287,1282,0,0,0,0,0,0,0
659,4,1288,1289,1290,1283,0,0,0,0,0,0
660,3,1291,1292,1241,0,0,0,0,0,0,0
661,1,1242,0,0,0,0,0,0,0,0,0
662,2,1268,1269,0,0,0,0,0,0,0,0
663,3,1293,1270,1289,0,0,0,0,0,0,0
664,4,1294,1295,1296,1272,0,0,0,0,0,0
665,3,1297,1298,1273,0,0,0,0,0,0,0
666,3,1299,1300,1274,0,0,0,0,0,0,0
667,1,1288,0,0,0,0,0,0,0,0,0
668,1,1290,0,0,0,0,0,0,0,0,0
669,3,1301,902,1297,0,0,0,0,0,0,0
670,1,1298,0,0,0,0,0,0,0,0,0
671,1,1301,0,0,0,0,0,0,0,0,0
672,2,1302,1293,0,0,0,0,0,0,0,0
673,3,1303,1304,855,0,0,0,0,0,0,0
674,3,1305,1306,856,0,0,0,0,0,0,0
675,3,1307,1308,1303,0,0,0,0,0,0,0
676,3,1309,1310,1307,0,0,0,0,0,0,0
677,1,1308,0,0,0,0,0,0,0,0,0
678,3,1311,1312,1310,0,0,0,0,0,0,0
679,3,1313,1131,1311,0,0,0,0,0,0,0
680,1,1312,0,0,0,0,0,0,0,0,0
681,3,1314,1315,1316,0,0,0,0,0,0,0
682,3,1317,1318,1314,0,0,0,0,0,0,0
683,3,1319,1320,1315,0,0,0,0,0,0,0
684,3,1321,1322,1316,0,0,0,0,0,0,0
685,3,1323,1324,1136,0,0,0,0,0,0,0
686,4,1325,1326,1327,1323,0,0,0,0,0,0
687,1,1324,0,0,0,0,0,0,0,0,0
688,1,1328,0,0,0,0,0,0,0,0,0
689,3,1329,1088,1328,0,0,0,0,0,0,0
690,3,1330,1331,957,0,0,0,0,0,0,0
691,3,1332,122,958,0,0,0,0,0,0,0
692,3,1333,1334,959,0,0,0,0,0,0,0
693,2,1335,1336,0,0,0,0,0,0,0,0
694,2,1337,1335,0,0,0,0,0,0,0,0
695,1,1336,0,0,0,0,0,0,0,0,0
696,2,1338,1337,0,0,0,0,0,0,0,0
697,3,1339,1340,1338,0,0,0,0,0,0,0
698,2,1341,1342,0,0,0,0,0,0,0,0
699,3,1343,1344,1341,0,0,0,0,0,0,0
700,3,1345,1346,1342,0,0,0,0,0,0,0
701,3,1347,1348,1349,0,0,0,0,0,0,0
702,3,1350,1340,1347,0,0,0,0,0,0,0
703,3,1351,1352,1348,0,0,0,0,0,0,0
704,3,1353,1354,1349,0,0,0,0,0,0,0
705,1,1350,0,0,0,0,0,0,0,0,0
706,3,1355,846,1344,0,0,0,0,0,0,0
707,3,1356,1357,847,0,0,0,0,0,0,0
708,2,1358,1359,0,0,0,0,0,0,0,0
709,3,1360,1361,1358,0,0,0,0,0,0,0
710,3,1362,1363,1359,0,0,0,0,0,0,0
711,3,1364,1365,1366,0,0,0,0,0,0,0
712,1,1364,0,0,0,0,0,0,0,0,0
713,3,1367,1368,1365,0,0,0,0,0,0,0
714,3,1369,1370,1366,0,0,0,0,0,0,0
715,3,429,1367,1369,0,0,0,0,0,0,0
716,3,421,430,1370,0,0,0,0,0,0,0
717,3,1371,1372,422,0,0,0,0,0,0,0
718,3,1373,1374,1371,0,0,0,0,0,0,0
719,1,1372,0,0,0,0,0,0,0,0,0
720,3,1375,1376,1373,0,0,0,0,0,0,0
721,3,1377,442,1375,0,0,0,0,0,0,0
722,3,1378,1379,1376,0,0,0,0,0,0,0
723,3,1380,1381,1377,0,0,0,0,0,0,0
724,3,1382,1383,441,0,0,0,0,0,0,0
725,3,1384,1385,1382,0,0,0,0,0,0,0
726,3,1386,1387,1383,0,0,0,0,0,0,0
727,3,1388,1389,1390,0,0,0,0,0,0,0
728,3,1391,1392,1388,0,0,0,0,0,0,0
729,3,1393,1394,1389,0,0,0,0,0,0,0
730,3,1395,1396,1390,0,0,0,0,0,0,0
731,3,1397,1398,1391,0,0,0,0,0,0,0
732,2,1399,1397,0,0,0,0,0,0,0,0
733,3,1400,1401,1398,0,0,0,0,0,0,0
734,2,1402,439,0,0,0,0,0,0,0,0
735,3,1403,1404,1402,0,0,0,0,0,0,0
736,3,1405,1392,1399,0,0,0,0,0,0,0
737,3,1406,110,113,0,0,0,0,0,0,0
738,3,1407,1408,114,0,0,0,0,0,0,0
739,3,1409,1410,1411,0,0,0,0,0,0,0
740,3,1412,1407,1409,0,0,0,0,0,0,0
741,3,1413,1414,1410,0,0,0,0,0,0,0
742,3,1415,1416,1411,0,0,0,0,0,0,0
743,4,1417,1418,1419,123,0,0,0,0,0,0
744,3,1420,1406,1417,0,0,0,0,0,0,0
745,3,1421,1422,1418,0,0,0,0,0,0,0
746,1,1419,0,0,0,0,0,0,0,0,0
747,3,1423,1424,1413,0,0,0,0,0,0,0
748,3,1425,1426,1423,0,0,0,0,0,0,0
749,4,1427,120,1421,1424,0,0,0,0,0,0
750,3,1428,1429,1427,0,0,0,0,0,0,0
751,3,1430,1431,1425,0,0,0,0,0,0,0
752,3,1432,1433,1430,0,0,0,0,0,0,0
753,3,1434,1435,1431,0,0,0,0,0,0,0
754,4,1436,1437,1438,1362,0,0,0,0,0,0
755,3,1439,1440,1363,0,0,0,0,0,0,0
756,3,1441,1442,1438,0,0,0,0,0,0,0
757,3,1443,1444,1441,0,0,0,0,0,0,0
758,1,1442,0,0,0,0,0,0,0,0,0
759,1,1436,0,0,0,0,0,0,0,0,0
760,3,1445,1446,1437,0,0,0,0,0,0,0
761,3,1447,1448,1445,0,0,0,0,0,0,0
762,3,1449,1360,1447,0,0,0,0,0,0,0
763,1,1448,0,0,0,0,0,0,0,0,0
764,3,1450,1451,1449,0,0,0,0,0,0,0
765,1,1450,0,0,0,0,0,0,0,0,0
766,3,1452,1453,1451,0,0,0,0,0,0,0
767,3,1454,1455,1452,0,0,0,0,0,0,0
768,3,1456,1457,1453,0,0,0,0,0,0,0
769,3,1458,1459,695,0,0,0,0,0,0,0
770,3,1460,1332,1333,0,0,0,0,0,0,0
771,3,1461,1462,1334,0,0,0,0,0,0,0
772,3,1463,1464,1460,0,0,0,0,0,0,0
773,3,1465,1466,1463,0,0,0,0,0,0,0
774,4,1467,121,1429,1464,0,0,0,0,0,0
775,3,1468,1469,794,0,0,0,0,0,0,0
776,3,1470,1471,1468,0,0,0,0,0,0,0
777,3,1472,1473,1469,0,0,0,0,0,0,0
778,3,1474,1475,1078,0,0,0,0,0,0,0
779,3,1476,1477,1474,0,0,0,0,0,0,0
780,3,1478,1479,1475,0,0,0,0,0,0,0
781,3,1480,813,1478,0,0,0,0,0,0,0
782,3,1481,1482,1480,0,0,0,0,0,0,0
783,3,1483,1484,1485,0,0,0,0,0,0,0
784,3,1486,1487,1483,0,0,0,0,0,0,0
785,3,1488,1489,1484,0,0,0,0,0,0,0
786,3,1490,473,1485,0,0,0,0,0,0,0
787,3,1491,1492,1488,0,0,0,0,0,0,0
788,3,1493,1494,1489,0,0,0,0,0,0,0
789,3,1495,1496,812,0,0,0,0,0,0,0
790,3,1497,677,1495,0,0,0,0,0,0,0
791,3,1498,1481,1496,0,0,0,0,0,0,0
792,3,1499,1491,1497,0,0,0,0,0,0,0
793,1,1500,0,0,0,0,0,0,0,0,0
794,2,1501,1500,0,0,0,0,0,0,0,0
795,4,1502,1503,1504,1501,0,0,0,0,0,0
796,3,1505,1506,1502,0,0,0,0,0,0,0
797,2,1507,1503,0,0,0,0,0,0,0,0
798,3,1508,1509,1504,0,0,0,0,0,0,0
799,3,1510,1511,1512,0,0,0,0,0,0,0
800,3,1513,1514,1510,0,0,0,0,0,0,0
801,3,1515,1516,1511,0,0,0,0,0,0,0
802,1,1512,0,0,0,0,0,0,0,0,0
803,3,1517,1518,1515,0,0,0,0,0,0,0
804,4,1519,1520,1521,1517,0,0,0,0,0,0
805,2,1522,1518,0,0,0,0,0,0,0,0
806,3,1523,363,1519,0,0,0,0,0,0,0
807,3,1524,1525,1520,0,0,0,0,0,0,0
808,3,1526,1527,1521,0,0,0,0,0,0,0
809,3,1528,1529,1530,0,0,0,0,0,0,0
810,3,1531,1532,1528,0,0,0,0,0,0,0
811,3,1533,1523,1529,0,0,0,0,0,0,0
812,3,1534,1526,1530,0,0,0,0,0,0,0
813,3,1535,1295,1299,0,0,0,0,0,0,0
814,3,1536,1537,1535,0,0,0,0,0,0,0
815,3,1538,1539,901,0,0,0,0,0,0,0
816,3,1540,859,868,0,0,0,0,0,0,0
817,3,1541,1542,1543,0,0,0,0,0,0,0
818,3,1544,887,1541,0,0,0,0,0,0,0
819,3,1545,903,1542,0,0,0,0,0,0,0
820,3,1546,1547,1543,0,0,0,0,0,0,0
821,3,1548,1549,1550,0,0,0,0,0,0,0
822,3,1551,72,1548,0,0,0,0,0,0,0
823,3,1552,79,1549,0,0,0,0,0,0,0
824,4,1553,1554,1550,1552,0,0,0,0,0,0
825,3,1555,63,73,0,0,0,0,0,0,0
826,3,892,1013,1277,0,0,0,0,0,0,0
827,4,1556,1557,893,1279,0,0,0,0,0,0
828,3,1558,90,1280,0,0,0,0,0,0,0
829,3,1559,1560,1558,0,0,0,0,0,0,0
830,3,1561,1562,1546,0,0,0,0,0,0,0
831,1,1547,0,0,0,0,0,0,0,0,0
832,3,1563,1564,1278,0,0,0,0,0,0,0
833,1,1556,0,0,0,0,0,0,0,0,0
834,3,1565,866,1557,0,0,0,0,0,0,0
835,4,863,1559,1563,1565,0,0,0,0,0,0
836,3,1566,1284,1292,0,0,0,0,0,0,0
837,3,1567,1568,1285,0,0,0,0,0,0,0
838,3,1569,853,1291,0,0,0,0,0,0,0
839,1,1300,0,0,0,0,0,0,0,0,0
840,3,74,352,858,0,0,0,0,0,0,0
841,3,1570,854,1233,0,0,0,0,0,0,0
842,3,1571,1572,865,0,0,0,0,0,0,0
843,3,1019,1025,1571,0,0,0,0,0,0,0
844,3,1573,1574,1572,0,0,0,0,0,0,0
845,3,1575,867,1573,0,0,0,0,0,0,0
846,3,1576,1022,1574,0,0,0,0,0,0,0
847,3,1577,1578,356,0,0,0,0,0,0,0
848,3,1579,1580,1576,0,0,0,0,0,0,0
849,3,1581,1582,996,0,0,0,0,0,0,0
850,3,1583,1584,1581,0,0,0,0,0,0,0
851,3,1585,1586,1536,0,0,0,0,0,0,0
852,3,1587,916,1585,0,0,0,0,0,0,0
853,3,1588,1589,1586,0,0,0,0,0,0,0
854,3,1590,1591,1588,0,0,0,0,0,0,0
855,3,1592,991,1590,0,0,0,0,0,0,0
856,3,1593,1594,1591,0,0,0,0,0,0,0
857,3,1595,914,1317,0,0,0,0,0,0,0
858,3,1596,1597,1318,0,0,0,0,0,0,0
859,3,1598,937,1121,0,0,0,0,0,0,0
860,4,1599,1600,1601,1598,0,0,0,0,0,0
861,3,1602,1319,1325,0,0,0,0,0,0,0
862,3,1603,1320,1597,0,0,0,0,0,0,0
863,1,938,0,0,0,0,0,0,0,0,0
864,4,1604,1605,1606,1602,0,0,0,0,0,0
865,4,1607,1608,1609,1123,0,0,0,0,0,0
866,3,1610,908,1607,0,0,0,0,0,0,0
867,3,1611,1596,1608,0,0,0,0,0,0,0
868,4,1612,1613,1614,1609,0,0,0,0,0,0
869,3,1603,1605,1613,0,0,0,0,0,0,0
870,3,1615,1616,1599,0,0,0,0,0,0,0
871,3,1617,935,1600,0,0,0,0,0,0,0
872,3,1618,1615,1617,0,0,0,0,0,0,0
873,3,1619,1620,1604,0,0,0,0,0,0,0
874,3,27,1606,1614,0,0,0,0,0,0,0
875,3,1621,1622,1612,0,0,0,0,0,0,0
876,1,1623,0,0,0,0,0,0,0,0,0
877,3,1624,1625,1623,0,0,0,0,0,0,0
878,3,1626,23,1621,0,0,0,0,0,0,0
879,3,1627,1408,1420,0,0,0,0,0,0,0
880,1,1627,0,0,0,0,0,0,0,0,0
881,3,1628,124,1618,0,0,0,0,0,0,0
882,3,1629,125,1330,0,0,0,0,0,0,0
883,3,1630,1631,126,0,0,0,0,0,0,0
884,3,1632,928,1462,0,0,0,0,0,0,0
885,3,1633,1634,1428,0,0,0,0,0,0,0
886,3,1635,1636,1467,0,0,0,0,0,0,0
887,3,1637,1638,1639,0,0,0,0,0,0,0
888,3,1640,1641,1637,0,0,0,0,0,0,0
889,3,1642,1643,1638,0,0,0,0,0,0,0
890,3,1644,1645,1639,0,0,0,0,0,0,0
891,3,1646,1647,1648,0,0,0,0,0,0,0
892,3,1649,1650,1646,0,0,0,0,0,0,0
893,3,1651,1652,1647,0,0,0,0,0,0,0
894,4,1653,668,1081,1648,0,0,0,0,0,0
895,3,1654,667,741,0,0,0,0,0,0,0
896,3,1655,1656,669,0,0,0,0,0,0,0
897,3,1657,1658,1640,0,0,0,0,0,0,0
898,3,1659,1660,1657,0,0,0,0,0,0,0
899,3,1661,1662,1658,0,0,0,0,0,0,0
900,3,1663,1664,1655,0,0,0,0,0,0,0
901,3,1665,831,1656,0,0,0,0,0,0,0
902,4,1666,1667,1643,1659,0,0,0,0,0,0
903,3,1668,1651,1666,0,0,0,0,0,0,0
904,3,1669,1670,1667,0,0,0,0,0,0,0
905,3,1671,1668,1669,0,0,0,0,0,0,0
906,3,1672,1673,1635,0,0,0,0,0,0,0
907,3,1674,1465,1672,0,0,0,0,0,0,0
908,3,1675,1676,1673,0,0,0,0,0,0,0
909,3,1677,1654,1663,0,0,0,0,0,0,0
910,3,796,1472,1674,0,0,0,0,0,0,0
911,3,1678,1679,1677,0,0,0,0,0,0,0
912,1,1680,0,0,0,0,0,0,0,0,0
913,3,740,824,1680,0,0,0,0,0,0,0
914,3,1681,395,1670,0,0,0,0,0,0,0
915,4,1682,1683,400,1080,0,0,0,0,0,0
916,3,1684,1685,1068,0,0,0,0,0,0,0
917,3,1686,1687,1069,0,0,0,0,0,0,0
918,3,1688,1689,1675,0,0,0,0,0,0,0
919,3,1690,409,1676,0,0,0,0,0,0,0
920,3,1691,1692,1688,0,0,0,0,0,0,0
921,3,1693,1694,1691,0,0,0,0,0,0,0
922,3,1695,1696,1692,0,0,0,0,0,0,0
923,3,1697,1698,1699,0,0,0,0,0,0,0
924,3,1700,1701,1697,0,0,0,0,0,0,0
925,3,1702,1703,1698,0,0,0,0,0,0,0
926,3,1704,1705,1700,0,0,0,0,0,0,0
927,1,1701,0,0,0,0,0,0,0,0,0
928,3,1706,1707,1702,0,0,0,0,0,0,0
929,3,1708,1040,1706,0,0,0,0,0,0,0
930,3,1709,1710,1707,0,0,0,0,0,0,0
931,1,1711,0,0,0,0,0,0,0,0,0
932,3,1712,1713,1711,0,0,0,0,0,0,0
933,3,1714,1715,1712,0,0,0,0,0,0,0
934,3,1716,1717,1713,0,0,0,0,0,0,0
935,3,1718,1719,1716,0,0,0,0,0,0,0
936,4,1720,1721,1066,1717,0,0,0,0,0,0
937,3,1722,1709,1718,0,0,0,0,0,0,0
938,4,1723,1724,1725,1719,0,0,0,0,0,0
939,3,1726,1727,1722,0,0,0,0,0,0,0
940,3,1728,762,1726,0,0,0,0,0,0,0
941,3,1729,1730,1727,0,0,0,0,0,0,0
942,3,1731,1732,1479,0,0,0,0,0,0,0
943,3,1733,1734,1682,0,0,0,0,0,0,0
944,3,1735,1736,1683,0,0,0,0,0,0,0
945,3,1737,1714,1735,0,0,0,0,0,0,0
946,3,1738,1739,1737,0,0,0,0,0,0,0
947,3,1740,1741,1715,0,0,0,0,0,0,0
948,3,1742,1743,1486,0,0,0,0,0,0,0
949,3,1744,1476,1742,0,0,0,0,0,0,0
950,3,1745,1731,1743,0,0,0,0,0,0,0
951,3,1746,1723,1740,0,0,0,0,0,0,0
952,3,1747,1748,1724,0,0,0,0,0,0,0
953,3,1749,1750,1725,0,0,0,0,0,0,0
954,3,1751,1752,1753,0,0,0,0,0,0,0
955,3,1754,769,1751,0,0,0,0,0,0,0
956,3,1755,1756,1752,0,0,0,0,0,0,0
957,3,1757,1758,1753,0,0,0,0,0,0,0
958,3,1759,579,1758,0,0,0,0,0,0,0
959,3,1760,1761,1759,0,0,0,0,0,0,0
960,1,1482,0,0,0,0,0,0,0,0,0
961,3,1762,1763,1749,0,0,0,0,0,0,0
962,3,1764,1765,1762,0,0,0,0,0,0,0
963,3,1766,1767,1763,0,0,0,0,0,0,0
964,3,1768,1769,765,0,0,0,0,0,0,0
965,3,1770,766,768,0,0,0,0,0,0,0
966,3,1771,1772,1768,0,0,0,0,0,0,0
967,3,1773,771,1769,0,0,0,0,0,0,0
968,3,1774,1775,471,0,0,0,0,0,0,0
969,3,1776,1777,1774,0,0,0,0,0,0,0
970,3,1778,1779,1775,0,0,0,0,0,0,0
971,3,1780,1781,1738,0,0,0,0,0,0,0
972,3,1782,1783,1780,0,0,0,0,0,0,0
973,3,1784,1778,1781,0,0,0,0,0,0,0
974,3,1785,1786,1787,0,0,0,0,0,0,0
975,3,1788,1789,1785,0,0,0,0,0,0,0
976,3,1790,1782,1786,0,0,0,0,0,0,0
977,3,1791,1766,1787,0,0,0,0,0,0,0
978,3,1792,1793,1794,0,0,0,0,0,0,0
979,3,1795,1796,1792,0,0,0,0,0,0,0
980,3,1797,1793,1796,0,0,0,0,0,0,0
981,3,1798,1799,1794,0,0,0,0,0,0,0
982,3,1800,1801,1802,0,0,0,0,0,0,0
983,3,1803,1804,1800,0,0,0,0,0,0,0
984,4,1805,1806,1807,1801,0,0,0,0,0,0
985,4,1808,716,1802,1805,0,0,0,0,0,0
986,3,1809,1810,1808,0,0,0,0,0,0,0
987,3,1811,1812,1806,0,0,0,0,0,0,0
988,3,1813,1814,1807,0,0,0,0,0,0,0
989,3,1815,1816,557,0,0,0,0,0,0,0
990,3,1817,1818,656,0,0,0,0,0,0,0
991,3,1819,1820,1817,0,0,0,0,0,0,0
992,3,1821,1822,1818,0,0,0,0,0,0,0
993,3,1823,1824,1798,0,0,0,0,0,0,0
994,3,1825,1815,1823,0,0,0,0,0,0,0
995,3,1826,558,1824,0,0,0,0,0,0,0
996,3,1827,1828,1829,0,0,0,0,0,0,0
997,3,1830,1819,1827,0,0,0,0,0,0,0
998,3,1831,1832,1828,0,0,0,0,0,0,0
999,4,1833,1834,778,1829,0,0,0,0,0,0
1000,3,1835,560,1831,0,0,0,0,0,0,0
1001,4,1836,1837,1832,1833,0,0,0,0,0,0
1002,4,1838,1839,1840,1826,0,0,0,0,0,0
1003,4,1841,1842,714,1813,0,0,0,0,0,0
1004,3,1843,1844,1841,0,0,0,0,0,0,0
1005,3,1845,481,1842,0,0,0,0,0,0,0
1006,3,1846,552,660,0,0,0,0,0,0,0
1007,3,1843,1844,1846,0,0,0,0,0,0,0
1008,3,1847,1848,779,0,0,0,0,0,0,0
1009,3,1849,780,1821,0,0,0,0,0,0,0
1010,3,1850,1834,1848,0,0,0,0,0,0,0
1011,3,1851,721,1836,0,0,0,0,0,0,0
1012,3,1852,499,1837,0,0,0,0,0,0,0
1013,3,1853,1854,722,0,0,0,0,0,0,0
1014,3,504,537,723,0,0,0,0,0,0,0
1015,3,1855,1856,1853,0,0,0,0,0,0,0
1016,4,1857,1858,1859,1854,0,0,0,0,0,0
1017,3,1860,699,1847,0,0,0,0,0,0,0
1018,3,1861,698,1860,0,0,0,0,0,0,0
1019,4,1862,1850,1852,1861,0,0,0,0,0,0
1020,1,1862,0,0,0,0,0,0,0,0,0
1021,3,1863,1864,503,0,0,0,0,0,0,0
1022,3,1865,1866,1653,0,0,0,0,0,0,0
1023,3,1867,1868,743,0,0,0,0,0,0,0
1024,3,1869,1671,1867,0,0,0,0,0,0,0
1025,3,1870,1871,1868,0,0,0,0,0,0,0
1026,3,131,965,1329,0,0,0,0,0,0,0
1027,3,1872,1873,1304,0,0,0,0,0,0,0
1028,1,1872,0,0,0,0,0,0,0,0,0
1029,3,1874,1875,1876,0,0,0,0,0,0,0
1030,1,1874,0,0,0,0,0,0,0,0,0
1031,1,1875,0,0,0,0,0,0,0,0,0
1032,3,1306,1321,1876,0,0,0,0,0,0,0
1033,1,1877,0,0,0,0,0,0,0,0,0
1034,3,1878,1305,1877,0,0,0,0,0,0,0
1035,4,896,1257,1322,1539,0,0,0,0,0,0
1036,1,1873,0,0,0,0,0,0,0,0,0
1037,3,1879,606,1045,0,0,0,0,0,0,0
1038,3,1880,1046,1879,0,0,0,0,0,0,0
1039,3,1881,1882,508,0,0,0,0,0,0,0
1040,3,1883,511,1049,0,0,0,0,0,0,0
1041,3,1884,1885,1050,0,0,0,0,0,0,0
1042,3,1886,1887,1704,0,0,0,0,0,0,0
1043,3,822,823,1886,0,0,0,0,0,0,0
1044,3,1888,1883,1887,0,0,0,0,0,0,0
1045,1,1721,0,0,0,0,0,0,0,0,0
1046,1,1708,0,0,0,0,0,0,0,0,0
1047,1,1067,0,0,0,0,0,0,0,0,0
1048,1,1720,0,0,0,0,0,0,0,0,0
1049,4,1889,1890,1891,1803,0,0,0,0,0,0
1050,3,1892,1893,1889,0,0,0,0,0,0,0
1051,3,1894,1895,1890,0,0,0,0,0,0,0
1052,3,1896,1788,1891,0,0,0,0,0,0,0
1053,3,1897,1898,1593,0,0,0,0,0,0,0
1054,3,1540,1579,1582,0,0,0,0,0,0,0
1055,3,1899,84,1024,0,0,0,0,0,0,0
1056,3,1900,92,1899,0,0,0,0,0,0,0
1057,4,93,94,864,1900,0,0,0,0,0,0
1058,3,1901,1902,1135,0,0,0,0,0,0,0
1059,1,1133,0,0,0,0,0,0,0,0,0
1060,4,1903,1904,1151,1901,0,0,0,0,0,0
1061,1,1903,0,0,0,0,0,0,0,0,0
1062,3,1905,1906,1904,0,0,0,0,0,0,0
1063,1,1156,0,0,0,0,0,0,0,0,0
1064,1,1157,0,0,0,0,0,0,0,0,0
1065,1,1155,0,0,0,0,0,0,0,0,0
1066,1,1180,0,0,0,0,0,0,0,0,0
1067,3,1907,1908,1181,0,0,0,0,0,0,0
1068,1,1176,0,0,0,0,0,0,0,0,0
1069,2,1909,1522,0,0,0,0,0,0,0,0
1070,3,1910,1911,1508,0,0,0,0,0,0,0
1071,2,1912,1509,0,0,0,0,0,0,0,0
1072,3,1913,1914,1505,0,0,0,0,0,0,0
1073,1,1913,0,0,0,0,0,0,0,0,0
1074,3,1506,1507,1914,0,0,0,0,0,0,0
1075,3,1915,1910,1911,0,0,0,0,0,0,0
1076,4,1916,1917,1524,1915,0,0,0,0,0,0
1077,3,1918,1919,1909,0,0,0,0,0,0,0
1078,1,1134,0,0,0,0,0,0,0,0,0
1079,3,1920,1921,1302,0,0,0,0,0,0,0
1080,3,1922,1923,1920,0,0,0,0,0,0,0
1081,3,1924,1925,1921,0,0,0,0,0,0,0
1082,1,1924,0,0,0,0,0,0,0,0,0
1083,3,1926,1927,1925,0,0,0,0,0,0,0
1084,3,1928,1929,1922,0,0,0,0,0,0,0
1085,3,1930,1931,1928,0,0,0,0,0,0,0
1086,1,1929,0,0,0,0,0,0,0,0,0
1087,3,1932,1926,1927,0,0,0,0,0,0,0
1088,2,1143,1932,0,0,0,0,0,0,0,0
1089,3,1933,1934,192,0,0,0,0,0,0,0
1090,1,193,0,0,0,0,0,0,0,0,0
1091,1,1935,0,0,0,0,0,0,0,0,0
1092,2,1936,1935,0,0,0,0,0,0,0,0
1093,2,1179,1936,0,0,0,0,0,0,0,0
1094,3,1937,1177,1183,0,0,0,0,0,0,0
1095,3,1938,1182,1186,0,0,0,0,0,0,0
1096,3,1939,1940,1937,0,0,0,0,0,0,0
1097,3,1941,1189,1938,0,0,0,0,0,0,0
1098,3,1942,1187,1941,0,0,0,0,0,0,0
1099,1,189,0,0,0,0,0,0,0,0,0
1100,3,1943,162,1188,0,0,0,0,0,0,0
1101,1,1195,0,0,0,0,0,0,0,0,0
1102,2,1944,1939,0,0,0,0,0,0,0,0
1103,3,1945,1946,1940,0,0,0,0,0,0,0
1104,2,1947,1944,0,0,0,0,0,0,0,0
1105,4,1948,1949,1950,1945,0,0,0,0,0,0
1106,3,1951,1952,1946,0,0,0,0,0,0,0
1107,3,1953,1954,1955,0,0,0,0,0,0,0
1108,3,1956,1957,1953,0,0,0,0,0,0,0
1109,3,1958,1949,1954,0,0,0,0,0,0,0
1110,1,1955,0,0,0,0,0,0,0,0,0
1111,1,1193,0,0,0,0,0,0,0,0,0
1112,1,1198,0,0,0,0,0,0,0,0,0
1113,3,1959,1948,1952,0,0,0,0,0,0,0
1114,1,1950,0,0,0,0,0,0,0,0,0
1115,1,1959,0,0,0,0,0,0,0,0,0
1116,3,1960,1961,589,0,0,0,0,0,0,0
1117,4,1962,1963,1964,541,0,0,0,0,0,0
1118,2,1965,542,0,0,0,0,0,0,0,0
1119,3,1966,1967,1968,0,0,0,0,0,0,0
1120,3,1969,1970,1966,0,0,0,0,0,0,0
1121,3,1971,1972,1967,0,0,0,0,0,0,0
1122,4,1973,1974,562,1968,0,0,0,0,0,0
1123,4,1975,1976,1977,1971,0,0,0,0,0,0
1124,4,1978,1972,1974,1976,0,0,0,0,0,0
1125,1,1979,0,0,0,0,0,0,0,0,0
1126,4,1980,1981,1982,1979,0,0,0,0,0,0
1127,2,1983,1978,0,0,0,0,0,0,0,0
1128,1,1981,0,0,0,0,0,0,0,0,0
1129,2,1984,1980,0,0,0,0,0,0,0,0
1130,1,1982,0,0,0,0,0,0,0,0,0
1131,1,1983,0,0,0,0,0,0,0,0,0
1132,3,1962,1965,1984,0,0,0,0,0,0,0
1133,3,1985,1986,49,0,0,0,0,0,0,0
1134,3,1987,1988,1339,0,0,0,0,0,0,0
1135,3,1989,1234,1570,0,0,0,0,0,0,0
1136,3,1990,1991,1992,0,0,0,0,0,0,0
1137,3,1993,1994,1990,0,0,0,0,0,0,0
1138,4,1995,1996,1989,1991,0,0,0,0,0,0
1139,3,837,1992,1994,0,0,0,0,0,0,0
1140,3,1997,1993,1995,0,0,0,0,0,0,0
1141,1,1235,0,0,0,0,0,0,0,0,0
1142,3,1998,1236,1996,0,0,0,0,0,0,0
1143,1,1997,0,0,0,0,0,0,0,0,0
1144,1,1232,0,0,0,0,0,0,0,0,0
1145,3,1999,1248,1566,0,0,0,0,0,0,0
1146,3,1249,1567,1999,0,0,0,0,0,0,0
1147,1,1287,0,0,0,0,0,0,0,0,0
1148,3,2000,2001,1265,0,0,0,0,0,0,0
1149,3,2002,1286,2000,0,0,0,0,0,0,0
1150,3,2003,2004,2001,0,0,0,0,0,0,0
1151,1,1568,0,0,0,0,0,0,0,0,0
1152,1,2005,0,0,0,0,0,0,0,0,0
1153,3,2006,2003,2005,0,0,0,0,0,0,0
1154,1,1616,0,0,0,0,0,0,0,0,0
1155,3,2007,1412,1415,0,0,0,0,0,0,0
1156,3,116,1416,2007,0,0,0,0,0,0,0
1157,4,2008,2009,1124,1610,0,0,0,0,0,0
1158,4,2010,1115,1116,2008,0,0,0,0,0,0
1159,3,2011,226,2009,0,0,0,0,0,0,0
1160,3,1127,2010,2011,0,0,0,0,0,0,0
1161,1,909,0,0,0,0,0,0,0,0,0
1162,1,1084,0,0,0,0,0,0,0,0,0
1163,3,2012,2013,298,0,0,0,0,0,0,0
1164,3,2014,2015,2012,0,0,0,0,0,0,0
1165,3,2016,305,2013,0,0,0,0,0,0,0
1166,4,2017,2018,2019,469,0,0,0,0,0,0
1167,3,2020,2021,2017,0,0,0,0,0,0,0
1168,3,2022,2023,2018,0,0,0,0,0,0,0
1169,3,2024,2025,2019,0,0,0,0,0,0,0
1170,4,2026,2027,276,2023,0,0,0,0,0,0
1171,3,2028,2029,2026,0,0,0,0,0,0,0
1172,1,2027,0,0,0,0,0,0,0,0,0
1173,3,2030,1396,2024,0,0,0,0,0,0,0
1174,3,2031,2025,2029,0,0,0,0,0,0,0
1175,1,275,0,0,0,0,0,0,0,0,0
1176,1,277,0,0,0,0,0,0,0,0,0
1177,3,2032,1393,2030,0,0,0,0,0,0,0
1178,3,2033,1395,2031,0,0,0,0,0,0,0
1179,1,2028,0,0,0,0,0,0,0,0,0
1180,3,2034,1384,2032,0,0,0,0,0,0,0
1181,3,2035,2020,2034,0,0,0,0,0,0,0
1182,3,2036,2037,270,0,0,0,0,0,0,0
1183,3,2038,2039,271,0,0,0,0,0,0,0
1184,1,272,0,0,0,0,0,0,0,0,0
1185,2,2040,2041,0,0,0,0,0,0,0,0
1186,3,2042,2043,2040,0,0,0,0,0,0,0
1187,2,2044,2041,0,0,0,0,0,0,0,0
1188,3,2036,2042,2044,0,0,0,0,0,0,0
1189,3,2045,2046,1897,0,0,0,0,0,0,0
1190,3,1583,1594,1898,0,0,0,0,0,0,0
1191,1,917,0,0,0,0,0,0,0,0,0
1192,2,2047,678,0,0,0,0,0,0,0,0
1193,1,2047,0,0,0,0,0,0,0,0,0
1194,3,2048,2049,198,0,0,0,0,0,0,0
1195,3,2050,2051,2048,0,0,0,0,0,0,0
1196,3,2052,2053,2049,0,0,0,0,0,0,0
1197,3,2054,2055,2050,0,0,0,0,0,0,0
1198,3,1644,2051,2052,0,0,0,0,0,0,0
1199,3,2056,973,1087,0,0,0,0,0,0,0
1200,3,2057,2058,974,0,0,0,0,0,0,0
1201,3,2059,925,2057,0,0,0,0,0,0,0
1202,3,2060,2061,2058,0,0,0,0,0,0,0
1203,4,2062,2063,2064,411,0,0,0,0,0,0
1204,3,2065,2066,412,0,0,0,0,0,0,0
1205,1,2062,0,0,0,0,0,0,0,0,0
1206,1,2064,0,0,0,0,0,0,0,0,0
1207,4,2067,2068,2063,2066,0,0,0,0,0,0
1208,3,2069,2070,2065,0,0,0,0,0,0,0
1209,1,2067,0,0,0,0,0,0,0,0,0
1210,4,2071,2072,2068,2070,0,0,0,0,0,0
1211,3,2073,2074,2069,0,0,0,0,0,0,0
1212,1,2071,0,0,0,0,0,0,0,0,0
1213,1,2072,0,0,0,0,0,0,0,0,0
1214,1,2074,0,0,0,0,0,0,0,0,0
1215,3,2075,1455,2073,0,0,0,0,0,0,0
1216,2,2076,2077,0,0,0,0,0,0,0,0
1217,3,2078,2079,2076,0,0,0,0,0,0,0
1218,3,2080,2081,2077,0,0,0,0,0,0,0
1219,3,431,2078,2080,0,0,0,0,0,0,0
1220,3,2082,2083,2079,0,0,0,0,0,0,0
1221,1,2082,0,0,0,0,0,0,0,0,0
1222,3,2084,2085,1693,0,0,0,0,0,0,0
1223,1,1694,0,0,0,0,0,0,0,0,0
1224,3,2086,2087,2084,0,0,0,0,0,0,0
1225,1,2085,0,0,0,0,0,0,0,0,0
1226,3,2088,2089,2086,0,0,0,0,0,0,0
1227,3,2090,1443,2088,0,0,0,0,0,0,0
1228,1,2089,0,0,0,0,0,0,0,0,0
1229,1,1446,0,0,0,0,0,0,0,0,0
1230,3,2091,463,1206,0,0,0,0,0,0,0
1231,1,464,0,0,0,0,0,0,0,0,0
1232,3,983,994,1125,0,0,0,0,0,0,0
1233,3,2092,583,2056,0,0,0,0,0,0,0
1234,3,2093,1077,1686,0,0,0,0,0,0,0
1235,1,2093,0,0,0,0,0,0,0,0,0
1236,3,2094,2095,1060,0,0,0,0,0,0,0
1237,3,2096,608,1061,0,0,0,0,0,0,0
1238,3,2097,2098,449,0,0,0,0,0,0,0
1239,3,2099,450,2097,0,0,0,0,0,0,0
1240,3,2100,2101,451,0,0,0,0,0,0,0
1241,3,2102,1038,1699,0,0,0,0,0,0,0
1242,3,2103,2104,1039,0,0,0,0,0,0,0
1243,3,389,1870,2103,0,0,0,0,0,0,0
1244,1,2104,0,0,0,0,0,0,0,0,0
1245,3,1051,1882,2098,0,0,0,0,0,0,0
1246,3,2105,1052,2099,0,0,0,0,0,0,0
1247,3,2106,817,2105,0,0,0,0,0,0,0
1248,3,408,1059,1470,0,0,0,0,0,0,0
1249,3,2107,2108,1070,0,0,0,0,0,0,0
1250,4,2109,2110,1471,2096,0,0,0,0,0,0
1251,2,2111,476,0,0,0,0,0,0,0,0
1252,3,2112,1744,2111,0,0,0,0,0,0,0
1253,3,1079,1477,2112,0,0,0,0,0,0,0
1254,3,2113,2114,140,0,0,0,0,0,0,0
1255,3,2115,2055,2113,0,0,0,0,0,0,0
1256,3,2116,2117,2115,0,0,0,0,0,0,0
1257,3,2118,1642,1660,0,0,0,0,0,0,0
1258,2,2119,252,0,0,0,0,0,0,0,0
1259,3,2120,2121,2119,0,0,0,0,0,0,0
1260,1,1414,0,0,0,0,0,0,0,0,0
1261,3,2122,2123,977,0,0,0,0,0,0,0
1262,1,978,0,0,0,0,0,0,0,0,0
1263,3,2124,2125,2122,0,0,0,0,0,0,0
1264,3,2126,2127,2123,0,0,0,0,0,0,0
1265,3,2128,2129,2124,0,0,0,0,0,0,0
1266,3,2125,2126,2127,0,0,0,0,0,0,0
1267,3,2130,1601,2128,0,0,0,0,0,0,0
1268,3,2131,2132,2130,0,0,0,0,0,0,0
1269,3,2133,1309,1327,0,0,0,0,0,0,0
1270,3,2134,1326,1906,0,0,0,0,0,0,0
1271,3,2135,1905,2134,0,0,0,0,0,0,0
1272,3,29,1092,2135,0,0,0,0,0,0,0
1273,3,2136,676,1492,0,0,0,0,0,0,0
1274,3,2137,2138,207,0,0,0,0,0,0,0
1275,1,208,0,0,0,0,0,0,0,0,0
1276,1,1710,0,0,0,0,0,0,0,0,0
1277,1,2022,0,0,0,0,0,0,0,0,0
1278,1,2139,0,0,0,0,0,0,0,0,0
1279,3,2140,2141,2139,0,0,0,0,0,0,0
1280,3,2142,2143,1294,0,0,0,0,0,0,0
1281,1,2142,0,0,0,0,0,0,0,0,0
1282,1,2143,0,0,0,0,0,0,0,0,0
1283,1,1296,0,0,0,0,0,0,0,0,0
1284,1,382,0,0,0,0,0,0,0,0,0
1285,1,1217,0,0,0,0,0,0,0,0,0
1286,3,2144,1254,1261,0,0,0,0,0,0,0
1287,3,2145,876,890,0,0,0,0,0,0,0
1288,1,2146,0,0,0,0,0,0,0,0,0
1289,1,-1,0,0,0,0,0,0,0,0,0
1290,3,2148,2149,704,0,0,0,0,0,0,0
1291,3,2150,1047,2148,0,0,0,0,0,0,0
1292,1,2149,0,0,0,0,0,0,0,0,0
1293,3,2151,438,1385,0,0,0,0,0,0,0
1294,1,2152,0,0,0,0,0,0,0,0,0
1295,4,2153,2154,1553,2152,0,0,0,0,0,0
1296,1,2153,0,0,0,0,0,0,0,0,0
1297,3,2155,2156,2154,0,0,0,0,0,0,0
1298,1,2157,0,0,0,0,0,0,0,0,0
1299,3,2158,2156,2157,0,0,0,0,0,0,0
1300,3,2159,2160,1554,0,0,0,0,0,0,0
1301,3,2161,78,2155,0,0,0,0,0,0,0
1302,1,2162,0,0,0,0,0,0,0,0,0
1303,3,2163,2158,2162,0,0,0,0,0,0,0
1304,3,2164,2161,2163,0,0,0,0,0,0,0
1305,1,2164,0,0,0,0,0,0,0,0,0
1306,3,343,358,1916,0,0,0,0,0,0,0
1307,3,2165,2166,1917,0,0,0,0,0,0,0
1308,1,1213,0,0,0,0,0,0,0,0,0
1309,3,62,1226,1259,0,0,0,0,0,0,0
1310,1,1227,0,0,0,0,0,0,0,0,0
1311,1,1210,0,0,0,0,0,0,0,0,0
1312,1,1555,0,0,0,0,0,0,0,0,0
1313,1,1204,0,0,0,0,0,0,0,0,0
1314,1,2147,0,0,0,0,0,0,0,0,0
1315,1,384,0,0,0,0,0,0,0,0,0
1316,1,2091,0,0,0,0,0,0,0,0,0
1317,1,1214,0,0,0,0,0,0,0,0,0
1318,2,2167,1527,0,0,0,0,0,0,0,0
1319,1,2168,0,0,0,0,0,0,0,0,0
1320,3,2169,167,2168,0,0,0,0,0,0,0
1321,3,2170,2171,169,0,0,0,0,0,0,0
1322,3,2172,2170,2171,0,0,0,0,0,0,0
1323,3,2173,168,1930,0,0,0,0,0,0,0
1324,1,2172,0,0,0,0,0,0,0,0,0
1325,1,2173,0,0,0,0,0,0,0,0,0
1326,1,171,0,0,0,0,0,0,0,0,0
1327,3,2174,2175,1139,0,0,0,0,0,0,0
1328,3,1141,2174,2175,0,0,0,0,0,0,0
1329,1,1140,0,0,0,0,0,0,0,0,0
1330,1,2176,0,0,0,0,0,0,0,0,0
1331,3,2177,2178,2176,0,0,0,0,0,0,0
1332,2,2179,2180,0,0,0,0,0,0,0,0
1333,3,2181,2178,2179,0,0,0,0,0,0,0
1334,3,2182,1267,2180,0,0,0,0,0,0,0
1335,2,2183,2181,0,0,0,0,0,0,0,0
1336,2,2184,2182,0,0,0,0,0,0,0,0
1337,3,2185,842,2177,0,0,0,0,0,0,0
1338,2,2183,2185,0,0,0,0,0,0,0,0
1339,1,2004,0,0,0,0,0,0,0,0,0
1340,1,1998,0,0,0,0,0,0,0,0,0
1341,1,2002,0,0,0,0,0,0,0,0,0
1342,1,2006,0,0,0,0,0,0,0,0,0
1343,3,2186,2187,844,0,0,0,0,0,0,0
1344,3,2188,2189,2186,0,0,0,0,0,0,0
1345,1,2187,0,0,0,0,0,0,0,0,0
1346,3,2190,2188,2189,0,0,0,0,0,0,0
1347,1,1569,0,0,0,0,0,0,0,0,0
1348,3,2191,2192,2193,0,0,0,0,0,0,0
1349,3,1266,2191,2192,0,0,0,0,0,0,0
1350,1,2193,0,0,0,0,0,0,0,0,0
1351,1,1250,0,0,0,0,0,0,0,0,0
1352,3,2194,1345,1351,0,0,0,0,0,0,0
1353,3,2195,1352,2194,0,0,0,0,0,0,0
1354,1,2195,0,0,0,0,0,0,0,0,0
1355,3,2196,2197,2190,0,0,0,0,0,0,0
1356,1,2196,0,0,0,0,0,0,0,0,0
1357,1,2197,0,0,0,0,0,0,0,0,0
1358,3,2198,2199,2014,0,0,0,0,0,0,0
1359,1,2198,0,0,0,0,0,0,0,0,0
1360,1,2199,0,0,0,0,0,0,0,0,0
1361,1,2015,0,0,0,0,0,0,0,0,0
1362,2,2200,2201,0,0,0,0,0,0,0,0
1363,2,1985,2200,0,0,0,0,0,0,0,0
1364,1,2201,0,0,0,0,0,0,0,0,0
1365,1,1987,0,0,0,0,0,0,0,0,0
1366,2,2202,1988,0,0,0,0,0,0,0,0
1367,1,1986,0,0,0,0,0,0,0,0,0
1368,1,1355,0,0,0,0,0,0,0,0,0
1369,1,1240,0,0,0,0,0,0,0,0,0
1370,3,2203,2204,299,0,0,0,0,0,0,0
1371,1,2203,0,0,0,0,0,0,0,0,0
1372,1,2204,0,0,0,0,0,0,0,0,0
1373,3,2205,2206,879,0,0,0,0,0,0,0
1374,1,2205,0,0,0,0,0,0,0,0,0
1375,1,2206,0,0,0,0,0,0,0,0,0
1376,1,1545,0,0,0,0,0,0,0,0,0
1377,3,2207,2208,2209,0,0,0,0,0,0,0
1378,3,2210,2211,2207,0,0,0,0,0,0,0
1379,1,2208,0,0,0,0,0,0,0,0,0
1380,1,2209,0,0,0,0,0,0,0,0,0
1381,3,2212,1357,2210,0,0,0,0,0,0,0
1382,1,2211,0,0,0,0,0,0,0,0,0
1383,1,1346,0,0,0,0,0,0,0,0,0
1384,1,1353,0,0,0,0,0,0,0,0,0
1385,1,1354,0,0,0,0,0,0,0,0,0
1386,1,2145,0,0,0,0,0,0,0,0,0
1387,1,2213,0,0,0,0,0,0,0,0,0
1388,3,2214,845,2213,0,0,0,0,0,0,0
1389,1,2214,0,0,0,0,0,0,0,0,0
1390,3,2215,2216,843,0,0,0,0,0,0,0
1391,1,2215,0,0,0,0,0,0,0,0,0
1392,3,2217,1246,2216,0,0,0,0,0,0,0
1393,1,2217,0,0,0,0,0,0,0,0,0
1394,3,2218,2219,1247,0,0,0,0,0,0,0
1395,1,2218,0,0,0,0,0,0,0,0,0
1396,1,2219,0,0,0,0,0,0,0,0,0
1397,1,2220,0,0,0,0,0,0,0,0,0
1398,4,2221,2222,1343,2220,0,0,0,0,0,0
1399,1,2221,0,0,0,0,0,0,0,0,0
1400,3,2223,2224,2222,0,0,0,0,0,0,0
1401,1,2223,0,0,0,0,0,0,0,0,0
1402,1,2224,0,0,0,0,0,0,0,0,0
1403,1,2212,0,0,0,0,0,0,0,0,0
1404,3,2225,2226,1356,0,0,0,0,0,0,0
1405,1,2225,0,0,0,0,0,0,0,0,0
1406,1,2226,0,0,0,0,0,0,0,0,0
1407,1,852,0,0,0,0,0,0,0,0,0
1408,1,1561,0,0,0,0,0,0,0,0,0
1409,1,1023,0,0,0,0,0,0,0,0,0
1410,1,2227,0,0,0,0,0,0,0,0,0
1411,3,2228,1560,2227,0,0,0,0,0,0,0
1412,1,2228,0,0,0,0,0,0,0,0,0
1413,1,91,0,0,0,0,0,0,0,0,0
1414,1,2229,0,0,0,0,0,0,0,0,0
1415,3,2230,2231,2229,0,0,0,0,0,0,0
1416,3,2232,2202,2230,0,0,0,0,0,0,0
1417,1,2231,0,0,0,0,0,0,0,0,0
1418,1,2232,0,0,0,0,0,0,0,0,0
1419,1,1562,0,0,0,0,0,0,0,0,0
1420,3,39,40,2016,0,0,0,0,0,0,0
1421,1,1538,0,0,0,0,0,0,0,0,0
1422,1,2144,0,0,0,0,0,0,0,0,0
1423,1,1551,0,0,0,0,0,0,0,0,0
1424,1,1544,0,0,0,0,0,0,0,0,0
1425,1,222,0,0,0,0,0,0,0,0,0
1426,3,2233,2234,2235,0,0,0,0,0,0,0
1427,1,2233,0,0,0,0,0,0,0,0,0
1428,3,2236,220,2234,0,0,0,0,0,0,0
1429,1,2235,0,0,0,0,0,0,0,0,0
1430,3,2237,219,1933,0,0,0,0,0,0,0
1431,1,1934,0,0,0,0,0,0,0,0,0
1432,1,2237,0,0,0,0,0,0,0,0,0
1433,1,2236,0,0,0,0,0,0,0,0,0
1434,1,1931,0,0,0,0,0,0,0,0,0
1435,3,2238,2239,1923,0,0,0,0,0,0,0
1436,1,2238,0,0,0,0,0,0,0,0,0
1437,1,2239,0,0,0,0,0,0,0,0,0
1438,1,2169,0,0,0,0,0,0,0,0,0
1439,3,2240,2241,931,0,0,0,0,0,0,0
1440,1,932,0,0,0,0,0,0,0,0,0
1441,1,918,0,0,0,0,0,0,0,0,0
1442,1,2131,0,0,0,0,0,0,0,0,0
1443,1,2132,0,0,0,0,0,0,0,0,0
1444,1,1113,0,0,0,0,0,0,0,0,0
1445,1,348,0,0,0,0,0,0,0,0,0
1446,3,2242,2243,1628,0,0,0,0,0,0,0
1447,1,2242,0,0,0,0,0,0,0,0,0
1448,3,2244,2245,2243,0,0,0,0,0,0,0
1449,1,2244,0,0,0,0,0,0,0,0,0
1450,1,2245,0,0,0,0,0,0,0,0,0
1451,1,920,0,0,0,0,0,0,0,0,0
1452,1,956,0,0,0,0,0,0,0,0,0
1453,3,2246,2247,966,0,0,0,0,0,0,0
1454,3,2248,2249,2246,0,0,0,0,0,0,0
1455,1,2247,0,0,0,0,0,0,0,0,0
1456,1,2250,0,0,0,0,0,0,0,0,0
1457,3,2251,2248,2250,0,0,0,0,0,0,0
1458,1,2252,0,0,0,0,0,0,0,0,0
1459,3,2253,953,2252,0,0,0,0,0,0,0
1460,3,2254,997,2253,0,0,0,0,0,0,0
1461,1,2129,0,0,0,0,0,0,0,0,0
1462,3,2255,2256,1592,0,0,0,0,0,0,0
1463,3,2257,2258,2259,0,0,0,0,0,0,0
1464,1,2257,0,0,0,0,0,0,0,0,0
1465,3,2260,2256,2258,0,0,0,0,0,0,0
1466,1,2259,0,0,0,0,0,0,0,0,0
1467,1,2255,0,0,0,0,0,0,0,0,0
1468,1,2260,0,0,0,0,0,0,0,0,0
1469,3,2261,998,2240,0,0,0,0,0,0,0
1470,1,2261,0,0,0,0,0,0,0,0,0
1471,3,2262,2263,952,0,0,0,0,0,0,0
1472,3,2264,2265,2262,0,0,0,0,0,0,0
1473,3,2266,2267,2264,0,0,0,0,0,0,0
1474,3,2268,954,2265,0,0,0,0,0,0,0
1475,3,2269,2263,2266,0,0,0,0,0,0,0
1476,3,945,2267,2269,0,0,0,0,0,0,0
1477,3,2270,2271,2268,0,0,0,0,0,0,0
1478,1,2270,0,0,0,0,0,0,0,0,0
1479,1,2271,0,0,0,0,0,0,0,0,0
1480,1,915,0,0,0,0,0,0,0,0,0
1481,3,2272,2273,2274,0,0,0,0,0,0,0
1482,1,2272,0,0,0,0,0,0,0,0,0
1483,3,2275,1595,2273,0,0,0,0,0,0,0
1484,1,2274,0,0,0,0,0,0,0,0,0
1485,1,2275,0,0,0,0,0,0,0,0,0
1486,1,1126,0,0,0,0,0,0,0,0,0
1487,3,2276,2277,1119,0,0,0,0,0,0,0
1488,3,2278,2279,2276,0,0,0,0,0,0,0
1489,1,2277,0,0,0,0,0,0,0,0,0
1490,1,2278,0,0,0,0,0,0,0,0,0
1491,1,2279,0,0,0,0,0,0,0,0,0
1492,1,2241,0,0,0,0,0,0,0,0,0
1493,1,2254,0,0,0,0,0,0,0,0,0
1494,1,936,0,0,0,0,0,0,0,0,0
1495,3,2280,2281,1110,0,0,0,0,0,0,0
1496,1,2280,0,0,0,0,0,0,0,0,0
1497,3,2282,2283,2281,0,0,0,0,0,0,0
1498,1,2282,0,0,0,0,0,0,0,0,0
1499,1,2283,0,0,0,0,0,0,0,0,0
1500,1,946,0,0,0,0,0,0,0,0,0
1501,3,2284,2285,2286,0,0,0,0,0,0,0
1502,1,2284,0,0,0,0,0,0,0,0,0
1503,3,2287,2288,2285,0,0,0,0,0,0,0
1504,1,2286,0,0,0,0,0,0,0,0,0
1505,3,2289,2290,2287,0,0,0,0,0,0,0
1506,3,2291,2292,1630,0,0,0,0,0,0,0
1507,1,1631,0,0,0,0,0,0,0,0,0
1508,3,2293,2294,2291,0,0,0,0,0,0,0
1509,1,2292,0,0,0,0,0,0,0,0,0
1510,3,2295,2288,2293,0,0,0,0,0,0,0
1511,1,2294,0,0,0,0,0,0,0,0,0
1512,3,2296,2290,2295,0,0,0,0,0,0,0
1513,1,2296,0,0,0,0,0,0,0,0,0
1514,3,2297,962,2289,0,0,0,0,0,0,0
1515,1,2297,0,0,0,0,0,0,0,0,0
1516,3,2298,2249,2251,0,0,0,0,0,0,0
1517,1,2298,0,0,0,0,0,0,0,0,0
1518,1,1493,0,0,0,0,0,0,0,0,0
1519,1,1494,0,0,0,0,0,0,0,0,0
1520,1,2299,0,0,0,0,0,0,0,0,0
1521,3,2300,1499,2299,0,0,0,0,0,0,0
1522,1,2300,0,0,0,0,0,0,0,0,0
1523,1,1498,0,0,0,0,0,0,0,0,0
1524,1,1958,0,0,0,0,0,0,0,0,0
1525,3,2301,2302,1777,0,0,0,0,0,0,0
1526,3,2303,2304,2301,0,0,0,0,0,0,0
1527,1,2302,0,0,0,0,0,0,0,0,0
1528,1,2303,0,0,0,0,0,0,0,0,0
1529,3,1733,1776,2304,0,0,0,0,0,0,0
1530,1,1734,0,0,0,0,0,0,0,0,0
1531,3,2305,2306,2053,0,0,0,0,0,0,0
1532,1,2054,0,0,0,0,0,0,0,0,0
1533,1,1201,0,0,0,0,0,0,0,0,0
1534,1,1645,0,0,0,0,0,0,0,0,0
1535,3,2307,186,2305,0,0,0,0,0,0,0
1536,1,2307,0,0,0,0,0,0,0,0,0
1537,1,187,0,0,0,0,0,0,0,0,0
1538,3,2308,161,1956,0,0,0,0,0,0,0
1539,1,1957,0,0,0,0,0,0,0,0,0
1540,1,2116,0,0,0,0,0,0,0,0,0
1541,1,2117,0,0,0,0,0,0,0,0,0
1542,3,2309,2310,1907,0,0,0,0,0,0,0
1543,1,1908,0,0,0,0,0,0,0,0,0
1544,1,185,0,0,0,0,0,0,0,0,0
1545,1,1943,0,0,0,0,0,0,0,0,0
1546,3,2311,1487,1490,0,0,0,0,0,0,0
1547,1,2311,0,0,0,0,0,0,0,0,0
1548,1,2308,0,0,0,0,0,0,0,0,0
1549,1,1942,0,0,0,0,0,0,0,0,0
1550,1,1732,0,0,0,0,0,0,0,0,0
1551,1,1745,0,0,0,0,0,0,0,0,0
1552,1,401,0,0,0,0,0,0,0,0,0
1553,1,403,0,0,0,0,0,0,0,0,0
1554,1,1145,0,0,0,0,0,0,0,0,0
1555,1,2312,0,0,0,0,0,0,0,0,0
1556,3,2313,2314,2312,0,0,0,0,0,0,0
1557,1,2313,0,0,0,0,0,0,0,0,0
1558,3,2315,1167,2314,0,0,0,0,0,0,0
1559,1,2309,0,0,0,0,0,0,0,0,0
1560,3,2316,2310,2315,0,0,0,0,0,0,0
1561,1,1912,0,0,0,0,0,0,0,0,0
1562,1,1426,0,0,0,0,0,0,0,0,0
1563,3,2317,2318,1432,0,0,0,0,0,0,0
1564,1,2317,0,0,0,0,0,0,0,0,0
1565,3,2319,1633,2318,0,0,0,0,0,0,0
1566,1,1433,0,0,0,0,0,0,0,0,0
1567,3,2320,1434,1439,0,0,0,0,0,0,0
1568,3,2321,2322,1435,0,0,0,0,0,0,0
1569,1,2321,0,0,0,0,0,0,0,0,0
1570,1,2322,0,0,0,0,0,0,0,0,0
1571,1,1440,0,0,0,0,0,0,0,0,0
1572,3,2323,2324,2320,0,0,0,0,0,0,0
1573,3,2325,2323,2324,0,0,0,0,0,0,0
1574,1,2325,0,0,0,0,0,0,0,0,0
1575,2,2326,362,0,0,0,0,0,0,0,0
1576,1,2326,0,0,0,0,0,0,0,0,0
1577,1,2167,0,0,0,0,0,0,0,0,0
1578,3,2327,1513,1918,0,0,0,0,0,0,0
1579,1,1514,0,0,0,0,0,0,0,0,0
1580,1,1919,0,0,0,0,0,0,0,0,0
1581,1,2328,0,0,0,0,0,0,0,0,0
1582,3,2329,1516,2328,0,0,0,0,0,0,0
1583,1,1534,0,0,0,0,0,0,0,0,0
1584,1,1533,0,0,0,0,0,0,0,0,0
1585,3,365,1531,1532,0,0,0,0,0,0,0
1586,3,2330,2331,2165,0,0,0,0,0,0,0
1587,1,2330,0,0,0,0,0,0,0,0,0
1588,1,2331,0,0,0,0,0,0,0,0,0
1589,1,2332,0,0,0,0,0,0,0,0,0
1590,4,2333,2334,2335,2332,0,0,0,0,0,0
1591,1,2327,0,0,0,0,0,0,0,0,0
1592,2,2336,2334,0,0,0,0,0,0,0,0
1593,3,2337,2333,2336,0,0,0,0,0,0,0
1594,3,2338,2339,2337,0,0,0,0,0,0,0
1595,3,2340,2341,2335,0,0,0,0,0,0,0
1596,1,2340,0,0,0,0,0,0,0,0,0
1597,1,2341,0,0,0,0,0,0,0,0,0
1598,1,1589,0,0,0,0,0,0,0,0,0
1599,1,2342,0,0,0,0,0,0,0,0,0
1600,3,2343,1537,2342,0,0,0,0,0,0,0
1601,1,2343,0,0,0,0,0,0,0,0,0
1602,1,1587,0,0,0,0,0,0,0,0,0
1603,1,2344,0,0,0,0,0,0,0,0,0
1604,3,2345,904,2344,0,0,0,0,0,0,0
1605,3,2346,2347,2345,0,0,0,0,0,0,0
1606,1,2346,0,0,0,0,0,0,0,0,0
1607,1,2347,0,0,0,0,0,0,0,0,0
1608,3,2348,1575,2046,0,0,0,0,0,0,0
1609,1,2348,0,0,0,0,0,0,0,0,0
1610,1,1313,0,0,0,0,0,0,0,0,0
1611,1,1564,0,0,0,0,0,0,0,0,0
1612,3,2349,2350,2045,0,0,0,0,0,0,0
1613,1,2349,0,0,0,0,0,0,0,0,0
1614,1,2350,0,0,0,0,0,0,0,0,0
1615,3,2351,2352,1625,0,0,0,0,0,0,0
1616,1,2351,0,0,0,0,0,0,0,0,0
1617,3,2353,28,2352,0,0,0,0,0,0,0
1618,1,2353,0,0,0,0,0,0,0,0,0
1619,3,2354,1619,1624,0,0,0,0,0,0,0
1620,3,2355,2356,2357,0,0,0,0,0,0,0
1621,1,2355,0,0,0,0,0,0,0,0,0
1622,3,2358,2359,2356,0,0,0,0,0,0,0
1623,3,2360,2361,2357,0,0,0,0,0,0,0
1624,1,2358,0,0,0,0,0,0,0,0,0
1625,1,2359,0,0,0,0,0,0,0,0,0
1626,3,2362,972,2361,0,0,0,0,0,0,0
1627,1,2363,0,0,0,0,0,0,0,0,0
1628,3,2364,144,2363,0,0,0,0,0,0,0
1629,1,2364,0,0,0,0,0,0,0,0,0
1630,1,1256,0,0,0,0,0,0,0,0,0
1631,3,2365,2366,897,0,0,0,0,0,0,0
1632,1,2365,0,0,0,0,0,0,0,0,0
1633,1,2366,0,0,0,0,0,0,0,0,0
1634,1,671,0,0,0,0,0,0,0,0,0
1635,3,2367,2368,1611,0,0,0,0,0,0,0
1636,1,2367,0,0,0,0,0,0,0,0,0
1637,1,2368,0,0,0,0,0,0,0,0,0
1638,1,1622,0,0,0,0,0,0,0,0,0
1639,1,1626,0,0,0,0,0,0,0,0,0
1640,3,2369,586,947,0,0,0,0,0,0,0
1641,1,587,0,0,0,0,0,0,0,0,0
1642,3,2370,1010,2369,0,0,0,0,0,0,0
1643,1,2370,0,0,0,0,0,0,0,0,0
1644,1,926,0,0,0,0,0,0,0,0,0
1645,1,2360,0,0,0,0,0,0,0,0,0
1646,1,2362,0,0,0,0,0,0,0,0,0
1647,1,999,0,0,0,0,0,0,0,0,0
1648,3,2371,929,1000,0,0,0,0,0,0,0
1649,1,2371,0,0,0,0,0,0,0,0,0
1650,3,2372,2373,1001,0,0,0,0,0,0,0
1651,1,2372,0,0,0,0,0,0,0,0,0
1652,3,2374,2375,2373,0,0,0,0,0,0,0
1653,1,2374,0,0,0,0,0,0,0,0,0
1654,3,2376,2061,2375,0,0,0,0,0,0,0
1655,1,2376,0,0,0,0,0,0,0,0,0
1656,3,2377,2059,2060,0,0,0,0,0,0,0
1657,1,2377,0,0,0,0,0,0,0,0,0
1658,3,2378,2379,2092,0,0,0,0,0,0,0
1659,1,2378,0,0,0,0,0,0,0,0,0
1660,1,2379,0,0,0,0,0,0,0,0,0
1661,1,1584,0,0,0,0,0,0,0,0,0
1662,3,2380,2381,651,0,0,0,0,0,0,0
1663,1,2380,0,0,0,0,0,0,0,0,0
1664,1,2381,0,0,0,0,0,0,0,0,0
1665,3,2382,2383,2306,0,0,0,0,0,0,0
1666,1,2382,0,0,0,0,0,0,0,0,0
1667,1,2383,0,0,0,0,0,0,0,0,0
1668,1,1095,0,0,0,0,0,0,0,0,0
1669,1,2133,0,0,0,0,0,0,0,0,0
1670,1,30,0,0,0,0,0,0,0,0,0
1671,1,2384,0,0,0,0,0,0,0,0,0
1672,3,1158,1165,2384,0,0,0,0,0,0,0
1673,1,1159,0,0,0,0,0,0,0,0,0
1674,3,2385,2386,2387,0,0,0,0,0,0,0
1675,1,2385,0,0,0,0,0,0,0,0,0
1676,3,2388,1160,2386,0,0,0,0,0,0,0
1677,1,2387,0,0,0,0,0,0,0,0,0
1678,1,2388,0,0,0,0,0,0,0,0,0
1679,3,2389,1104,1153,0,0,0,0,0,0,0
1680,1,2389,0,0,0,0,0,0,0,0,0
1681,1,1152,0,0,0,0,0,0,0,0,0
1682,1,1902,0,0,0,0,0,0,0,0,0
1683,1,2114,0,0,0,0,0,0,0,0,0
1684,1,2390,0,0,0,0,0,0,0,0,0
1685,3,2391,1166,2390,0,0,0,0,0,0,0
1686,1,2391,0,0,0,0,0,0,0,0,0
1687,1,2392,0,0,0,0,0,0,0,0,0
1688,3,2393,1150,2392,0,0,0,0,0,0,0
1689,1,2393,0,0,0,0,0,0,0,0,0
1690,1,1620,0,0,0,0,0,0,0,0,0
1691,1,1878,0,0,0,0,0,0,0,0,0
1692,1,22,0,0,0,0,0,0,0,0,0
1693,3,2394,2395,1093,0,0,0,0,0,0,0
1694,1,2394,0,0,0,0,0,0,0,0,0
1695,1,2395,0,0,0,0,0,0,0,0,0
1696,1,1097,0,0,0,0,0,0,0,0,0
1697,1,2396,0,0,0,0,0,0,0,0,0
1698,3,2397,2354,2396,0,0,0,0,0,0,0
1699,1,2397,0,0,0,0,0,0,0,0,0
1700,1,2398,0,0,0,0,0,0,0,0,0
1701,3,2399,2400,2398,0,0,0,0,0,0,0
1702,1,2401,0,0,0,0,0,0,0,0,0
1703,2,2402,2401,0,0,0,0,0,0,0,0
1704,3,2403,2184,2399,0,0,0,0,0,0,0
1705,3,2400,2402,2403,0,0,0,0,0,0,0
1706,1,89,0,0,0,0,0,0,0,0,0
1707,1,2316,0,0,0,0,0,0,0,0,0
1708,1,1178,0,0,0,0,0,0,0,0,0
1709,1,1173,0,0,0,0,0,0,0,0,0
1710,1,1947,0,0,0,0,0,0,0,0,0
1711,1,1951,0,0,0,0,0,0,0,0,0
1712,3,2404,2405,2406,0,0,0,0,0,0,0
1713,3,2407,2408,2404,0,0,0,0,0,0,0
1714,3,2409,2410,2405,0,0,0,0,0,0,0
1715,3,2411,229,264,0,0,0,0,0,0,0
1716,3,2412,2413,2411,0,0,0,0,0,0,0
1717,3,2414,2415,251,0,0,0,0,0,0,0
1718,3,2416,2417,235,0,0,0,0,0,0,0
1719,1,258,0,0,0,0,0,0,0,0,0
1720,3,2418,2419,259,0,0,0,0,0,0,0
1721,3,2420,2421,260,0,0,0,0,0,0,0
1722,3,1525,2166,2329,0,0,0,0,0,0,0
1723,1,1381,0,0,0,0,0,0,0,0,0
1724,1,1380,0,0,0,0,0,0,0,0,0
1725,3,2422,1378,1379,0,0,0,0,0,0,0
1726,1,2422,0,0,0,0,0,0,0,0,0
1727,1,1374,0,0,0,0,0,0,0,0,0
1728,2,2423,2424,0,0,0,0,0,0,0,0
1729,3,2425,417,2423,0,0,0,0,0,0,0
1730,2,2426,2424,0,0,0,0,0,0,0,0
1731,3,2427,440,2426,0,0,0,0,0,0,0
1732,2,2428,2427,0,0,0,0,0,0,0,0
1733,1,2428,0,0,0,0,0,0,0,0,0
1734,3,2429,2430,2425,0,0,0,0,0,0,0
1735,3,2431,2432,2429,0,0,0,0,0,0,0
1736,3,2433,2430,2432,0,0,0,0,0,0,0
1737,1,2431,0,0,0,0,0,0,0,0,0
1738,3,2434,2435,2433,0,0,0,0,0,0,0
1739,1,2434,0,0,0,0,0,0,0,0,0
1740,4,2436,2437,425,2435,0,0,0,0,0,0
1741,3,2438,2439,2437,0,0,0,0,0,0,0
1742,1,2438,0,0,0,0,0,0,0,0,0
1743,3,2440,2441,2439,0,0,0,0,0,0,0
1744,3,2442,2443,2436,0,0,0,0,0,0,0
1745,1,2442,0,0,0,0,0,0,0,0,0
1746,3,2444,2440,2443,0,0,0,0,0,0,0
1747,1,2444,0,0,0,0,0,0,0,0,0
1748,1,2441,0,0,0,0,0,0,0,0,0
1749,1,687,0,0,0,0,0,0,0,0,0
1750,3,2445,2446,686,0,0,0,0,0,0,0
1751,3,2447,2448,2445,0,0,0,0,0,0,0
1752,1,2446,0,0,0,0,0,0,0,0,0
1753,1,432,0,0,0,0,0,0,0,0,0
1754,1,2449,0,0,0,0,0,0,0,0,0
1755,3,2450,2451,2449,0,0,0,0,0,0,0
1756,3,2452,2121,2450,0,0,0,0,0,0,0
1757,1,2452,0,0,0,0,0,0,0,0,0
1758,3,2453,1454,2120,0,0,0,0,0,0,0
1759,1,2451,0,0,0,0,0,0,0,0,0
1760,3,2454,2455,1361,0,0,0,0,0,0,0
1761,1,2455,0,0,0,0,0,0,0,0,0
1762,1,2454,0,0,0,0,0,0,0,0,0
1763,1,1444,0,0,0,0,0,0,0,0,0
1764,3,2456,2457,2458,0,0,0,0,0,0,0
1765,1,2456,0,0,0,0,0,0,0,0,0
1766,3,2459,2460,2457,0,0,0,0,0,0,0
1767,3,2461,2420,2458,0,0,0,0,0,0,0
1768,1,2459,0,0,0,0,0,0,0,0,0
1769,1,2460,0,0,0,0,0,0,0,0,0
1770,3,2462,2463,2461,0,0,0,0,0,0,0
1771,1,2421,0,0,0,0,0,0,0,0,0
1772,3,2464,2465,2466,0,0,0,0,0,0,0
1773,3,2467,2468,2464,0,0,0,0,0,0,0
1774,1,2465,0,0,0,0,0,0,0,0,0
1775,1,2075,0,0,0,0,0,0,0,0,0
1776,1,2453,0,0,0,0,0,0,0,0,0
1777,1,1456,0,0,0,0,0,0,0,0,0
1778,1,1457,0,0,0,0,0,0,0,0,0
1779,2,2469,2470,0,0,0,0,0,0,0,0
1780,3,2471,2083,2469,0,0,0,0,0,0,0
1781,1,2470,0,0,0,0,0,0,0,0,0
1782,3,2472,433,2471,0,0,0,0,0,0,0
1783,3,2473,2474,434,0,0,0,0,0,0,0
1784,1,2473,0,0,0,0,0,0,0,0,0
1785,1,2474,0,0,0,0,0,0,0,0,0
1786,3,2406,2462,2463,0,0,0,0,0,0,0
1787,3,2475,2476,2477,0,0,0,0,0,0,0
1788,3,2478,2479,2475,0,0,0,0,0,0,0
1789,1,2476,0,0,0,0,0,0,0,0,0
1790,3,2480,2481,2407,0,0,0,0,0,0,0
1791,3,2482,804,2480,0,0,0,0,0,0,0
1792,1,2481,0,0,0,0,0,0,0,0,0
1793,3,2483,2484,2408,0,0,0,0,0,0,0
1794,3,2485,2486,2483,0,0,0,0,0,0,0
1795,1,2484,0,0,0,0,0,0,0,0,0
1796,1,2485,0,0,0,0,0,0,0,0,0
1797,1,2486,0,0,0,0,0,0,0,0,0
1798,3,2487,736,1458,0,0,0,0,0,0,0
1799,1,1459,0,0,0,0,0,0,0,0,0
1800,1,737,0,0,0,0,0,0,0,0,0
1801,3,2488,2489,2487,0,0,0,0,0,0,0
1802,1,2488,0,0,0,0,0,0,0,0,0
1803,3,2490,2491,2489,0,0,0,0,0,0,0
1804,1,2490,0,0,0,0,0,0,0,0,0
1805,1,2491,0,0,0,0,0,0,0,0,0
1806,3,2492,2493,2415,0,0,0,0,0,0,0
1807,1,2492,0,0,0,0,0,0,0,0,0
1808,1,2493,0,0,0,0,0,0,0,0,0
1809,3,2494,2414,2466,0,0,0,0,0,0,0
1810,1,2494,0,0,0,0,0,0,0,0,0
1811,3,2495,2496,2081,0,0,0,0,0,0,0
1812,1,2495,0,0,0,0,0,0,0,0,0
1813,3,2497,253,2496,0,0,0,0,0,0,0
1814,1,2497,0,0,0,0,0,0,0,0,0
1815,1,246,0,0,0,0,0,0,0,0,0
1816,1,241,0,0,0,0,0,0,0,0,0
1817,1,692,0,0,0,0,0,0,0,0,0
1818,3,2498,2499,691,0,0,0,0,0,0,0
1819,1,2500,0,0,0,0,0,0,0,0,0
1820,3,2501,2502,2500,0,0,0,0,0,0,0
1821,3,2503,2504,2501,0,0,0,0,0,0,0
1822,1,2505,0,0,0,0,0,0,0,0,0
1823,4,2506,2467,2502,2505,0,0,0,0,0,0
1824,1,2468,0,0,0,0,0,0,0,0,0
1825,1,2506,0,0,0,0,0,0,0,0,0
1826,3,2507,696,2503,0,0,0,0,0,0,0
1827,1,2504,0,0,0,0,0,0,0,0,0
1828,1,2507,0,0,0,0,0,0,0,0,0
1829,3,2508,2418,2498,0,0,0,0,0,0,0
1830,1,2499,0,0,0,0,0,0,0,0,0
1831,3,2509,261,2416,0,0,0,0,0,0,0
1832,1,2510,0,0,0,0,0,0,0,0,0
1833,3,2511,2417,2510,0,0,0,0,0,0,0
1834,3,2419,2509,2511,0,0,0,0,0,0,0
1835,1,2508,0,0,0,0,0,0,0,0,0
1836,1,1368,0,0,0,0,0,0,0,0,0
1837,3,2512,2513,308,0,0,0,0,0,0,0
1838,1,2512,0,0,0,0,0,0,0,0,0
1839,1,2513,0,0,0,0,0,0,0,0,0
1840,3,2514,2447,2477,0,0,0,0,0,0,0
1841,1,2514,0,0,0,0,0,0,0,0,0
1842,1,2472,0,0,0,0,0,0,0,0,0
1843,1,428,0,0,0,0,0,0,0,0,0
1844,1,1473,0,0,0,0,0,0,0,0,0
1845,1,1690,0,0,0,0,0,0,0,0,0
1846,1,410,0,0,0,0,0,0,0,0,0
1847,1,1689,0,0,0,0,0,0,0,0,0
1848,1,1695,0,0,0,0,0,0,0,0,0
1849,1,1696,0,0,0,0,0,0,0,0,0
1850,3,2515,2516,2087,0,0,0,0,0,0,0
1851,1,2515,0,0,0,0,0,0,0,0,0
1852,1,2516,0,0,0,0,0,0,0,0,0
1853,1,2090,0,0,0,0,0,0,0,0,0
1854,1,1058,0,0,0,0,0,0,0,0,0
1855,3,2517,2518,694,0,0,0,0,0,0,0
1856,1,2517,0,0,0,0,0,0,0,0,0
1857,1,2518,0,0,0,0,0,0,0,0,0
1858,3,2519,685,693,0,0,0,0,0,0,0
1859,3,2520,2521,1071,0,0,0,0,0,0,0
1860,1,2520,0,0,0,0,0,0,0,0,0
1861,1,1056,0,0,0,0,0,0,0,0,0
1862,1,1057,0,0,0,0,0,0,0,0,0
1863,3,2522,2523,2524,0,0,0,0,0,0,0
1864,1,2522,0,0,0,0,0,0,0,0,0
1865,1,2523,0,0,0,0,0,0,0,0,0
1866,3,2525,2526,2524,0,0,0,0,0,0,0
1867,1,2525,0,0,0,0,0,0,0,0,0
1868,3,2527,2107,2526,0,0,0,0,0,0,0
1869,3,2528,2529,2108,0,0,0,0,0,0,0
1870,1,2528,0,0,0,0,0,0,0,0,0
1871,3,2530,2531,2529,0,0,0,0,0,0,0
1872,3,2532,2533,2530,0,0,0,0,0,0,0
1873,3,2534,2535,2531,0,0,0,0,0,0,0
1874,1,2535,0,0,0,0,0,0,0,0,0
1875,3,2536,2537,2538,0,0,0,0,0,0,0
1876,1,2536,0,0,0,0,0,0,0,0,0
1877,3,2539,2448,2537,0,0,0,0,0,0,0
1878,1,2538,0,0,0,0,0,0,0,0,0
1879,1,2539,0,0,0,0,0,0,0,0,0
1880,3,2540,2541,1073,0,0,0,0,0,0,0
1881,3,605,2109,2540,0,0,0,0,0,0,0
1882,3,2542,2543,1074,0,0,0,0,0,0,0
1883,3,2544,2541,2542,0,0,0,0,0,0,0
1884,1,2544,0,0,0,0,0,0,0,0,0
1885,1,2543,0,0,0,0,0,0,0,0,0
1886,1,1036,0,0,0,0,0,0,0,0,0
1887,1,2519,0,0,0,0,0,0,0,0,0
1888,3,2545,2546,734,0,0,0,0,0,0,0
1889,3,735,2545,2546,0,0,0,0,0,0,0
1890,1,2534,0,0,0,0,0,0,0,0,0
1891,3,2547,2548,2549,0,0,0,0,0,0,0
1892,3,1072,2547,2548,0,0,0,0,0,0,0
1893,1,2549,0,0,0,0,0,0,0,0,0
1894,1,2533,0,0,0,0,0,0,0,0,0
1895,1,2532,0,0,0,0,0,0,0,0,0
1896,1,2527,0,0,0,0,0,0,0,0,0
1897,1,1037,0,0,0,0,0,0,0,0,0
1898,3,2550,2551,265,0,0,0,0,0,0,0
1899,3,2552,2413,2550,0,0,0,0,0,0,0
1900,3,263,2551,2552,0,0,0,0,0,0,0
1901,3,2553,2554,231,0,0,0,0,0,0,0
1902,4,2555,2556,230,2553,0,0,0,0,0,0
1903,3,2557,2558,2554,0,0,0,0,0,0,0
1904,3,2559,2140,2555,0,0,0,0,0,0,0
1905,1,2556,0,0,0,0,0,0,0,0,0
1906,1,2558,0,0,0,0,0,0,0,0,0
1907,1,2151,0,0,0,0,0,0,0,0,0
1908,3,2560,2561,2562,0,0,0,0,0,0,0
1909,3,2563,2564,2560,0,0,0,0,0,0,0
1910,1,2561,0,0,0,0,0,0,0,0,0
1911,1,2562,0,0,0,0,0,0,0,0,0
1912,3,2565,2566,2563,0,0,0,0,0,0,0
1913,3,2567,294,2565,0,0,0,0,0,0,0
1914,1,2566,0,0,0,0,0,0,0,0,0
1915,1,2568,0,0,0,0,0,0,0,0,0
1916,3,2569,2567,2568,0,0,0,0,0,0,0
1917,1,2569,0,0,0,0,0,0,0,0,0
1918,1,2037,0,0,0,0,0,0,0,0,0
1919,1,2570,0,0,0,0,0,0,0,0,0
1920,3,2571,2572,2570,0,0,0,0,0,0,0
1921,1,2571,0,0,0,0,0,0,0,0,0
1922,3,2573,2574,2572,0,0,0,0,0,0,0
1923,1,2573,0,0,0,0,0,0,0,0,0
1924,3,2575,2576,2574,0,0,0,0,0,0,0
1925,2,681,2576,0,0,0,0,0,0,0,0
1926,1,296,0,0,0,0,0,0,0,0,0
1927,1,297,0,0,0,0,0,0,0,0,0
1928,1,295,0,0,0,0,0,0,0,0,0
1929,3,2577,2578,2559,0,0,0,0,0,0,0
1930,1,2577,0,0,0,0,0,0,0,0,0
1931,1,2578,0,0,0,0,0,0,0,0,0
1932,3,2579,2580,2141,0,0,0,0,0,0,0
1933,1,2579,0,0,0,0,0,0,0,0,0
1934,1,2580,0,0,0,0,0,0,0,0,0
1935,1,2557,0,0,0,0,0,0,0,0,0
1936,1,1963,0,0,0,0,0,0,0,0,0
1937,3,2581,2582,1964,0,0,0,0,0,0,0
1938,1,2038,0,0,0,0,0,0,0,0,0
1939,1,1029,0,0,0,0,0,0,0,0,0
1940,1,279,0,0,0,0,0,0,0,0,0
1941,1,1031,0,0,0,0,0,0,0,0,0
1942,1,2583,0,0,0,0,0,0,0,0,0
1943,3,2584,1030,2583,0,0,0,0,0,0,0
1944,3,2585,2586,2584,0,0,0,0,0,0,0
1945,3,2587,262,2585,0,0,0,0,0,0,0
1946,1,2586,0,0,0,0,0,0,0,0,0
1947,1,2412,0,0,0,0,0,0,0,0,0
1948,3,2588,2589,2409,0,0,0,0,0,0,0
1949,1,2410,0,0,0,0,0,0,0,0,0
1950,1,2033,0,0,0,0,0,0,0,0,0
1951,3,2590,2591,2592,0,0,0,0,0,0,0
1952,1,2590,0,0,0,0,0,0,0,0,0
1953,3,470,1386,2591,0,0,0,0,0,0,0
1954,3,2593,2021,2592,0,0,0,0,0,0,0
1955,1,2593,0,0,0,0,0,0,0,0,0
1956,1,2035,0,0,0,0,0,0,0,0,0
1957,1,1387,0,0,0,0,0,0,0,0,0
1958,3,1394,1403,1405,0,0,0,0,0,0,0
1959,1,1404,0,0,0,0,0,0,0,0,0
1960,1,1400,0,0,0,0,0,0,0,0,0
1961,1,1401,0,0,0,0,0,0,0,0,0
1962,1,2043,0,0,0,0,0,0,0,0,0
1963,3,2594,2595,2587,0,0,0,0,0,0,0
1964,3,257,2588,2594,0,0,0,0,0,0,0
1965,3,2596,2589,2595,0,0,0,0,0,0,0
1966,1,2596,0,0,0,0,0,0,0,0,0
1967,1,2039,0,0,0,0,0,0,0,0,0
1968,3,273,274,2564,0,0,0,0,0,0,0
1969,1,2575,0,0,0,0,0,0,0,0,0
1970,3,2597,2598,2599,0,0,0,0,0,0,0
1971,3,2600,2601,2597,0,0,0,0,0,0,0
1972,3,2602,2603,2598,0,0,0,0,0,0,0
1973,3,2604,2605,2599,0,0,0,0,0,0,0
1974,3,2606,2607,2604,0,0,0,0,0,0,0
1975,3,2608,2600,2605,0,0,0,0,0,0,0
1976,3,2609,2610,2606,0,0,0,0,0,0,0
1977,3,2611,2612,2607,0,0,0,0,0,0,0
1978,3,2613,372,2136,0,0,0,0,0,0,0
1979,3,2614,1764,1770,0,0,0,0,0,0,0
1980,3,2615,1747,1765,0,0,0,0,0,0,0
1981,3,767,2614,2615,0,0,0,0,0,0,0
1982,3,2616,2617,806,0,0,0,0,0,0,0
1983,3,2618,2619,2616,0,0,0,0,0,0,0
1984,1,2617,0,0,0,0,0,0,0,0,0
1985,3,2620,2621,601,0,0,0,0,0,0,0
1986,3,597,2620,2621,0,0,0,0,0,0,0
1987,3,2622,596,1797,0,0,0,0,0,0,0
1988,3,2623,2624,600,0,0,0,0,0,0,0
1989,1,373,0,0,0,0,0,0,0,0,0
1990,1,474,0,0,0,0,0,0,0,0,0
1991,1,1757,0,0,0,0,0,0,0,0,0
1992,3,2625,2626,1771,0,0,0,0,0,0,0
1993,1,1772,0,0,0,0,0,0,0,0,0
1994,3,2627,203,2625,0,0,0,0,0,0,0
1995,1,204,0,0,0,0,0,0,0,0,0
1996,3,2628,1755,1773,0,0,0,0,0,0,0
1997,3,2629,2630,2628,0,0,0,0,0,0,0
1998,3,2631,2632,2629,0,0,0,0,0,0,0
1999,3,2633,2634,2631,0,0,0,0,0,0,0
2000,3,2635,2636,2632,0,0,0,0,0,0,0
2001,3,2637,2608,2636,0,0,0,0,0,0,0
2002,3,2638,2601,2634,0,0,0,0,0,0,0
2003,3,2635,2637,2638,0,0,0,0,0,0,0
2004,3,1756,2630,2633,0,0,0,0,0,0,0
2005,3,2639,2640,2602,0,0,0,0,0,0,0
2006,3,2603,2609,2640,0,0,0,0,0,0,0
2007,1,1893,0,0,0,0,0,0,0,0,0
2008,3,2641,1892,2137,0,0,0,0,0,0,0
2009,3,2642,209,654,0,0,0,0,0,0,0
2010,1,210,0,0,0,0,0,0,0,0,0
2011,1,2643,0,0,0,0,0,0,0,0,0
2012,3,2644,2138,2643,0,0,0,0,0,0,0
2013,1,2644,0,0,0,0,0,0,0,0,0
2014,3,2645,577,756,0,0,0,0,0,0,0
2015,1,2645,0,0,0,0,0,0,0,0,0
2016,3,2646,2647,2648,0,0,0,0,0,0,0
2017,1,2646,0,0,0,0,0,0,0,0,0
2018,3,2649,2650,2647,0,0,0,0,0,0,0
2019,3,2651,774,2648,0,0,0,0,0,0,0
2020,1,2649,0,0,0,0,0,0,0,0,0
2021,1,2650,0,0,0,0,0,0,0,0,0
2022,3,2652,809,2651,0,0,0,0,0,0,0
2023,1,2653,0,0,0,0,0,0,0,0,0
2024,3,764,770,2653,0,0,0,0,0,0,0
2025,1,763,0,0,0,0,0,0,0,0,0
2026,3,2654,1790,1896,0,0,0,0,0,0,0
2027,3,2655,2656,2654,0,0,0,0,0,0,0
2028,1,2655,0,0,0,0,0,0,0,0,0
2029,4,2657,2658,1894,2656,0,0,0,0,0,0
2030,1,1783,0,0,0,0,0,0,0,0,0
2031,1,1784,0,0,0,0,0,0,0,0,0
2032,3,2659,1779,2657,0,0,0,0,0,0,0
2033,3,2660,2661,2659,0,0,0,0,0,0,0
2034,3,2662,472,2661,0,0,0,0,0,0,0
2035,3,2663,370,2662,0,0,0,0,0,0,0
2036,3,2664,2660,2663,0,0,0,0,0,0,0
2037,3,2665,2666,710,0,0,0,0,0,0,0
2038,1,711,0,0,0,0,0,0,0,0,0
2039,3,2667,2668,2665,0,0,0,0,0,0,0
2040,1,2666,0,0,0,0,0,0,0,0,0
2041,3,2669,1809,2667,0,0,0,0,0,0,0
2042,1,2668,0,0,0,0,0,0,0,0,0
2043,4,2670,2671,2672,460,0,0,0,0,0,0
2044,1,2671,0,0,0,0,0,0,0,0,0
2045,1,2670,0,0,0,0,0,0,0,0,0
2046,3,2673,371,2672,0,0,0,0,0,0,0
2047,3,2674,2675,2624,0,0,0,0,0,0,0
2048,3,2676,2677,2674,0,0,0,0,0,0,0
2049,1,2675,0,0,0,0,0,0,0,0,0
2050,1,2676,0,0,0,0,0,0,0,0,0
2051,3,574,2623,2677,0,0,0,0,0,0,0
2052,1,2626,0,0,0,0,0,0,0,0,0
2053,1,2627,0,0,0,0,0,0,0,0,0
2054,3,2678,205,2611,0,0,0,0,0,0,0
2055,1,2678,0,0,0,0,0,0,0,0,0
2056,3,2679,2664,2673,0,0,0,0,0,0,0
2057,1,2679,0,0,0,0,0,0,0,0,0
2058,3,2680,523,674,0,0,0,0,0,0,0
2059,1,524,0,0,0,0,0,0,0,0,0
2060,3,2681,612,675,0,0,0,0,0,0,0
2061,3,2682,591,2681,0,0,0,0,0,0,0
2062,3,2683,2680,2682,0,0,0,0,0,0,0
2063,1,2683,0,0,0,0,0,0,0,0,0
2064,1,578,0,0,0,0,0,0,0,0,0
2065,1,2684,0,0,0,0,0,0,0,0,0
2066,4,2685,2686,576,2684,0,0,0,0,0,0
2067,1,2685,0,0,0,0,0,0,0,0,0
2068,1,2686,0,0,0,0,0,0,0,0,0
2069,3,2687,2688,575,0,0,0,0,0,0,0
2070,1,2687,0,0,0,0,0,0,0,0,0
2071,1,2688,0,0,0,0,0,0,0,0,0
2072,3,2689,2690,598,0,0,0,0,0,0,0
2073,3,2691,2692,2689,0,0,0,0,0,0,0
2074,1,2690,0,0,0,0,0,0,0,0,0
2075,3,807,810,2652,0,0,0,0,0,0,0
2076,1,2693,0,0,0,0,0,0,0,0,0
2077,3,2694,1795,2693,0,0,0,0,0,0,0
2078,3,2695,2618,2694,0,0,0,0,0,0,0
2079,1,2695,0,0,0,0,0,0,0,0,0
2080,1,2619,0,0,0,0,0,0,0,0,0
2081,1,808,0,0,0,0,0,0,0,0,0
2082,3,2696,375,2613,0,0,0,0,0,0,0
2083,3,2697,614,2696,0,0,0,0,0,0,0
2084,3,2698,457,2697,0,0,0,0,0,0,0
2085,3,2699,613,2698,0,0,0,0,0,0,0
2086,1,615,0,0,0,0,0,0,0,0,0
2087,3,2700,2701,1895,0,0,0,0,0,0,0
2088,3,2702,1812,2641,0,0,0,0,0,0,0
2089,1,2702,0,0,0,0,0,0,0,0,0
2090,3,2703,619,1811,0,0,0,0,0,0,0
2091,1,2658,0,0,0,0,0,0,0,0,0
2092,3,1804,2700,2701,0,0,0,0,0,0,0
2093,1,754,0,0,0,0,0,0,0,0,0
2094,1,755,0,0,0,0,0,0,0,0,0
2095,3,2704,1799,2622,0,0,0,0,0,0,0
2096,3,2705,1825,2704,0,0,0,0,0,0,0
2097,1,2705,0,0,0,0,0,0,0,0,0
2098,1,1816,0,0,0,0,0,0,0,0,0
2099,1,1739,0,0,0,0,0,0,0,0,0
2100,1,1746,0,0,0,0,0,0,0,0,0
2101,1,1741,0,0,0,0,0,0,0,0,0
2102,4,2706,2707,2708,2709,0,0,0,0,0,0
2103,1,2706,0,0,0,0,0,0,0,0,0
2104,1,2707,0,0,0,0,0,0,0,0,0
2105,4,2710,2711,1851,2708,0,0,0,0,0,0
2106,3,2712,2713,2709,0,0,0,0,0,0,0
2107,3,2714,1835,2713,0,0,0,0,0,0,0
2108,1,2714,0,0,0,0,0,0,0,0,0
2109,1,2712,0,0,0,0,0,0,0,0,0
2110,1,2710,0,0,0,0,0,0,0,0,0
2111,1,2711,0,0,0,0,0,0,0,0,0
2112,3,2715,2716,206,0,0,0,0,0,0,0
2113,1,2715,0,0,0,0,0,0,0,0,0
2114,1,2716,0,0,0,0,0,0,0,0,0
2115,3,2717,2718,2612,0,0,0,0,0,0,0
2116,1,2717,0,0,0,0,0,0,0,0,0
2117,3,2719,657,2718,0,0,0,0,0,0,0
2118,1,2719,0,0,0,0,0,0,0,0,0
2119,1,1789,0,0,0,0,0,0,0,0,0
2120,1,1791,0,0,0,0,0,0,0,0,0
2121,3,1820,1830,2610,0,0,0,0,0,0,0
2122,1,2482,0,0,0,0,0,0,0,0,0
2123,3,2720,2721,805,0,0,0,0,0,0,0
2124,1,602,0,0,0,0,0,0,0,0,0
2125,1,599,0,0,0,0,0,0,0,0,0
2126,3,2722,2723,2478,0,0,0,0,0,0,0
2127,3,2724,2725,2722,0,0,0,0,0,0,0
2128,1,2723,0,0,0,0,0,0,0,0,0
2129,3,2726,2727,2724,0,0,0,0,0,0,0
2130,1,2725,0,0,0,0,0,0,0,0,0
2131,3,2728,2729,2720,0,0,0,0,0,0,0
2132,1,2728,0,0,0,0,0,0,0,0,0
2133,1,2729,0,0,0,0,0,0,0,0,0
2134,1,2721,0,0,0,0,0,0,0,0,0
2135,1,2730,0,0,0,0,0,0,0,0,0
2136,3,2731,2732,2730,0,0,0,0,0,0,0
2137,3,2733,2734,2731,0,0,0,0,0,0,0
2138,1,2732,0,0,0,0,0,0,0,0,0
2139,3,2095,2726,2734,0,0,0,0,0,0,0
2140,1,2727,0,0,0,0,0,0,0,0,0
2141,3,2735,752,2733,0,0,0,0,0,0,0
2142,1,2642,0,0,0,0,0,0,0,0,0
2143,3,2736,2737,2703,0,0,0,0,0,0,0
2144,1,2736,0,0,0,0,0,0,0,0,0
2145,1,2737,0,0,0,0,0,0,0,0,0
2146,3,2738,2739,2691,0,0,0,0,0,0,0
2147,3,2740,2639,2738,0,0,0,0,0,0,0
2148,3,2741,2742,2739,0,0,0,0,0,0,0
2149,1,2741,0,0,0,0,0,0,0,0,0
2150,1,2742,0,0,0,0,0,0,0,0,0
2151,1,2692,0,0,0,0,0,0,0,0,0
2152,1,2740,0,0,0,0,0,0,0,0,0
2153,1,655,0,0,0,0,0,0,0,0,0
2154,1,1767,0,0,0,0,0,0,0,0,0
2155,1,1750,0,0,0,0,0,0,0,0,0
2156,1,1736,0,0,0,0,0,0,0,0,0
2157,1,1728,0,0,0,0,0,0,0,0,0
2158,1,1748,0,0,0,0,0,0,0,0,0
2159,3,2743,2744,565,0,0,0,0,0,0,0
2160,1,2743,0,0,0,0,0,0,0,0,0
2161,1,2744,0,0,0,0,0,0,0,0,0
2162,3,2745,1661,1684,0,0,0,0,0,0,0
2163,1,1662,0,0,0,0,0,0,0,0,0
2164,1,1685,0,0,0,0,0,0,0,0,0
2165,1,396,0,0,0,0,0,0,0,0,0
2166,3,2746,2747,2110,0,0,0,0,0,0,0
2167,3,2748,2521,2746,0,0,0,0,0,0,0
2168,1,1009,0,0,0,0,0,0,0,0,0
2169,1,2745,0,0,0,0,0,0,0,0,0
2170,1,2118,0,0,0,0,0,0,0,0,0
2171,1,1641,0,0,0,0,0,0,0,0,0
2172,3,630,1082,1649,0,0,0,0,0,0,0
2173,1,1650,0,0,0,0,0,0,0,0,0
2174,1,1687,0,0,0,0,0,0,0,0,0
2175,3,2749,1681,1871,0,0,0,0,0,0,0
2176,1,2749,0,0,0,0,0,0,0,0,0
2177,3,1652,1865,1869,0,0,0,0,0,0,0
2178,3,2750,2751,2752,0,0,0,0,0,0,0
2179,3,2753,2754,2750,0,0,0,0,0,0,0
2180,3,452,607,2751,0,0,0,0,0,0,0
2181,1,2752,0,0,0,0,0,0,0,0,0
2182,1,453,0,0,0,0,0,0,0,0,0
2183,3,2755,2756,2753,0,0,0,0,0,0,0
2184,1,2755,0,0,0,0,0,0,0,0,0
2185,3,2757,2758,2756,0,0,0,0,0,0,0
2186,3,2759,2760,1664,0,0,0,0,0,0,0
2187,3,2761,830,2759,0,0,0,0,0,0,0
2188,3,2762,2757,2760,0,0,0,0,0,0,0
2189,3,2763,786,1665,0,0,0,0,0,0,0
2190,1,791,0,0,0,0,0,0,0,0,0
2191,3,2764,818,1678,0,0,0,0,0,0,0
2192,1,819,0,0,0,0,0,0,0,0,0
2193,1,2764,0,0,0,0,0,0,0,0,0
2194,1,1679,0,0,0,0,0,0,0,0,0
2195,3,2765,2100,2106,0,0,0,0,0,0,0
2196,1,2101,0,0,0,0,0,0,0,0,0
2197,1,631,0,0,0,0,0,0,0,0,0
2198,1,629,0,0,0,0,0,0,0,0,0
2199,1,787,0,0,0,0,0,0,0,0,0
2200,1,2763,0,0,0,0,0,0,0,0,0
2201,1,2765,0,0,0,0,0,0,0,0,0
2202,1,2758,0,0,0,0,0,0,0,0,0
2203,1,2754,0,0,0,0,0,0,0,0,0
2204,1,2762,0,0,0,0,0,0,0,0,0
2205,1,2761,0,0,0,0,0,0,0,0,0
2206,1,1629,0,0,0,0,0,0,0,0,0
2207,1,1331,0,0,0,0,0,0,0,0,0
2208,1,2150,0,0,0,0,0,0,0,0,0
2209,1,1048,0,0,0,0,0,0,0,0,0
2210,1,1461,0,0,0,0,0,0,0,0,0
2211,1,1632,0,0,0,0,0,0,0,0,0
2212,1,705,0,0,0,0,0,0,0,0,0
2213,1,930,0,0,0,0,0,0,0,0,0
2214,1,1880,0,0,0,0,0,0,0,0,0
2215,1,949,0,0,0,0,0,0,0,0,0
2216,1,731,0,0,0,0,0,0,0,0,0
2217,3,2766,2479,2748,0,0,0,0,0,0,0
2218,1,2766,0,0,0,0,0,0,0,0,0
2219,1,749,0,0,0,0,0,0,0,0,0
2220,1,747,0,0,0,0,0,0,0,0,0
2221,1,510,0,0,0,0,0,0,0,0,0
2222,1,2735,0,0,0,0,0,0,0,0,0
2223,3,2767,2768,1881,0,0,0,0,0,0,0
2224,1,2769,0,0,0,0,0,0,0,0,0
2225,3,2094,2747,2769,0,0,0,0,0,0,0
2226,1,492,0,0,0,0,0,0,0,0,0
2227,1,487,0,0,0,0,0,0,0,0,0
2228,3,2770,2771,1884,0,0,0,0,0,0,0
2229,3,2772,2767,2770,0,0,0,0,0,0,0
2230,1,2771,0,0,0,0,0,0,0,0,0
2231,1,2768,0,0,0,0,0,0,0,0,0
2232,3,2773,2774,2772,0,0,0,0,0,0,0
2233,1,2773,0,0,0,0,0,0,0,0,0
2234,1,2774,0,0,0,0,0,0,0,0,0
2235,1,1885,0,0,0,0,0,0,0,0,0
2236,1,2775,0,0,0,0,0,0,0,0,0
2237,3,2776,1729,2775,0,0,0,0,0,0,0
2238,3,2777,2778,2779,0,0,0,0,0,0,0
2239,3,2780,1754,2777,0,0,0,0,0,0,0
2240,1,2778,0,0,0,0,0,0,0,0,0
2241,3,2781,1760,2779,0,0,0,0,0,0,0
2242,3,2776,2780,2781,0,0,0,0,0,0,0
2243,1,1888,0,0,0,0,0,0,0,0,0
2244,1,1041,0,0,0,0,0,0,0,0,0
2245,1,1703,0,0,0,0,0,0,0,0,0
2246,1,2102,0,0,0,0,0,0,0,0,0
2247,1,1705,0,0,0,0,0,0,0,0,0
2248,1,1730,0,0,0,0,0,0,0,0,0
2249,1,1761,0,0,0,0,0,0,0,0,0
2250,1,2782,0,0,0,0,0,0,0,0,0
2251,4,2783,2784,2785,2782,0,0,0,0,0,0
2252,1,2784,0,0,0,0,0,0,0,0,0
2253,1,2786,0,0,0,0,0,0,0,0,0
2254,4,2787,2788,336,2786,0,0,0,0,0,0
2255,1,2787,0,0,0,0,0,0,0,0,0
2256,1,1960,0,0,0,0,0,0,0,0,0
2257,1,1961,0,0,0,0,0,0,0,0,0
2258,1,811,0,0,0,0,0,0,0,0,0
2259,3,2789,2790,516,0,0,0,0,0,0,0
2260,3,326,2789,2790,0,0,0,0,0,0,0
2261,1,757,0,0,0,0,0,0,0,0,0
2262,1,540,0,0,0,0,0,0,0,0,0
2263,3,2791,324,331,0,0,0,0,0,0,0
2264,1,2783,0,0,0,0,0,0,0,0,0
2265,4,2792,2793,458,2785,0,0,0,0,0,0
2266,3,2699,2792,2793,0,0,0,0,0,0,0
2267,3,2794,572,573,0,0,0,0,0,0,0
2268,1,2794,0,0,0,0,0,0,0,0,0
2269,1,1810,0,0,0,0,0,0,0,0,0
2270,1,2669,0,0,0,0,0,0,0,0,0
2271,3,2795,2796,1855,0,0,0,0,0,0,0
2272,1,1856,0,0,0,0,0,0,0,0,0
2273,1,1845,0,0,0,0,0,0,0,0,0
2274,1,1822,0,0,0,0,0,0,0,0,0
2275,1,1849,0,0,0,0,0,0,0,0,0
2276,1,624,0,0,0,0,0,0,0,0,0
2277,3,2797,2798,781,0,0,0,0,0,0,0
2278,3,2799,662,782,0,0,0,0,0,0,0
2279,3,2800,2801,2799,0,0,0,0,0,0,0
2280,1,2800,0,0,0,0,0,0,0,0,0
2281,3,2802,2797,2801,0,0,0,0,0,0,0
2282,3,2803,2804,2802,0,0,0,0,0,0,0
2283,1,549,0,0,0,0,0,0,0,0,0
2284,3,2805,2806,642,0,0,0,0,0,0,0
2285,3,2807,2808,2805,0,0,0,0,0,0,0
2286,3,2809,2810,2806,0,0,0,0,0,0,0
2287,1,2809,0,0,0,0,0,0,0,0,0
2288,1,2810,0,0,0,0,0,0,0,0,0
2289,1,644,0,0,0,0,0,0,0,0,0
2290,1,645,0,0,0,0,0,0,0,0,0
2291,3,2811,640,2795,0,0,0,0,0,0,0
2292,3,2812,2582,2811,0,0,0,0,0,0,0
2293,1,502,0,0,0,0,0,0,0,0,0
2294,1,724,0,0,0,0,0,0,0,0,0
2295,3,2813,700,2803,0,0,0,0,0,0,0
2296,1,2798,0,0,0,0,0,0,0,0,0
2297,1,2804,0,0,0,0,0,0,0,0,0
2298,1,2813,0,0,0,0,0,0,0,0,0
2299,1,517,0,0,0,0,0,0,0,0,0
2300,1,341,0,0,0,0,0,0,0,0,0
2301,3,2814,2807,2808,0,0,0,0,0,0,0
2302,3,2815,2816,2814,0,0,0,0,0,0,0
2303,3,2817,2818,643,0,0,0,0,0,0,0
2304,1,2817,0,0,0,0,0,0,0,0,0
2305,1,2818,0,0,0,0,0,0,0,0,0
2306,1,825,0,0,0,0,0,0,0,0,0
2307,3,2819,333,2788,0,0,0,0,0,0,0
2308,1,2819,0,0,0,0,0,0,0,0,0
2309,1,342,0,0,0,0,0,0,0,0,0
2310,1,2791,0,0,0,0,0,0,0,0,0
2311,1,1858,0,0,0,0,0,0,0,0,0
2312,1,1814,0,0,0,0,0,0,0,0,0
2313,1,2820,0,0,0,0,0,0,0,0,0
2314,3,2821,717,2820,0,0,0,0,0,0,0
2315,3,2822,2823,2821,0,0,0,0,0,0,0
2316,1,2822,0,0,0,0,0,0,0,0,0
2317,3,2824,715,2823,0,0,0,0,0,0,0
2318,1,2824,0,0,0,0,0,0,0,0,0
2319,1,661,0,0,0,0,0,0,0,0,0
2320,1,620,0,0,0,0,0,0,0,0,0
2321,1,664,0,0,0,0,0,0,0,0,0
2322,1,2796,0,0,0,0,0,0,0,0,0
2323,1,641,0,0,0,0,0,0,0,0,0
2324,1,2825,0,0,0,0,0,0,0,0,0
2325,4,2826,1838,1857,2825,0,0,0,0,0,0
2326,3,2827,1859,2826,0,0,0,0,0,0,0
2327,3,2828,1840,2827,0,0,0,0,0,0,0
2328,1,1839,0,0,0,0,0,0,0,0,0
2329,1,2828,0,0,0,0,0,0,0,0,0
2330,3,2829,772,2815,0,0,0,0,0,0,0
2331,1,773,0,0,0,0,0,0,0,0,0
2332,1,2829,0,0,0,0,0,0,0,0,0
2333,1,646,0,0,0,0,0,0,0,0,0
2334,1,647,0,0,0,0,0,0,0,0,0
2335,1,2816,0,0,0,0,0,0,0,0,0
2336,1,1466,0,0,0,0,0,0,0,0,0
2337,1,1636,0,0,0,0,0,0,0,0,0
2338,3,2830,2831,744,0,0,0,0,0,0,0
2339,3,742,2830,2831,0,0,0,0,0,0,0
2340,1,1866,0,0,0,0,0,0,0,0,0
2341,1,2832,0,0,0,0,0,0,0,0,0
2342,2,2833,2832,0,0,0,0,0,0,0,0
2343,3,2834,1973,2833,0,0,0,0,0,0,0
2344,1,2834,0,0,0,0,0,0,0,0,0
2345,1,2581,0,0,0,0,0,0,0,0,0
2346,3,2835,538,2812,0,0,0,0,0,0,0
2347,2,2836,2837,0,0,0,0,0,0,0,0
2348,4,2838,2839,1864,2835,0,0,0,0,0,0
2349,4,2840,2841,2842,2838,0,0,0,0,0,0
2350,1,2839,0,0,0,0,0,0,0,0,0
2351,4,2843,1970,1975,2840,0,0,0,0,0,0
2352,3,1863,1969,2841,0,0,0,0,0,0,0
2353,1,2842,0,0,0,0,0,0,0,0,0
2354,1,2843,0,0,0,0,0,0,0,0,0
2355,1,1977,0,0,0,0,0,0,0,0,0
2356,1,2836,0,0,0,0,0,0,0,0,0
2357,1,2837,0,0,0,0,0,0,0,0,0
2358,3,2844,2845,775,0,0,0,0,0,0,0
2359,1,2844,0,0,0,0,0,0,0,0,0
2360,1,2845,0,0,0,0,0,0,0,0,0
2361,1,1422,0,0,0,0,0,0,0,0,0
2362,3,2846,2847,1634,0,0,0,0,0,0,0
2363,1,2846,0,0,0,0,0,0,0,0,0
2364,1,2847,0,0,0,0,0,0,0,0,0
2365,1,2319,0,0,0,0,0,0,0,0,0
2366,1,2159,0,0,0,0,0,0,0,0,0
2367,1,2160,0,0,0,0,0,0,0,0,0
2368,1,2339,0,0,0,0,0,0,0,0,0
2369,1,1021,0,0,0,0,0,0,0,0,0
2370,1,1580,0,0,0,0,0,0,0,0,0
2371,3,2848,1577,2338,0,0,0,0,0,0,0
2372,3,2849,2850,2848,0,0,0,0,0,0,0
2373,3,2851,1578,2850,0,0,0,0,0,0,0
2374,1,2851,0,0,0,0,0,0,0,0,0
2375,1,2849,0,0,0,0,0,0,0,0,0
