#number,Node1,Node2,Length,Width
0,0,1,7,3
1,1,78,15,3
2,1,58,36,3
3,1,79,11,3
4,2,3,7,3
5,2,4,13,3
6,2,5,22,3
7,2,6,8,3
8,3,561,24,3
9,3,551,5,3
10,3,544,9,3
11,4,547,4,3
12,4,476,111,3
13,4,6,16,3
14,5,474,11,3
15,5,475,56,3
16,6,551,12,3
17,6,436,27,3
18,7,8,6,3
19,7,9,110,3
20,7,10,36,3
21,8,80,112,3
22,8,1692,61,3
23,9,878,12,3
24,9,99,45,3
25,10,11,3,3
26,10,12,52,3
27,11,874,31,3
28,11,1617,34,3
29,12,1272,18,3
30,12,1670,47,3
31,13,14,62,3
32,13,15,34,3
33,14,16,36,3
34,14,17,34,3
35,15,617,59,3
36,15,17,62,3
37,15,130,95,3
38,16,20,92,3
39,16,1420,33,3
40,17,1420,41,3
41,17,129,78,3
42,18,19,20,3
43,18,20,76,3
44,19,21,86,3
45,19,22,87,3
46,19,23,57,3
47,20,22,77,3
48,21,612,16,3
49,21,1133,20,3
50,22,135,42,3
51,24,25,52,3
52,24,26,142,3
53,24,27,45,3
54,25,620,15,3
55,25,606,81,3
56,26,491,45,3
57,27,622,68,3
58,27,31,49,3
59,28,29,12,3
60,28,30,25,3
61,28,31,47,3
62,30,1309,66,3
63,30,825,9,3
64,31,625,70,3
65,31,624,40,3
66,32,33,13,3
67,32,34,43,3
68,32,35,50,3
69,32,36,40,3
70,33,37,21,3
71,33,37,112,3
72,34,822,13,3
73,34,825,46,3
74,35,840,56,3
75,35,36,99,3
76,36,644,35,3
77,37,38,17,3
78,38,1301,8,3
79,38,823,42,3
80,39,40,2,3
81,39,41,36,3
82,39,42,45,3
83,39,43,21,3
84,40,1055,15,3
85,40,44,37,3
86,41,44,1,3
87,41,45,18,3
88,42,644,7,3
89,42,1706,42,3
90,43,828,23,3
91,43,1413,34,3
92,44,1056,17,3
93,44,1057,18,3
94,45,1057,1,3
95,45,410,15,3
96,46,47,31,3
97,46,48,13,3
98,46,413,69,3
99,47,158,23,3
100,47,159,71,3
101,47,160,94,3
102,48,162,68,3
103,48,163,102,3
104,49,50,91,3
105,49,51,51,3
106,49,52,105,3
107,49,53,190,3
108,50,56,51,3
109,50,441,40,3
110,50,737,39,3
111,51,450,74,3
112,51,160,44,3
113,52,737,23,3
114,52,738,46,3
115,53,166,7,3
116,53,1156,264,3
117,54,55,69,3
118,54,56,81,3
119,54,57,110,3
120,54,749,37,3
121,55,774,39,3
122,55,691,74,3
123,56,743,34,3
124,57,881,47,3
125,57,882,46,3
126,57,883,70,3
127,58,59,5,3
128,58,60,39,3
129,58,61,3,3
130,59,447,98,3
131,59,1026,72,3
132,60,531,50,3
133,60,534,20,3
134,61,548,37,3
135,61,490,122,3
136,62,63,19,3
137,62,64,52,3
138,62,65,36,3
139,63,80,47,3
140,63,1254,43,3
141,64,264,17,3
142,64,265,130,3
143,65,100,8,3
144,65,1628,16,3
145,66,67,6,3
146,66,68,15,3
147,66,69,14,3
148,67,553,9,3
149,67,98,49,3
150,67,532,34,3
151,68,480,18,3
152,68,69,17,3
153,69,480,81,3
154,70,71,6,3
155,70,72,45,3
156,70,73,9,3
157,71,604,90,3
158,71,599,53,3
159,72,595,2,3
160,72,592,70,3
161,73,1538,42,3
162,73,1100,21,3
163,74,75,24,3
164,74,76,52,3
165,74,77,35,3
166,75,86,35,3
167,75,1320,39,3
168,76,1323,15,3
169,76,1321,15,3
170,77,567,9,3
171,77,1326,31,3
172,78,480,5,3
173,78,533,7,3
174,78,531,44,3
175,79,475,55,3
176,79,548,5,3
177,79,560,10,3
178,80,81,22,3
179,81,539,36,3
180,81,89,29,3
181,82,83,70,3
182,82,84,70,3
183,82,85,79,3
184,83,595,54,3
185,83,1544,54,3
186,84,1535,12,3
187,84,1537,27,3
188,85,598,66,3
189,85,1099,65,3
190,86,87,34,3
191,86,88,179,3
192,87,1089,17,3
193,87,1090,63,3
194,89,90,32,3
195,89,91,30,3
196,90,541,39,3
197,90,91,15,3
198,91,1194,4,3
199,92,93,29,3
200,92,94,20,3
201,92,95,27,3
202,92,96,33,3
203,93,1994,22,3
204,93,1995,19,3
205,94,2054,4,3
206,94,2112,13,3
207,95,1274,1,3
208,95,1275,34,3
209,96,2009,21,3
210,96,2010,54,3
211,97,98,30,3
212,97,99,101,3
213,97,100,222,3
214,98,550,19,3
215,99,105,65,3
216,101,102,6,3
217,101,103,9,3
218,101,104,106,3
219,102,1430,15,3
220,102,1428,48,3
221,103,581,12,3
222,103,1425,32,3
223,104,576,37,3
224,104,577,86,3
225,105,558,4,3
226,105,1159,42,3
227,106,107,21,3
228,106,108,110,3
229,106,1715,28,3
230,107,1902,16,3
231,107,1901,39,3
232,108,109,10,3
233,108,110,111,3
234,108,111,21,3
235,109,1718,57,3
236,109,116,109,3
237,110,217,10,3
238,110,203,93,3
239,110,195,59,3
240,111,112,16,3
241,111,1816,84,3
242,112,113,21,3
243,112,114,40,3
244,113,114,8,3
245,113,142,59,3
246,114,1815,38,3
247,115,116,26,3
248,115,117,15,3
249,115,142,20,3
250,116,142,9,3
251,116,1717,10,3
252,117,1258,12,3
253,117,1813,34,3
254,118,119,11,3
255,118,120,23,3
256,118,121,42,3
257,118,1964,55,3
258,119,1719,29,3
259,119,1720,61,3
260,119,1721,30,3
261,119,1831,60,3
262,120,1945,16,3
263,120,1900,14,3
264,121,1715,49,3
265,121,1898,28,3
266,122,123,61,3
267,122,124,16,3
268,122,125,71,3
269,122,126,19,3
270,123,1182,11,3
271,123,1183,27,3
272,123,1184,114,3
273,124,1968,32,3
274,124,1968,40,3
275,125,1175,69,3
276,125,1170,45,3
277,125,1176,54,3
278,126,502,11,3
279,126,1940,40,3
280,127,128,45,3
281,127,129,47,3
282,127,130,17,3
283,128,415,43,3
284,128,399,19,3
285,129,138,28,3
286,129,139,59,3
287,130,414,29,3
288,131,132,26,3
289,131,133,49,3
290,131,134,44,3
291,132,320,61,3
292,132,346,50,3
293,132,347,84,3
294,133,1913,21,3
295,133,1928,22,3
296,134,1926,17,3
297,134,1927,10,3
298,135,1163,18,3
299,135,1370,17,3
300,136,137,33,3
301,137,195,18,3
302,137,140,135,3
303,138,399,13,3
304,138,139,105,3
305,139,1165,5,3
306,140,141,17,3
307,140,142,21,3
308,141,1837,17,3
309,141,192,110,3
310,143,144,67,3
311,143,145,69,3
312,143,146,94,3
313,144,228,94,3
314,144,248,50,3
315,145,153,95,3
316,146,152,31,3
317,146,153,67,3
318,146,154,52,3
319,147,148,46,3
320,147,149,24,3
321,147,150,121,3
322,147,151,49,3
323,148,339,61,3
324,148,2263,67,3
325,149,155,59,3
326,149,2260,12,3
327,150,288,67,3
328,150,266,78,3
329,150,228,90,3
330,151,210,10,3
331,151,2263,12,3
332,152,228,36,3
333,152,2307,10,3
334,153,247,54,3
335,153,238,88,3
336,154,2254,5,3
337,154,157,29,3
338,155,156,27,3
339,155,157,5,3
340,156,240,15,3
341,156,2300,30,3
342,157,2309,37,3
343,158,1306,3,3
344,158,165,86,3
345,159,556,2,3
346,159,471,74,3
347,159,413,25,3
348,160,1445,66,3
349,161,162,111,3
350,161,163,64,3
351,161,164,36,3
352,161,840,43,3
353,162,408,41,3
354,162,409,73,3
355,163,165,25,3
356,163,847,301,3
357,165,166,25,3
358,166,1306,75,3
359,167,168,10,3
360,167,169,13,3
361,167,170,25,3
362,168,1575,54,3
363,169,806,259,3
364,169,170,35,3
365,170,1585,12,3
366,171,172,23,3
367,171,173,51,3
368,171,174,46,3
369,171,175,64,3
370,172,2035,16,3
371,172,2046,17,3
372,173,1978,27,3
373,173,1989,35,3
374,174,211,6,3
375,174,2082,110,3
376,175,218,54,3
377,175,219,18,3
378,175,220,41,3
379,176,177,183,3
380,176,178,40,3
381,176,212,47,3
382,177,1284,70,3
383,177,618,74,3
384,178,1315,34,3
385,178,1289,17,3
386,179,180,10,3
387,179,181,6,3
388,179,182,9,3
389,179,1243,7,3
390,180,507,6,3
391,180,508,12,3
392,180,523,6,3
393,181,523,9,3
394,181,522,145,3
395,182,914,20,3
396,182,2165,18,3
397,183,184,35,3
398,183,185,74,3
399,183,220,46,3
400,184,915,10,3
401,184,1552,26,3
402,185,527,71,3
403,185,1553,20,3
404,186,187,20,3
405,186,188,46,3
406,186,189,96,3
407,187,350,24,3
408,187,1248,55,3
409,188,919,32,3
410,188,1846,59,3
411,189,1203,3,3
412,189,1204,27,3
413,190,191,70,3
414,190,192,185,3
415,190,193,57,3
416,190,194,130,3
417,191,1729,16,3
418,191,202,96,3
419,192,198,20,3
420,192,199,51,3
421,193,716,46,3
422,193,717,30,3
423,193,196,56,3
424,194,215,72,3
425,194,1740,15,3
426,195,196,17,3
427,195,197,33,3
428,196,1843,26,3
429,197,715,35,3
430,197,716,66,3
431,198,1219,45,3
432,198,1753,30,3
433,199,1782,2,3
434,199,1783,18,3
435,200,201,30,3
436,200,202,16,3
437,200,203,59,3
438,201,1293,11,3
439,201,734,55,3
440,202,1731,17,3
441,203,724,9,3
442,203,721,34,3
443,204,205,14,3
444,204,206,8,3
445,204,207,21,3
446,204,287,11,3
447,205,519,11,3
448,205,235,40,3
449,205,1238,8,3
450,206,1239,3,3
451,206,1240,69,3
452,207,2180,5,3
453,207,2182,67,3
454,208,209,24,3
455,208,210,17,3
456,208,211,23,3
457,209,2084,13,3
458,209,2265,29,3
459,210,338,17,3
460,211,2043,16,3
461,212,213,37,3
462,212,214,79,3
463,213,1230,30,3
464,213,1231,131,3
465,214,492,87,3
466,214,423,63,3
467,214,493,59,3
468,215,216,12,3
469,217,1166,45,3
470,217,1953,34,3
471,218,968,3,3
472,218,2034,10,3
473,219,786,30,3
474,219,1990,53,3
475,220,580,499,3
476,220,1251,23,3
477,221,222,9,3
478,221,223,31,3
479,222,267,51,3
480,222,392,101,3
481,223,1005,21,3
482,223,258,57,3
483,224,225,115,3
484,224,226,40,3
485,224,227,11,3
486,225,356,48,3
487,225,2227,15,3
488,226,270,32,3
489,226,271,49,3
490,226,272,32,3
491,227,237,23,3
492,227,2226,89,3
493,228,229,50,3
494,229,248,94,3
495,229,266,40,3
496,230,231,42,3
497,230,232,58,3
498,230,233,45,3
499,231,1012,41,3
500,231,343,90,3
501,232,345,14,3
502,232,2293,15,3
503,233,1021,39,3
504,233,1014,9,3
505,234,235,36,3
506,234,236,10,3
507,234,237,155,3
508,235,1039,15,3
509,236,357,15,3
510,236,2221,25,3
511,237,1040,10,3
512,238,239,58,3
513,238,240,33,3
514,238,241,54,3
515,239,269,48,3
516,239,2259,72,3
517,240,2299,30,3
518,241,392,30,3
519,241,284,44,3
520,242,243,10,3
521,242,244,62,3
522,242,245,58,3
523,243,2058,35,3
524,243,2059,27,3
525,244,386,32,3
526,244,387,77,3
527,245,266,64,3
528,245,277,32,3
529,245,278,62,3
530,246,247,42,3
531,247,284,44,3
532,248,299,43,3
533,249,250,87,3
534,249,251,12,3
535,249,252,24,3
536,249,253,77,3
537,250,1014,4,3
538,250,2346,3,3
539,251,362,15,3
540,251,2262,47,3
541,252,1117,11,3
542,252,1118,122,3
543,254,255,99,3
544,254,256,47,3
545,254,257,51,3
546,254,258,57,3
547,255,263,49,3
548,256,310,58,3
549,256,2283,23,3
550,257,332,35,3
551,257,333,4,3
552,258,1006,109,3
553,259,260,21,3
554,259,261,18,3
555,259,262,44,3
556,260,283,23,3
557,260,989,40,3
558,261,995,49,3
559,261,342,57,3
560,262,1000,18,3
561,262,343,75,3
562,263,1122,11,3
563,263,332,47,3
564,264,487,3,3
565,264,2159,12,3
566,265,513,41,3
567,265,305,53,3
568,266,299,98,3
569,267,268,11,3
570,267,269,26,3
571,268,339,43,3
572,268,2267,24,3
573,269,2267,56,3
574,270,2051,50,3
575,270,2069,10,3
576,271,2066,18,3
577,271,2014,35,3
578,272,2064,64,3
579,272,958,2,3
580,273,274,8,3
581,273,275,8,3
582,273,276,38,3
583,274,1233,23,3
584,274,275,30,3
585,275,349,23,3
586,276,1640,36,3
587,276,1641,21,3
588,277,330,100,3
589,277,1116,34,3
590,278,288,16,3
591,278,2061,27,3
592,279,280,64,3
593,279,281,25,3
594,279,282,32,3
595,279,283,36,3
596,280,1987,2,3
597,280,1986,16,3
598,281,2072,18,3
599,281,2125,26,3
600,282,1988,17,3
601,282,1985,7,3
602,283,2124,16,3
603,285,286,30,3
604,285,287,96,3
605,285,1881,49,3
606,286,1037,27,3
607,286,2180,113,3
608,287,1237,4,3
609,288,289,32,3
610,288,290,72,3
611,289,316,30,3
612,289,2060,16,3
613,290,2085,32,3
614,290,2083,11,3
615,290,2086,25,3
616,291,292,42,3
617,291,293,13,3
618,291,294,36,3
619,292,2090,18,3
620,292,2320,20,3
621,293,308,9,3
622,293,309,56,3
623,294,371,25,3
624,294,2276,26,3
625,295,296,6,3
626,295,297,3,3
627,295,298,78,3
628,296,488,14,3
629,296,2198,31,3
630,297,2172,11,3
631,297,2197,66,3
632,298,313,74,3
633,298,530,15,3
634,298,486,57,3
635,299,331,41,3
636,300,301,28,3
637,300,302,27,3
638,300,303,26,3
639,300,304,59,3
640,301,2291,14,3
641,301,2323,38,3
642,302,2284,9,3
643,302,2303,55,3
644,303,2289,8,3
645,303,2290,11,3
646,304,2333,6,3
647,304,2334,5,3
648,305,306,36,3
649,305,307,102,3
650,306,485,16,3
651,306,1662,13,3
652,307,348,56,3
653,307,349,42,3
654,308,2009,15,3
655,308,2153,18,3
656,309,990,9,3
657,309,2117,27,3
658,310,311,1,3
659,310,312,21,3
660,311,1006,36,3
661,311,2319,31,3
662,312,2278,15,3
663,312,371,28,3
664,312,2321,33,3
665,313,314,43,3
666,313,315,45,3
667,314,895,28,3
668,314,894,73,3
669,314,896,79,3
670,315,484,9,3
671,315,1634,26,3
672,316,317,16,3
673,316,318,31,3
674,317,2058,15,3
675,317,2060,29,3
676,318,1273,41,3
677,318,790,14,3
678,318,1192,192,3
679,319,320,49,3
680,319,321,91,3
681,320,1925,13,3
682,322,323,18,3
683,322,324,69,3
684,322,325,73,3
685,322,1858,28,3
686,323,1750,23,3
687,323,1749,43,3
688,326,327,6,3
689,326,328,48,3
690,326,329,23,3
691,327,1818,25,3
692,327,1817,33,3
693,328,1858,27,3
694,328,1855,10,3
695,329,769,33,3
696,329,1826,79,3
697,330,331,15,3
698,332,1018,113,3
699,333,1017,66,3
700,333,2295,34,3
701,334,335,2,3
702,334,336,47,3
703,334,337,151,3
704,335,1290,34,3
705,335,2212,58,3
706,336,481,25,3
707,336,482,12,3
708,337,505,33,3
709,337,446,6,3
710,338,2037,15,3
711,338,2038,29,3
712,339,340,46,3
713,339,341,13,3
714,340,1003,24,3
715,340,2317,20,3
716,341,985,47,3
717,341,2314,8,3
718,342,343,42,3
719,342,344,31,3
720,342,345,7,3
721,343,1011,19,3
722,344,1013,18,3
723,344,1014,106,3
724,345,2294,15,3
725,346,369,21,3
726,346,370,30,3
727,347,362,19,3
728,347,363,34,3
729,348,489,20,3
730,348,483,80,3
731,349,2216,60,3
732,350,351,40,3
733,350,352,25,3
734,351,1888,9,3
735,351,1889,35,3
736,352,1798,15,3
737,352,1800,64,3
738,353,354,45,3
739,353,355,19,3
740,353,913,20,3
741,354,895,41,3
742,354,2339,20,3
743,355,1023,53,3
744,355,2338,33,3
745,356,357,12,3
746,356,358,4,3
747,357,2220,42,3
748,358,359,37,3
749,358,2219,39,3
750,359,360,46,3
751,359,361,44,3
752,359,2141,48,3
753,360,384,59,3
754,360,2093,28,3
755,361,2094,75,3
756,361,2014,44,3
757,362,2261,30,3
758,364,365,30,3
759,364,366,42,3
760,364,367,41,3
761,364,368,15,3
762,365,940,20,3
763,365,2025,61,3
764,365,2024,15,3
765,366,964,15,3
766,366,965,41,3
767,367,1981,16,3
768,367,965,41,3
769,368,955,37,3
770,368,2024,30,3
771,368,967,57,3
772,369,2330,14,3
773,369,2331,33,3
774,370,2019,71,3
775,370,2358,58,3
776,371,372,66,3
777,371,373,15,3
778,372,999,43,3
779,372,1008,41,3
780,372,1009,10,3
781,373,2277,12,3
782,373,2278,28,3
783,374,375,6,3
784,374,376,15,3
785,374,377,86,3
786,375,2189,11,3
787,375,2199,41,3
788,376,489,34,3
789,376,456,100,3
790,377,393,16,3
791,377,2190,12,3
792,378,379,68,3
793,378,380,66,3
794,378,775,90,3
795,379,446,133,3
796,379,910,86,3
797,380,524,13,3
798,380,525,26,3
799,380,526,31,3
800,381,382,33,3
801,381,383,27,3
802,381,384,46,3
803,381,385,28,3
804,382,1791,37,3
805,382,2123,49,3
806,383,1982,15,3
807,383,2075,33,3
808,384,2081,64,3
809,385,2022,19,3
810,385,2075,27,3
811,386,2258,28,3
812,387,789,80,3
813,387,781,152,3
814,388,389,19,3
815,388,390,12,3
816,388,391,4,3
817,388,1247,8,3
818,389,2191,18,3
819,389,2192,37,3
820,390,514,41,3
821,390,515,8,3
822,390,1043,4,3
823,391,1043,12,3
824,391,913,55,3
825,392,2306,22,3
826,393,394,9,3
827,393,395,30,3
828,394,456,6,3
829,394,457,73,3
830,395,2187,6,3
831,395,901,110,3
832,396,397,5,3
833,396,398,76,3
834,396,399,75,3
835,397,639,22,3
836,397,641,49,3
837,398,1139,67,3
838,398,631,59,3
839,400,401,46,3
840,400,402,85,3
841,400,403,72,3
842,401,1337,28,3
843,402,1390,70,3
844,402,1343,40,3
845,402,1388,60,3
846,403,706,46,3
847,403,707,31,3
848,404,405,33,3
849,404,406,127,3
850,404,407,137,3
851,405,426,22,3
852,405,1407,138,3
853,406,838,16,3
854,406,841,93,3
855,407,673,45,3
856,407,674,96,3
857,408,495,14,3
858,408,840,115,3
859,409,816,7,3
860,409,496,38,3
861,410,411,2,3
862,410,412,78,3
863,410,835,43,3
864,411,1057,15,3
865,411,842,42,3
866,412,834,29,3
867,412,845,32,3
868,413,816,75,3
869,414,415,69,3
870,414,420,5,3
871,415,639,65,3
872,416,417,78,3
873,416,418,37,3
874,416,419,68,3
875,416,420,93,3
876,416,1287,33,3
877,417,618,20,3
878,417,619,106,3
879,418,1373,16,3
880,418,646,89,3
881,419,610,64,3
882,419,616,56,3
883,420,616,77,3
884,421,422,27,3
885,421,423,179,3
886,421,424,126,3
887,422,818,124,3
888,422,645,51,3
889,423,425,31,3
890,424,1287,53,3
891,424,619,59,3
892,425,826,10,3
893,425,827,66,3
894,426,427,43,3
895,426,428,79,3
896,427,1035,36,3
897,427,1631,38,3
898,429,430,7,3
899,429,431,50,3
900,429,432,74,3
901,430,815,13,3
902,430,669,52,3
903,432,819,7,3
904,432,1604,45,3
905,433,434,24,3
906,433,435,29,3
907,433,436,32,3
908,434,866,10,3
909,434,1161,34,3
910,436,440,19,3
911,437,438,2,3
912,437,439,30,3
913,437,440,45,3
914,438,857,25,3
915,438,1480,46,3
916,439,852,58,3
917,439,1191,84,3
918,440,1441,28,3
919,441,448,32,3
920,441,1451,15,3
921,442,443,52,3
922,442,444,16,3
923,442,445,19,3
924,442,446,103,3
925,443,1201,36,3
926,443,1644,32,3
927,444,452,79,3
928,444,884,72,3
929,445,1648,29,3
930,445,2213,53,3
931,447,1439,9,3
932,447,1440,11,3
933,448,449,27,3
934,448,450,60,3
935,449,871,11,3
936,449,1494,54,3
937,450,859,121,3
938,450,863,19,3
939,451,452,92,3
940,452,460,11,3
941,452,461,152,3
942,453,454,13,3
943,453,455,26,3
944,453,490,6,3
945,454,1476,17,3
946,454,1500,27,3
947,456,1640,42,3
948,457,466,1,3
949,457,2215,69,3
950,458,459,10,3
951,458,477,76,3
952,458,1471,1,3
953,459,1459,32,3
954,459,1474,21,3
955,460,462,84,3
956,460,1452,17,3
957,461,690,23,3
958,461,691,39,3
959,461,692,38,3
960,462,463,115,3
961,462,464,53,3
962,462,1514,52,3
963,463,465,5,3
964,463,479,13,3
965,464,1026,80,3
966,464,1453,89,3
967,465,469,58,3
968,465,554,97,3
969,466,467,36,3
970,466,468,111,3
971,467,481,16,3
972,467,1626,15,3
973,468,1199,4,3
974,468,1200,90,3
975,469,470,16,3
976,469,472,116,3
977,470,1261,21,3
978,470,1262,46,3
979,471,472,4,3
980,471,473,61,3
981,472,555,61,3
982,472,556,75,3
983,473,1232,12,3
984,473,555,5,3
985,474,490,40,3
986,474,547,27,3
987,474,548,111,3
988,475,546,6,3
989,476,477,5,3
990,476,478,156,3
991,476,855,15,3
992,477,554,155,3
993,477,547,110,3
994,478,1232,19,3
995,478,554,5,3
996,478,849,60,3
997,479,1460,62,3
998,479,1469,42,3
999,481,1647,32,3
1000,482,1648,30,3
1001,482,1650,11,3
1002,483,484,14,3
1003,483,485,13,3
1004,484,486,74,3
1005,485,513,74,3
1006,486,513,25,3
1007,486,487,105,3
1008,487,488,42,3
1009,488,2168,39,3
1010,489,1642,92,3
1011,491,606,124,3
1012,492,655,21,3
1013,492,826,77,3
1014,493,623,16,3
1015,493,621,21,3
1016,494,495,72,3
1017,494,496,17,3
1018,494,497,74,3
1019,494,843,33,3
1020,495,498,34,3
1021,496,2369,21,3
1022,497,846,10,3
1023,497,1409,32,3
1024,498,1055,55,3
1025,498,843,72,3
1026,499,500,11,3
1027,499,501,67,3
1028,499,502,16,3
1029,500,1939,18,3
1030,500,1943,13,3
1031,502,1941,76,3
1032,503,504,32,3
1033,503,505,37,3
1034,503,506,96,3
1035,504,525,41,3
1036,504,1886,68,3
1037,505,1897,32,3
1038,507,1241,38,3
1039,507,1242,6,3
1040,508,929,31,3
1041,508,2244,30,3
1042,509,510,13,3
1043,509,511,12,3
1044,509,512,74,3
1045,510,1037,17,3
1046,510,1038,107,3
1047,511,1291,14,3
1048,511,2209,32,3
1049,514,1040,27,3
1050,514,1041,30,3
1051,515,1245,107,3
1052,515,1246,8,3
1053,516,517,41,3
1054,516,518,46,3
1055,516,524,64,3
1056,517,1861,32,3
1057,517,1862,49,3
1058,518,1854,51,3
1059,518,1248,56,3
1060,519,1236,100,3
1061,519,1237,9,3
1062,520,521,30,3
1063,520,522,9,3
1064,520,523,145,3
1065,520,529,97,3
1066,521,936,28,3
1067,521,1047,59,3
1068,522,916,28,3
1069,522,917,91,3
1070,524,1249,37,3
1071,524,1859,52,3
1072,525,1892,37,3
1073,526,1880,40,3
1074,526,1882,23,3
1075,527,528,42,3
1076,527,529,45,3
1077,527,1234,35,3
1078,528,778,64,3
1079,528,1253,58,3
1080,529,915,159,3
1081,530,894,28,3
1082,530,2172,78,3
1083,531,532,51,3
1084,532,1162,323,3
1085,533,560,4,3
1086,533,549,44,3
1087,534,1199,178,3
1088,534,689,63,3
1089,535,536,12,3
1090,535,537,10,3
1091,535,538,26,3
1092,536,1272,30,3
1093,536,1693,22,3
1094,537,539,16,3
1095,537,1668,26,3
1096,539,540,14,3
1097,540,1696,39,3
1098,540,541,76,3
1099,541,542,43,3
1100,541,543,73,3
1101,542,578,10,3
1102,542,579,36,3
1103,543,574,18,3
1104,543,1679,14,3
1105,544,545,59,3
1106,544,546,68,3
1107,545,549,105,3
1108,545,550,179,3
1109,546,560,55,3
1110,546,1495,13,3
1111,549,553,4,3
1112,550,553,56,3
1113,550,1444,4,3
1114,551,552,25,3
1115,552,1158,15,3
1116,552,1158,49,3
1117,552,561,5,3
1118,554,559,19,3
1119,555,1487,42,3
1120,555,559,12,3
1121,556,859,63,3
1122,557,558,80,3
1123,558,865,36,3
1124,558,1157,42,3
1125,559,1232,5,3
1126,559,1486,18,3
1127,561,1160,15,3
1128,562,563,15,3
1129,562,564,17,3
1130,562,565,94,3
1131,563,679,41,3
1132,563,566,133,3
1133,564,1059,32,3
1134,564,1078,75,3
1135,565,1058,25,3
1136,565,685,31,3
1137,567,568,13,3
1138,567,569,63,3
1139,568,1327,16,3
1140,568,1329,56,3
1141,568,1328,56,3
1142,569,570,32,3
1143,569,1088,81,3
1144,570,571,13,3
1145,571,1554,26,3
1146,572,573,12,3
1147,572,574,59,3
1148,572,575,13,3
1149,573,579,45,3
1150,573,1688,14,3
1151,574,1060,86,3
1152,575,1681,37,3
1153,575,1679,34,3
1154,576,584,22,3
1155,576,1065,21,3
1156,577,1063,4,3
1157,577,1064,17,3
1158,578,1672,15,3
1159,578,1673,22,3
1160,579,1676,10,3
1161,580,581,90,3
1162,580,582,55,3
1163,580,583,68,3
1164,581,583,81,3
1165,582,1672,26,3
1166,582,1685,19,3
1167,583,1558,8,3
1168,584,585,70,3
1169,584,586,33,3
1170,585,590,7,3
1171,585,591,38,3
1172,586,587,17,3
1173,586,1709,39,3
1174,587,588,20,3
1175,587,589,24,3
1176,588,1068,41,3
1177,588,1094,67,3
1178,589,1708,56,3
1179,589,1093,50,3
1180,590,1066,22,3
1181,590,1067,26,3
1182,591,1095,37,3
1183,591,1094,86,3
1184,592,593,16,3
1185,592,594,17,3
1186,593,1095,16,3
1187,593,1098,38,3
1188,594,1100,23,3
1189,594,1097,132,3
1190,595,596,68,3
1191,596,597,17,3
1192,596,598,73,3
1193,597,1111,40,3
1194,597,599,64,3
1195,598,1101,51,3
1196,599,600,25,3
1197,600,601,37,3
1198,600,1112,73,3
1199,601,602,16,3
1200,601,603,49,3
1201,602,1533,45,3
1202,602,604,32,3
1203,604,605,134,3
1204,606,1313,43,3
1205,607,608,109,3
1206,608,1230,31,3
1207,609,610,61,3
1208,609,611,10,3
1209,610,618,51,3
1210,611,1311,25,3
1211,613,614,29,3
1212,613,615,164,3
1213,614,1308,1,3
1214,614,1317,140,3
1215,615,621,6,3
1216,616,617,35,3
1217,619,1285,70,3
1218,620,621,60,3
1219,620,622,19,3
1220,622,625,48,3
1221,623,625,40,3
1222,623,626,131,3
1223,625,627,47,3
1224,626,643,34,3
1225,626,655,34,3
1226,627,1309,57,3
1227,627,1310,60,3
1228,628,629,25,3
1229,628,630,89,3
1230,628,631,107,3
1231,629,632,36,3
1232,629,1144,21,3
1233,630,841,32,3
1234,630,1135,65,3
1235,631,1141,12,3
1236,631,1142,18,3
1237,632,633,6,3
1238,632,634,151,3
1239,633,637,24,3
1240,633,1369,85,3
1241,634,660,49,3
1242,634,661,17,3
1243,635,636,3,3
1244,635,637,32,3
1245,635,638,30,3
1246,636,1392,34,3
1247,636,1394,45,3
1248,637,1145,36,3
1249,638,1146,6,3
1250,638,1351,42,3
1251,639,640,76,3
1252,639,641,67,3
1253,640,645,190,3
1254,640,1286,108,3
1255,641,642,52,3
1256,642,1630,39,3
1257,642,1035,164,3
1258,643,644,91,3
1259,643,1309,3,3
1260,645,646,84,3
1261,646,1286,58,3
1262,647,648,64,3
1263,647,649,41,3
1264,647,650,120,3
1265,648,1148,36,3
1266,648,1349,40,3
1267,649,1334,29,3
1268,649,662,155,3
1269,650,662,32,3
1270,650,663,85,3
1271,651,652,118,3
1272,652,664,23,3
1273,652,665,108,3
1274,652,666,28,3
1275,653,654,16,3
1276,653,655,71,3
1277,653,826,46,3
1278,654,832,9,3
1279,654,827,56,3
1280,655,828,40,3
1281,656,657,49,3
1282,656,658,32,3
1283,656,659,118,3
1284,657,836,29,3
1285,657,837,123,3
1286,658,1149,25,3
1287,658,1147,48,3
1288,659,667,55,3
1289,659,663,141,3
1290,659,668,72,3
1291,660,838,44,3
1292,660,836,27,3
1293,663,672,158,3
1294,664,1280,52,3
1295,664,813,55,3
1296,664,1283,30,3
1297,665,669,51,3
1298,665,670,34,3
1299,666,813,29,3
1300,666,839,93,3
1301,669,671,150,3
1302,672,1079,39,3
1303,673,675,31,3
1304,673,1027,16,3
1305,674,1034,72,3
1306,674,1032,62,3
1307,675,676,24,3
1308,675,677,129,3
1309,676,1269,53,3
1310,676,678,116,3
1311,678,679,8,3
1312,678,680,112,3
1313,679,1610,79,3
1314,681,682,43,3
1315,681,683,144,3
1316,681,684,80,3
1317,682,857,39,3
1318,682,858,91,3
1319,683,861,51,3
1320,683,862,43,3
1321,684,1032,104,3
1322,684,1035,173,3
1323,685,686,12,3
1324,685,687,13,3
1325,686,861,197,3
1326,686,1270,33,3
1327,686,1269,56,3
1328,688,689,14,3
1329,689,1026,30,3
1330,690,882,10,3
1331,690,2207,38,3
1332,691,770,35,3
1333,692,770,34,3
1334,692,771,33,3
1335,693,694,35,3
1336,693,695,36,3
1337,694,696,36,3
1338,696,697,59,3
1339,697,1134,42,3
1340,697,702,33,3
1341,698,699,54,3
1342,698,700,47,3
1343,699,1398,11,3
1344,699,706,58,3
1345,700,1352,30,3
1346,700,1383,59,3
1347,701,702,40,3
1348,701,703,14,3
1349,701,704,9,3
1350,702,705,27,3
1351,703,1352,7,3
1352,703,1353,34,3
1353,704,1384,26,3
1354,704,1385,67,3
1355,706,1368,56,3
1356,707,1404,3,3
1357,707,1381,30,3
1358,708,709,69,3
1359,708,710,201,3
1360,709,762,3,3
1361,709,1760,12,3
1362,710,754,196,3
1363,710,755,115,3
1364,711,712,48,3
1365,711,713,13,3
1366,711,714,33,3
1367,713,715,71,3
1368,713,1836,34,3
1369,714,715,56,3
1370,714,716,36,3
1371,717,718,30,3
1372,717,719,30,3
1373,718,720,20,3
1374,718,1727,46,3
1375,720,721,15,3
1376,720,722,14,3
1377,721,723,13,3
1378,722,1725,12,3
1379,722,1725,67,3
1380,723,1724,32,3
1381,723,1723,26,3
1382,724,725,21,3
1383,724,726,34,3
1384,725,1180,27,3
1385,725,1293,49,3
1386,726,1953,27,3
1387,726,1957,18,3
1388,727,728,13,3
1389,727,729,22,3
1390,727,730,53,3
1391,728,731,41,3
1392,728,736,63,3
1393,729,1177,22,3
1394,729,1958,56,3
1395,730,1178,17,3
1396,730,1173,43,3
1397,731,732,56,3
1398,731,733,36,3
1399,732,736,42,3
1400,733,1960,6,3
1401,733,1961,25,3
1402,734,735,10,3
1403,735,1958,25,3
1404,735,1959,32,3
1405,736,1958,34,3
1406,737,744,51,3
1407,738,740,4,3
1408,738,879,27,3
1409,739,740,4,3
1410,739,741,65,3
1411,739,742,73,3
1412,740,1155,67,3
1413,741,747,8,3
1414,741,1260,25,3
1415,742,1155,6,3
1416,742,1156,13,3
1417,743,744,10,3
1418,743,745,43,3
1419,743,746,25,3
1420,744,879,16,3
1421,745,749,46,3
1422,745,2361,28,3
1423,747,748,41,3
1424,747,749,109,3
1425,748,751,63,3
1426,748,1562,27,3
1427,749,750,97,3
1428,750,885,7,3
1429,750,774,37,3
1430,751,752,70,3
1431,751,753,6,3
1432,752,1563,8,3
1433,752,1566,35,3
1434,753,1567,54,3
1435,753,1568,5,3
1436,754,759,90,3
1437,754,760,32,3
1438,754,756,16,3
1439,755,1567,11,3
1440,755,1571,68,3
1441,756,757,48,3
1442,756,758,73,3
1443,757,1227,15,3
1444,757,1763,40,3
1445,760,761,26,3
1446,760,1229,76,3
1447,761,762,48,3
1448,761,763,77,3
1449,762,764,64,3
1450,764,765,31,3
1451,764,766,34,3
1452,766,767,15,3
1453,766,768,41,3
1454,767,1758,63,3
1455,767,1215,113,3
1456,768,1777,15,3
1457,768,1778,2,3
1458,769,1798,25,3
1459,769,1799,27,3
1460,770,772,17,3
1461,771,2210,142,3
1462,771,884,48,3
1463,772,773,74,3
1464,772,774,67,3
1465,773,907,49,3
1466,773,2336,29,3
1467,774,886,111,3
1468,775,776,6,3
1469,775,777,27,3
1470,776,1248,10,3
1471,776,1250,264,3
1472,777,910,24,3
1473,777,1844,60,3
1474,778,779,11,3
1475,778,780,120,3
1476,779,949,50,3
1477,779,1253,46,3
1478,780,781,13,3
1479,780,942,15,3
1480,781,782,34,3
1481,782,791,28,3
1482,782,960,59,3
1483,783,784,38,3
1484,783,785,17,3
1485,783,786,10,3
1486,784,948,29,3
1487,784,1546,10,3
1488,785,787,24,3
1489,785,788,18,3
1490,786,1546,38,3
1491,787,792,33,3
1492,787,1273,44,3
1493,788,1518,17,3
1494,788,1519,43,3
1495,789,790,15,3
1496,789,791,50,3
1497,790,792,25,3
1498,791,1523,64,3
1499,792,1521,14,3
1500,793,794,36,3
1501,794,795,77,3
1502,795,796,44,3
1503,795,797,75,3
1504,795,798,62,3
1505,796,1072,45,3
1506,796,1074,60,3
1507,797,1074,48,3
1508,798,1070,66,3
1509,798,1071,7,3
1510,799,800,8,3
1511,799,801,4,3
1512,799,802,54,3
1513,800,1578,9,3
1514,800,1579,27,3
1515,801,803,84,3
1516,801,1582,37,3
1517,803,804,54,3
1518,803,805,61,3
1519,804,806,54,3
1520,804,807,45,3
1521,804,808,417,3
1522,805,1069,90,3
1523,806,811,135,3
1524,807,1076,237,3
1525,807,1722,66,3
1526,808,812,49,3
1527,808,1318,199,3
1528,809,810,5,3
1529,809,811,155,3
1530,809,812,13,3
1531,810,1585,10,3
1532,810,1585,60,3
1533,811,1584,33,3
1534,812,1583,30,3
1535,813,814,115,3
1536,814,851,29,3
1537,814,1600,30,3
1538,815,1421,24,3
1539,815,1035,59,3
1540,816,1054,127,3
1541,817,818,31,3
1542,817,819,33,3
1543,817,820,35,3
1544,818,1424,56,3
1545,819,1376,124,3
1546,820,830,126,3
1547,820,831,33,3
1548,821,822,25,3
1549,821,823,17,3
1550,821,824,42,3
1551,822,1423,68,3
1552,823,824,25,3
1553,824,1295,17,3
1554,824,1300,111,3
1555,825,1312,48,3
1556,827,833,41,3
1557,827,834,43,3
1558,828,829,59,3
1559,829,835,11,3
1560,829,1411,7,3
1561,830,1408,28,3
1562,830,1419,92,3
1563,832,835,15,3
1564,832,1611,22,3
1565,834,835,64,3
1566,836,1145,157,3
1567,837,1146,24,3
1568,837,1151,92,3
1569,838,1347,53,3
1570,841,1135,100,3
1571,842,843,29,3
1572,842,844,56,3
1573,844,845,49,3
1574,844,846,51,3
1575,845,1608,28,3
1576,846,848,56,3
1577,847,2371,20,3
1578,847,2373,60,3
1579,848,1054,8,3
1580,848,2370,51,3
1581,849,850,72,3
1582,849,1054,7,3
1583,850,1190,25,3
1584,850,1661,51,3
1585,851,852,12,3
1586,851,853,10,3
1587,852,1602,37,3
1588,853,854,11,3
1589,853,1598,22,3
1590,854,855,37,3
1591,854,856,59,3
1592,855,1462,10,3
1593,856,1053,65,3
1594,856,1190,23,3
1595,857,1483,36,3
1596,858,867,32,3
1597,858,862,116,3
1598,859,860,89,3
1599,860,870,60,3
1600,860,871,31,3
1601,860,1267,36,3
1602,861,864,53,3
1603,862,869,3,3
1604,864,873,11,3
1605,864,869,77,3
1606,864,874,43,3
1607,865,866,44,3
1608,865,867,24,3
1609,865,868,112,3
1610,866,1157,36,3
1611,867,1635,28,3
1612,868,875,16,3
1613,868,869,49,3
1614,868,874,77,3
1615,870,872,36,3
1616,870,1154,11,3
1617,871,872,63,3
1618,872,881,23,3
1619,873,1619,14,3
1620,873,1690,61,3
1621,875,878,10,3
1622,875,1638,9,3
1623,876,877,16,3
1624,877,1619,15,3
1625,877,1615,8,3
1626,878,1639,30,3
1627,879,880,23,3
1628,881,1446,12,3
1629,882,2206,38,3
1630,883,1506,5,3
1631,883,1507,28,3
1632,884,2211,61,3
1633,885,1565,14,3
1634,885,2362,13,3
1635,886,906,12,3
1636,886,2337,42,3
1637,887,888,21,3
1638,887,889,57,3
1639,887,890,30,3
1640,888,897,6,3
1641,888,2171,29,3
1642,889,1257,50,3
1643,889,902,140,3
1644,890,1198,84,3
1645,890,1534,71,3
1646,891,892,5,3
1647,891,893,27,3
1648,891,894,78,3
1649,892,2172,22,3
1650,892,2173,61,3
1651,893,903,4,3
1652,893,2177,78,3
1653,894,1022,23,3
1654,895,909,80,3
1655,896,900,2,3
1656,896,901,11,3
1657,897,898,32,3
1658,897,899,25,3
1659,898,902,35,3
1660,898,1257,15,3
1661,899,2162,11,3
1662,899,2163,70,3
1663,900,909,26,3
1664,900,2186,113,3
1665,901,2189,10,3
1666,902,903,95,3
1667,902,904,131,3
1668,903,905,24,3
1669,904,905,10,3
1670,904,914,17,3
1671,905,1024,79,3
1672,906,907,70,3
1673,906,908,72,3
1674,907,910,93,3
1675,908,918,51,3
1676,908,919,12,3
1677,909,911,29,3
1678,911,2191,18,3
1679,911,2194,35,3
1680,912,913,70,3
1681,914,2175,41,3
1682,915,943,40,3
1683,915,944,28,3
1684,916,2162,17,3
1685,916,2164,76,3
1686,917,1234,20,3
1687,917,2174,16,3
1688,918,920,27,3
1689,918,1847,41,3
1690,919,1845,20,3
1691,920,921,13,3
1692,920,922,17,3
1693,921,1222,29,3
1694,921,1223,56,3
1695,922,1848,12,3
1696,922,1849,56,3
1697,923,924,35,3
1698,923,925,82,3
1699,923,1241,16,3
1700,924,926,49,3
1701,924,927,56,3
1702,925,928,29,3
1703,925,2245,19,3
1704,926,1042,39,3
1705,926,2247,65,3
1706,928,929,9,3
1707,928,930,18,3
1708,929,1046,73,3
1709,930,937,21,3
1710,930,1276,59,3
1711,931,932,23,3
1712,932,933,70,3
1713,932,934,51,3
1714,933,945,7,3
1715,933,947,16,3
1716,934,935,7,3
1717,934,936,29,3
1718,935,937,152,3
1719,935,938,62,3
1720,936,1048,74,3
1721,936,1045,61,3
1722,937,939,5,3
1723,938,951,17,3
1724,938,952,37,3
1725,938,953,29,3
1726,939,940,6,3
1727,939,941,19,3
1728,940,2157,26,3
1729,941,2237,29,3
1730,941,2248,28,3
1731,942,950,18,3
1732,942,1550,22,3
1733,943,1529,16,3
1734,943,1530,47,3
1735,944,945,9,3
1736,944,2156,22,3
1737,945,946,38,3
1738,946,971,47,3
1739,946,2099,13,3
1740,947,951,16,3
1741,947,2101,28,3
1742,948,949,24,3
1743,948,950,49,3
1744,949,1252,47,3
1745,950,1551,21,3
1746,951,2100,11,3
1747,952,1980,42,3
1748,952,2158,89,3
1749,953,961,10,3
1750,953,2155,32,3
1751,954,955,86,3
1752,954,956,75,3
1753,954,957,40,3
1754,955,2239,40,3
1755,956,1996,42,3
1756,956,2004,12,3
1757,957,1991,22,3
1758,957,958,20,3
1759,958,959,158,3
1760,959,2241,28,3
1761,959,2249,18,3
1762,961,962,80,3
1763,961,963,9,3
1764,962,1979,16,3
1765,962,1980,41,3
1766,963,977,35,3
1767,963,2154,12,3
1768,964,966,10,3
1769,964,967,15,3
1770,965,1979,15,3
1771,966,1992,11,3
1772,966,1993,73,3
1773,967,1996,64,3
1774,968,969,10,3
1775,968,970,11,3
1776,969,1529,18,3
1777,969,1525,26,3
1778,970,973,16,3
1779,970,2032,63,3
1780,971,972,6,3
1781,971,973,9,3
1782,972,976,37,3
1783,972,2030,15,3
1784,973,2031,15,3
1785,974,975,25,3
1786,974,976,13,3
1787,974,977,1,3
1788,975,1052,2,3
1789,975,2119,62,3
1790,976,2026,27,3
1791,977,2120,62,3
1792,978,979,13,3
1793,978,980,3,3
1794,978,981,18,3
1795,979,2077,31,3
1796,979,980,140,3
1797,980,1987,12,3
1798,981,993,41,3
1799,981,2095,16,3
1800,982,983,22,3
1801,982,984,31,3
1802,982,985,109,3
1803,983,1049,39,3
1804,983,2092,26,3
1805,984,985,78,3
1806,984,987,66,3
1807,984,988,48,3
1808,985,986,10,3
1809,986,2041,11,3
1810,986,2269,25,3
1811,987,2090,24,3
1812,987,2088,10,3
1813,988,1003,13,3
1814,988,2312,19,3
1815,989,994,26,3
1816,989,2098,14,3
1817,990,991,24,3
1818,990,992,10,3
1819,991,997,13,3
1820,991,2121,48,3
1821,992,1009,53,3
1822,992,2274,32,3
1823,993,994,17,3
1824,993,995,74,3
1825,994,2096,12,3
1826,995,1002,17,3
1827,996,997,5,3
1828,996,998,43,3
1829,996,999,75,3
1830,997,2121,34,3
1831,998,1000,20,3
1832,998,1001,75,3
1833,999,1001,42,3
1834,999,1010,40,3
1835,1000,2107,16,3
1836,1001,1011,21,3
1837,1001,1012,100,3
1838,1002,2325,12,3
1839,1002,2328,16,3
1840,1002,2327,39,3
1841,1003,1004,44,3
1842,1003,1005,85,3
1843,1004,1007,10,3
1844,1004,1007,61,3
1845,1005,2273,30,3
1846,1006,1007,16,3
1847,1008,1017,59,3
1848,1008,1010,42,3
1849,1009,2275,30,3
1850,1010,1019,59,3
1851,1011,2105,12,3
1852,1012,1019,44,3
1853,1013,1015,9,3
1854,1013,1016,15,3
1855,1015,2271,25,3
1856,1015,2272,88,3
1857,1016,2325,12,3
1858,1016,2311,20,3
1859,1016,2326,49,3
1860,1017,1018,12,3
1861,1018,1019,29,3
1862,1019,1020,44,3
1863,1021,2352,70,3
1864,1021,2348,6,3
1865,1022,2177,4,3
1866,1022,2340,62,3
1867,1023,1024,58,3
1868,1023,1025,37,3
1869,1024,2177,28,3
1870,1025,1243,34,3
1871,1025,2175,29,3
1872,1027,1028,20,3
1873,1027,1036,104,3
1874,1029,1030,4,3
1875,1029,1031,5,3
1876,1029,1032,56,3
1877,1033,1034,32,3
1878,1034,1691,45,3
1879,1037,1038,11,3
1880,1038,2214,11,3
1881,1039,2223,39,3
1882,1039,1245,52,3
1883,1040,1044,39,3
1884,1041,2228,24,3
1885,1041,2235,19,3
1886,1042,1043,44,3
1887,1042,1044,79,3
1888,1044,2243,21,3
1889,1049,1050,18,3
1890,1049,1051,27,3
1891,1049,1052,36,3
1892,1050,2008,47,3
1893,1050,2007,11,3
1894,1051,2029,38,3
1895,1051,2087,23,3
1896,1052,2026,13,3
1897,1053,1189,39,3
1898,1053,1190,49,3
1899,1055,1056,41,3
1900,1056,1057,49,3
1901,1058,1060,43,3
1902,1058,1682,43,3
1903,1060,1061,113,3
1904,1060,1062,27,3
1905,1062,1271,14,3
1906,1062,1270,25,3
1907,1067,1542,6,3
1908,1067,1543,73,3
1909,1069,1077,4,3
1910,1070,1075,37,3
1911,1070,1075,207,3
1912,1071,1561,31,3
1913,1072,1073,46,3
1914,1072,1074,91,3
1915,1075,1076,43,3
1916,1076,1306,547,3
1917,1076,1307,60,3
1918,1077,1578,30,3
1919,1077,1580,37,3
1920,1079,1080,1,3
1921,1079,1081,29,3
1922,1080,1084,17,3
1923,1080,1435,14,3
1924,1081,1082,9,3
1925,1081,1083,21,3
1926,1083,1087,70,3
1927,1083,1087,82,3
1928,1084,1085,38,3
1929,1084,1086,31,3
1930,1085,1323,19,3
1931,1085,1434,23,3
1932,1087,1088,39,3
1933,1089,1430,16,3
1934,1089,1431,19,3
1935,1091,1092,58,3
1936,1092,1093,2,3
1937,1094,1096,111,3
1938,1095,1097,66,3
1939,1096,1102,17,3
1940,1096,1103,43,3
1941,1097,1098,14,3
1942,1098,1549,11,3
1943,1100,1545,15,3
1944,1102,1104,24,3
1945,1103,1105,56,3
1946,1103,1106,18,3
1947,1104,1710,36,3
1948,1105,1113,18,3
1949,1105,1109,40,3
1950,1105,1114,48,3
1951,1106,1711,17,3
1952,1106,1113,53,3
1953,1107,1108,34,3
1954,1107,1109,31,3
1955,1107,1110,31,3
1956,1108,1538,26,3
1957,1108,1539,22,3
1958,1109,1524,25,3
1959,1113,1115,32,3
1960,1116,2256,11,3
1961,1116,2257,7,3
1962,1117,1132,63,3
1963,1117,1936,3,3
1964,1117,1937,19,3
1965,1118,1132,6,3
1966,1119,1120,26,3
1967,1119,1121,7,3
1968,1119,1122,107,3
1969,1120,2352,31,3
1970,1120,2351,4,3
1971,1121,1123,6,3
1972,1121,1124,25,3
1973,1122,2343,17,3
1974,1122,1124,87,3
1975,1123,2351,26,3
1976,1123,1124,29,3
1977,1123,2355,31,3
1978,1124,1127,35,3
1979,1125,1126,11,3
1980,1126,1129,28,3
1981,1126,1128,16,3
1982,1126,1130,73,3
1983,1127,1131,90,3
1984,1129,1132,41,3
1985,1133,1363,7,3
1986,1133,1367,22,3
1987,1134,1365,11,3
1988,1134,1366,95,3
1989,1135,1138,38,3
1990,1136,1137,58,3
1991,1136,1138,30,3
1992,1136,1139,23,3
1993,1137,1140,31,3
1994,1137,1139,94,3
1995,1138,1140,57,3
1996,1138,1142,55,3
1997,1140,1143,34,3
1998,1142,1340,110,3
1999,1145,1146,32,3
2000,1148,1149,39,3
2001,1148,1150,27,3
2002,1149,1341,80,3
2003,1150,1153,28,3
2004,1150,1339,28,3
2005,1152,1153,18,3
2006,1153,1342,39,3
2007,1155,1156,20,3
2008,1157,1158,16,3
2009,1157,1159,4,3
2010,1158,1160,4,3
2011,1159,1160,16,3
2012,1163,1164,29,3
2013,1163,1165,5,3
2014,1164,1358,38,3
2015,1164,1361,33,3
2016,1165,1420,60,3
2017,1166,1167,33,3
2018,1166,1168,16,3
2019,1166,1169,42,3
2020,1167,1181,43,3
2021,1167,1954,11,3
2022,1168,1277,42,3
2023,1168,1170,110,3
2024,1169,1173,50,3
2025,1169,1174,48,3
2026,1170,1171,21,3
2027,1170,1172,34,3
2028,1171,1179,47,3
2029,1171,1174,24,3
2030,1173,1177,53,3
2031,1174,1178,23,3
2032,1177,1180,41,3
2033,1178,1950,21,3
2034,1180,1181,26,3
2035,1181,1956,22,3
2036,1182,1188,26,3
2037,1182,1918,56,3
2038,1183,1938,80,3
2039,1183,1967,44,3
2040,1185,1186,22,3
2041,1185,1187,75,3
2042,1186,1188,24,3
2043,1186,1962,25,3
2044,1187,1188,178,3
2045,1189,1612,4,3
2046,1189,1608,38,3
2047,1192,1193,24,3
2048,1194,1195,19,3
2049,1194,1196,35,3
2050,1195,1197,15,3
2051,1195,1198,40,3
2052,1196,1198,43,3
2053,1196,1531,59,3
2054,1197,1532,25,3
2055,1197,1255,58,3
2056,1199,1233,43,3
2057,1200,1201,12,3
2058,1200,1202,29,3
2059,1201,1656,21,3
2060,1202,1656,10,3
2061,1202,1654,15,3
2062,1203,1205,58,3
2063,1203,1207,28,3
2064,1203,1206,76,3
2065,1204,1208,26,3
2066,1204,1207,3,3
2067,1207,1209,59,3
2068,1207,1210,25,3
2069,1208,1211,20,3
2070,1208,1210,4,3
2071,1210,1212,61,3
2072,1210,1213,13,3
2073,1211,1215,69,3
2074,1211,1214,17,3
2075,1215,1775,85,3
2076,1216,1217,102,3
2077,1216,1218,120,3
2078,1217,1219,38,3
2079,1217,1220,26,3
2080,1218,1219,18,3
2081,1218,1811,44,3
2082,1220,1221,7,3
2083,1220,1780,58,3
2084,1222,1224,5,3
2085,1222,1225,74,3
2086,1224,1226,22,3
2087,1224,1850,34,3
2088,1226,1227,32,3
2089,1226,1228,76,3
2090,1227,1853,68,3
2091,1230,1316,27,3
2092,1233,1658,21,3
2093,1234,1235,115,3
2094,1236,2225,27,3
2095,1236,2139,153,3
2096,1237,1250,144,3
2097,1238,1239,10,3
2098,1238,1245,15,3
2099,1239,1246,120,3
2100,1240,2195,22,3
2101,1240,2196,56,3
2102,1241,2246,52,3
2103,1242,1243,4,3
2104,1242,1244,222,3
2105,1246,1247,3,3
2106,1247,2195,28,3
2107,1249,1868,15,3
2108,1249,1869,15,3
2109,1250,1881,2,3
2110,1250,2166,10,3
2111,1251,1252,31,3
2112,1252,1253,51,3
2113,1254,1255,24,3
2114,1254,1683,43,3
2115,1255,1256,43,3
2116,1256,1540,29,3
2117,1256,1541,38,3
2118,1257,2170,24,3
2119,1258,1259,19,3
2120,1259,1758,51,3
2121,1259,1756,14,3
2122,1261,1263,16,3
2123,1261,1264,34,3
2124,1263,1265,12,3
2125,1263,1266,34,3
2126,1264,1266,16,3
2127,1264,1266,146,3
2128,1265,1267,12,3
2129,1265,1461,61,3
2130,1267,1268,54,3
2131,1268,1442,5,3
2132,1268,1443,33,3
2133,1269,1669,24,3
2134,1270,1271,25,3
2135,1271,1272,173,3
2136,1273,1978,4,3
2137,1274,2008,57,3
2138,1274,2012,14,3
2139,1278,1279,49,3
2140,1279,1904,24,3
2141,1279,1932,22,3
2142,1280,1281,5,3
2143,1280,1282,7,3
2144,1286,1422,44,3
2145,1287,1386,28,3
2146,1288,1289,6,3
2147,1289,1314,39,3
2148,1290,1291,18,3
2149,1290,1292,44,3
2150,1291,2208,41,3
2151,1293,1907,21,3
2152,1294,1295,2,3
2153,1295,1296,85,3
2154,1295,1297,76,3
2155,1297,1301,13,3
2156,1297,1299,54,3
2157,1298,1299,70,3
2158,1299,1303,15,3
2159,1300,2366,23,3
2160,1300,2367,22,3
2161,1301,1304,38,3
2162,1302,1303,69,3
2163,1303,1304,16,3
2164,1304,1305,19,3
2165,1307,1586,36,3
2166,1307,1722,86,3
2167,1318,1577,37,3
2168,1319,1320,22,3
2169,1320,1438,54,3
2170,1321,1322,10,3
2171,1321,1322,156,3
2172,1322,1324,110,3
2173,1323,1325,44,3
2174,1327,1328,39,3
2175,1327,1328,70,3
2176,1330,1331,30,3
2177,1331,1337,4,3
2178,1331,1333,20,3
2179,1332,1333,17,3
2180,1332,1334,15,3
2181,1333,1335,5,3
2182,1334,1336,15,3
2183,1335,1338,14,3
2184,1336,1704,12,3
2185,1337,1338,6,3
2186,1343,1344,11,3
2187,1343,1345,20,3
2188,1344,1346,10,3
2189,1344,1346,59,3
2190,1346,1355,14,3
2191,1348,1349,100,3
2192,1348,1349,99,3
2193,1348,1350,31,3
2194,1352,1353,28,3
2195,1353,1354,45,3
2196,1355,1356,19,3
2197,1355,1357,5,3
2198,1358,1359,29,3
2199,1358,1360,61,3
2200,1362,1363,10,3
2201,1362,1364,130,3
2202,1366,1416,24,3
2203,1370,1371,10,3
2204,1370,1372,117,3
2205,1373,1374,13,3
2206,1373,1375,56,3
2207,1377,1378,16,3
2208,1377,1379,29,3
2209,1377,1380,24,3
2210,1378,1381,15,3
2211,1378,1382,29,3
2212,1381,1403,10,3
2213,1387,1388,112,3
2214,1388,1389,73,3
2215,1390,1391,29,3
2216,1390,1392,45,3
2217,1392,1393,27,3
2218,1394,1395,78,3
2219,1394,1396,30,3
2220,1397,1398,23,3
2221,1398,1399,17,3
2222,1398,1400,71,3
2223,1400,1401,28,3
2224,1400,1402,37,3
2225,1404,1405,19,3
2226,1404,1406,28,3
2227,1410,1411,34,3
2228,1411,1412,26,3
2229,1414,1415,14,3
2230,1415,1416,14,3
2231,1415,1417,4,3
2232,1416,1418,10,3
2233,1426,1427,24,3
2234,1426,1428,32,3
2235,1426,1429,36,3
2236,1428,1433,30,3
2237,1430,1432,17,3
2238,1435,1436,33,3
2239,1435,1437,49,3
2240,1439,1469,106,3
2241,1439,1492,82,3
2242,1446,1447,12,3
2243,1446,1448,23,3
2244,1448,1449,26,3
2245,1448,1450,41,3
2246,1453,1454,16,3
2247,1453,1455,11,3
2248,1454,1457,15,3
2249,1454,1516,49,3
2250,1456,1457,11,3
2251,1457,1516,65,3
2252,1458,1459,79,3
2253,1459,1460,29,3
2254,1460,1493,54,3
2255,1462,1467,18,3
2256,1462,1465,17,3
2257,1463,1464,14,3
2258,1463,1465,30,3
2259,1463,1466,31,3
2260,1465,1468,7,3
2261,1469,1470,32,3
2262,1471,1472,21,3
2263,1471,1475,15,3
2264,1472,1473,15,3
2265,1472,1474,11,3
2266,1473,1475,22,3
2267,1473,1476,33,3
2268,1474,1477,18,3
2269,1475,1476,10,3
2270,1477,1478,9,3
2271,1477,1479,19,3
2272,1481,1482,13,3
2273,1481,1483,15,3
2274,1481,1484,23,3
2275,1483,1485,9,3
2276,1487,1488,9,3
2277,1487,1489,24,3
2278,1488,1490,17,3
2279,1488,1491,36,3
2280,1495,1496,28,3
2281,1495,1497,14,3
2282,1497,1498,24,3
2283,1497,1499,30,3
2284,1501,1502,14,3
2285,1501,1503,16,3
2286,1501,1504,3,3
2287,1503,1505,2,3
2288,1503,1510,14,3
2289,1505,1514,16,3
2290,1505,1512,30,3
2291,1506,1508,15,3
2292,1506,1509,47,3
2293,1508,1510,12,3
2294,1508,1511,46,3
2295,1510,1512,45,3
2296,1512,1513,29,3
2297,1514,1515,49,3
2298,1516,1517,21,3
2299,1520,1521,16,3
2300,1521,1522,22,3
2301,1525,1526,18,3
2302,1525,1527,21,3
2303,1526,1528,21,3
2304,1526,1529,26,3
2305,1531,1535,15,3
2306,1531,1665,49,3
2307,1535,1536,27,3
2308,1538,1548,11,3
2309,1542,1559,36,3
2310,1542,1560,37,3
2311,1546,1547,39,3
2312,1555,1556,5,3
2313,1556,1557,43,3
2314,1556,1558,36,3
2315,1558,1560,17,3
2316,1560,1707,35,3
2317,1563,1564,37,3
2318,1563,1565,73,3
2319,1565,2365,26,3
2320,1567,1572,50,3
2321,1568,1569,2,3
2322,1568,1570,54,3
2323,1572,1573,17,3
2324,1572,1573,17,3
2325,1573,1574,11,3
2326,1575,1576,44,3
2327,1578,1591,26,3
2328,1581,1582,61,3
2329,1582,1722,28,3
2330,1586,1587,20,3
2331,1586,1588,16,3
2332,1589,1590,84,3
2333,1590,1593,20,3
2334,1590,1592,69,3
2335,1590,1595,40,3
2336,1592,1593,54,3
2337,1593,1594,30,3
2338,1594,2371,49,3
2339,1594,2368,26,3
2340,1595,1596,62,3
2341,1595,1597,92,3
2342,1599,1600,16,3
2343,1600,1601,15,3
2344,1603,1604,48,3
2345,1604,1605,15,3
2346,1605,1606,27,3
2347,1605,1607,26,3
2348,1608,1609,26,3
2349,1612,1613,23,3
2350,1612,1614,25,3
2351,1615,1616,24,3
2352,1615,1617,14,3
2353,1617,1618,25,3
2354,1619,1698,8,3
2355,1620,1621,16,3
2356,1620,1622,9,3
2357,1620,1623,14,3
2358,1622,1624,18,3
2359,1622,1625,23,3
2360,1623,1645,10,3
2361,1623,1626,15,3
2362,1626,1646,11,3
2363,1627,1628,72,3
2364,1628,1629,31,3
2365,1631,1632,37,3
2366,1631,1633,33,3
2367,1635,1636,4,3
2368,1635,1637,17,3
2369,1640,1642,11,3
2370,1642,1643,24,3
2371,1648,1649,15,3
2372,1650,1651,15,3
2373,1650,1652,15,3
2374,1652,1653,14,3
2375,1652,1654,15,3
2376,1654,1655,17,3
2377,1656,1657,7,3
2378,1658,1659,9,3
2379,1658,1660,37,3
2380,1662,1663,12,3
2381,1662,1664,42,3
2382,1665,1666,2,3
2383,1665,1667,47,3
2384,1671,1672,19,3
2385,1674,1675,19,3
2386,1674,1676,10,3
2387,1674,1677,12,3
2388,1676,1678,33,3
2389,1679,1680,13,3
2390,1684,1685,24,3
2391,1685,1686,33,3
2392,1687,1688,27,3
2393,1688,1689,73,3
2394,1693,1694,6,3
2395,1693,1695,11,3
2396,1697,1698,10,3
2397,1698,1699,6,3
2398,1700,1701,22,3
2399,1701,1704,12,3
2400,1701,1705,9,3
2401,1702,1703,22,3
2402,1703,1705,6,3
2403,1704,1705,22,3
2404,1712,1713,29,3
2405,1712,1714,85,3
2406,1712,1786,43,3
2407,1713,1790,15,3
2408,1713,1793,57,3
2409,1714,1948,15,3
2410,1714,1949,61,3
2411,1715,1716,34,3
2412,1716,1947,16,3
2413,1716,1899,10,3
2414,1717,1809,18,3
2415,1717,1806,29,3
2416,1718,1831,105,3
2417,1718,1833,13,3
2418,1720,1829,18,3
2419,1720,1834,68,3
2420,1721,1767,35,3
2421,1721,1771,68,3
2422,1725,1726,15,3
2423,1728,1729,43,3
2424,1728,1730,48,3
2425,1729,1734,56,3
2426,1730,1731,8,3
2427,1731,1732,6,3
2428,1732,1733,15,3
2429,1734,1735,15,3
2430,1734,1736,34,3
2431,1735,1737,23,3
2432,1735,1736,39,3
2433,1736,1738,34,3
2434,1738,1739,23,3
2435,1738,1740,47,3
2436,1740,1744,42,3
2437,1740,1741,100,3
2438,1741,1742,19,3
2439,1741,1743,71,3
2440,1743,1746,20,3
2441,1743,1748,22,3
2442,1744,1745,33,3
2443,1744,1746,10,3
2444,1746,1747,12,3
2445,1750,1751,7,3
2446,1750,1752,37,3
2447,1751,1840,21,3
2448,1751,1877,43,3
2449,1754,1755,19,3
2450,1755,1756,9,3
2451,1755,1759,21,3
2452,1756,1757,18,3
2453,1758,1776,78,3
2454,1760,1762,54,3
2455,1760,1761,58,3
2456,1764,1765,20,3
2457,1764,1766,26,3
2458,1764,1767,34,3
2459,1766,1768,7,3
2460,1766,1769,24,3
2461,1767,1770,52,3
2462,1770,1786,53,3
2463,1770,1786,53,3
2464,1772,1773,36,3
2465,1772,1774,75,3
2466,1772,1809,61,3
2467,1773,1823,8,3
2468,1773,1824,21,3
2469,1779,1780,8,3
2470,1779,1781,38,3
2471,1780,1782,10,3
2472,1782,1842,75,3
2473,1783,1784,22,3
2474,1783,1785,57,3
2475,1787,1788,42,3
2476,1787,1789,74,3
2477,1787,1840,42,3
2478,1788,2126,8,3
2479,1788,2217,65,3
2480,1790,1791,9,3
2481,1790,1792,21,3
2482,1791,2122,76,3
2483,1793,1794,32,3
2484,1793,1795,56,3
2485,1794,1796,5,3
2486,1794,1797,54,3
2487,1798,1801,90,3
2488,1801,1802,5,3
2489,1801,1803,3,3
2490,1803,1804,4,3
2491,1803,1805,29,3
2492,1806,1807,37,3
2493,1806,1808,19,3
2494,1809,1810,60,3
2495,1811,1812,42,3
2496,1811,1813,109,3
2497,1813,1814,55,3
2498,1818,1829,50,3
2499,1818,1830,75,3
2500,1819,1820,33,3
2501,1820,1821,10,3
2502,1820,1823,17,3
2503,1821,1826,27,3
2504,1821,1827,75,3
2505,1822,1823,76,3
2506,1823,1825,55,3
2507,1826,1828,76,3
2508,1829,1835,42,3
2509,1831,1834,16,3
2510,1832,1833,3,3
2511,1833,1834,103,3
2512,1837,1838,9,3
2513,1837,1839,64,3
2514,1840,1841,76,3
2515,1850,1851,23,3
2516,1850,1852,43,3
2517,1855,1856,12,3
2518,1855,1857,64,3
2519,1858,1887,69,3
2520,1859,1860,15,3
2521,1859,2167,35,3
2522,1863,1864,11,3
2523,1863,1865,4,3
2524,1863,1866,27,3
2525,1866,1867,3,3
2526,1866,1868,14,3
2527,1868,1896,33,3
2528,1869,1870,32,3
2529,1869,1871,21,3
2530,1871,1872,4,3
2531,1871,1873,10,3
2532,1872,1895,50,3
2533,1872,1894,58,3
2534,1873,1890,20,3
2535,1873,1874,68,3
2536,1875,1876,21,3
2537,1875,1877,15,3
2538,1875,1878,35,3
2539,1877,1879,21,3
2540,1880,1881,31,3
2541,1880,1883,15,3
2542,1882,1883,28,3
2543,1882,1885,43,3
2544,1883,1884,24,3
2545,1888,1889,15,3
2546,1888,1889,88,3
2547,1891,1892,34,3
2548,1891,1892,65,3
2549,1891,1893,1,3
2550,1898,1899,27,3
2551,1898,1900,39,3
2552,1899,1900,86,3
2553,1901,1902,55,3
2554,1901,1903,21,3
2555,1902,1904,11,3
2556,1902,1905,26,3
2557,1903,1935,19,3
2558,1903,1906,33,3
2559,1904,1929,39,3
2560,1908,1909,13,3
2561,1908,1910,15,3
2562,1908,1911,27,3
2563,1909,1912,34,3
2564,1909,1968,5,3
2565,1912,1913,46,3
2566,1912,1914,23,3
2567,1913,1916,16,3
2568,1915,1916,24,3
2569,1916,1917,68,3
2570,1919,1920,42,3
2571,1920,1921,8,3
2572,1920,1922,25,3
2573,1922,1923,10,3
2574,1922,1924,46,3
2575,1924,1969,12,3
2576,1924,1925,22,3
2577,1929,1930,27,3
2578,1929,1931,32,3
2579,1932,1933,14,3
2580,1932,1934,6,3
2581,1937,2345,8,3
2582,1937,2292,3,3
2583,1942,1943,38,3
2584,1943,1944,19,3
2585,1944,1945,12,3
2586,1944,1946,48,3
2587,1945,1963,40,3
2588,1948,1964,15,3
2589,1948,1965,49,3
2590,1951,1952,13,3
2591,1951,1953,14,3
2592,1951,1954,19,3
2593,1954,1955,13,3
2594,1963,1964,28,3
2595,1963,1965,9,3
2596,1965,1966,23,3
2597,1970,1971,16,3
2598,1970,1972,16,3
2599,1970,1973,52,3
2600,1971,1975,52,3
2601,1971,2002,18,3
2602,1972,2005,5,3
2603,1972,2006,7,3
2604,1973,1974,16,3
2605,1973,1975,16,3
2606,1974,1976,32,3
2607,1974,1977,21,3
2608,1975,2001,14,3
2609,1976,2006,12,3
2610,1976,2121,45,3
2611,1977,2054,24,3
2612,1977,2115,43,3
2613,1978,2082,8,3
2614,1979,1981,41,3
2615,1980,1981,16,3
2616,1982,1983,17,3
2617,1982,1984,44,3
2618,1983,2078,6,3
2619,1983,2080,42,3
2620,1985,1986,73,3
2621,1985,1986,73,3
2622,1987,2095,18,3
2623,1988,2051,16,3
2624,1988,2047,18,3
2625,1992,1994,19,3
2626,1992,2052,72,3
2627,1994,2053,30,3
2628,1996,1997,12,3
2629,1997,1998,14,3
2630,1997,2004,42,3
2631,1998,1999,42,3
2632,1998,2000,14,3
2633,1999,2004,14,3
2634,1999,2002,15,3
2635,2000,2003,11,3
2636,2000,2001,42,3
2637,2001,2003,3,3
2638,2002,2003,52,3
2639,2005,2147,10,3
2640,2005,2006,74,3
2641,2008,2088,199,3
2642,2009,2142,43,3
2643,2011,2012,21,3
2644,2012,2013,10,3
2645,2014,2015,63,3
2646,2016,2017,22,3
2647,2016,2018,10,3
2648,2016,2019,48,3
2649,2018,2020,23,3
2650,2018,2021,8,3
2651,2019,2022,11,3
2652,2022,2075,50,3
2653,2023,2024,45,3
2654,2026,2027,71,3
2655,2027,2028,2,3
2656,2027,2029,17,3
2657,2029,2032,17,3
2658,2029,2091,18,3
2659,2032,2033,14,3
2660,2033,2036,3,3
2661,2033,2034,53,3
2662,2034,2035,69,3
2663,2035,2036,12,3
2664,2036,2056,18,3
2665,2037,2039,17,3
2666,2037,2040,29,3
2667,2039,2041,12,3
2668,2039,2042,29,3
2669,2041,2270,25,3
2670,2043,2045,5,3
2671,2043,2044,30,3
2672,2043,2046,42,3
2673,2046,2056,29,3
2674,2047,2048,16,3
2675,2047,2049,11,3
2676,2048,2050,11,3
2677,2048,2051,18,3
2678,2054,2055,60,3
2679,2056,2057,8,3
2680,2058,2062,33,3
2681,2060,2061,3,3
2682,2061,2062,15,3
2683,2062,2063,12,3
2684,2065,2066,8,3
2685,2066,2067,11,3
2686,2066,2068,15,3
2687,2069,2070,6,3
2688,2069,2071,17,3
2689,2072,2073,10,3
2690,2072,2074,33,3
2691,2073,2146,21,3
2692,2073,2151,61,3
2693,2076,2077,72,3
2694,2077,2078,8,3
2695,2078,2079,15,3
2696,2082,2083,54,3
2697,2083,2084,47,3
2698,2084,2085,2,3
2699,2085,2266,28,3
2700,2087,2092,15,3
2701,2087,2092,105,3
2702,2088,2089,6,3
2703,2090,2143,9,3
2704,2095,2096,28,3
2705,2096,2097,12,3
2706,2102,2103,17,3
2707,2102,2104,16,3
2708,2102,2105,15,3
2709,2102,2106,15,3
2710,2105,2110,15,3
2711,2105,2111,17,3
2712,2106,2109,17,3
2713,2106,2107,14,3
2714,2107,2108,17,3
2715,2112,2113,10,3
2716,2112,2114,27,3
2717,2115,2116,14,3
2718,2115,2117,11,3
2719,2117,2118,15,3
2720,2123,2131,15,3
2721,2123,2134,25,3
2722,2126,2127,23,3
2723,2126,2128,75,3
2724,2127,2129,15,3
2725,2127,2130,74,3
2726,2129,2139,9,3
2727,2129,2140,43,3
2728,2131,2132,17,3
2729,2131,2133,25,3
2730,2135,2136,42,3
2731,2136,2137,44,3
2732,2136,2138,25,3
2733,2137,2141,14,3
2734,2137,2139,15,3
2735,2141,2222,60,3
2736,2143,2144,40,3
2737,2143,2145,25,3
2738,2146,2147,20,3
2739,2146,2148,30,3
2740,2147,2152,30,3
2741,2148,2149,14,3
2742,2148,2150,12,3
2743,2159,2160,12,3
2744,2159,2161,6,3
2745,2162,2169,25,3
2746,2166,2167,15,3
2747,2166,2225,13,3
2748,2167,2217,87,3
2749,2175,2176,21,3
2750,2178,2179,24,3
2751,2178,2180,6,3
2752,2178,2181,52,3
2753,2179,2183,2,3
2754,2179,2203,21,3
2755,2183,2184,42,3
2756,2183,2185,23,3
2757,2185,2188,13,3
2758,2185,2202,36,3
2759,2186,2187,6,3
2760,2186,2188,18,3
2761,2187,2205,54,3
2762,2188,2204,34,3
2763,2189,2200,42,3
2764,2191,2193,33,3
2765,2195,2201,56,3
2766,2217,2218,15,3
2767,2223,2229,35,3
2768,2223,2231,24,3
2769,2224,2225,73,3
2770,2228,2229,3,3
2771,2228,2230,30,3
2772,2229,2232,24,3
2773,2232,2233,11,3
2774,2232,2234,13,3
2775,2236,2237,15,3
2776,2237,2242,3,3
2777,2238,2239,16,3
2778,2238,2240,4,3
2779,2238,2241,17,3
2780,2239,2242,17,3
2781,2241,2242,16,3
2782,2250,2251,30,3
2783,2251,2264,4,3
2784,2251,2252,146,3
2785,2251,2265,10,3
2786,2253,2254,49,3
2787,2254,2255,26,3
2788,2254,2307,65,3
2789,2259,2260,14,3
2790,2259,2260,89,3
2791,2263,2310,29,3
2792,2265,2266,16,3
2793,2265,2266,91,3
2794,2267,2268,16,3
2795,2271,2291,2,3
2796,2271,2322,26,3
2797,2277,2281,3,3
2798,2277,2296,39,3
2799,2278,2279,15,3
2800,2279,2280,16,3
2801,2279,2281,28,3
2802,2281,2282,14,3
2803,2282,2295,20,3
2804,2282,2297,36,3
2805,2284,2285,6,3
2806,2284,2286,48,3
2807,2285,2301,8,3
2808,2285,2301,63,3
2809,2286,2287,20,3
2810,2286,2288,10,3
2811,2291,2292,95,3
2812,2292,2346,56,3
2813,2295,2298,35,3
2814,2301,2302,19,3
2815,2302,2330,3,3
2816,2302,2335,63,3
2817,2303,2304,28,3
2818,2303,2305,14,3
2819,2307,2308,22,3
2820,2313,2314,21,3
2821,2314,2315,15,3
2822,2315,2316,20,3
2823,2315,2317,15,3
2824,2317,2318,20,3
2825,2324,2325,22,3
2826,2325,2326,39,3
2827,2326,2327,11,3
2828,2327,2329,21,3
2829,2330,2332,24,3
2830,2338,2339,11,3
2831,2338,2339,91,3
2832,2341,2342,27,3
2833,2342,2343,13,3
2834,2343,2344,9,3
2835,2346,2348,57,3
2836,2347,2356,25,3
2837,2347,2357,21,3
2838,2348,2349,65,3
2839,2348,2350,14,3
2840,2349,2351,32,3
2841,2349,2352,4,3
2842,2349,2353,29,3
2843,2351,2354,30,3
2844,2358,2359,9,3
2845,2358,2360,17,3
2846,2362,2363,7,3
2847,2362,2364,21,3
2848,2371,2372,40,3
2849,2372,2375,1,3
2850,2372,2373,26,3
2851,2373,2374,19,3
