0,1,1,0,0,0,0,0,0,0,0,0
1,4,78,58,79,0,0,0,0,0,0,0
2,4,3,4,5,6,0,0,0,0,0,0
3,4,561,551,544,2,0,0,0,0,0,0
4,4,547,476,6,2,0,0,0,0,0,0
5,3,474,475,2,0,0,0,0,0,0,0
6,4,551,436,2,4,0,0,0,0,0,0
7,3,8,9,10,0,0,0,0,0,0,0
8,3,80,1692,7,0,0,0,0,0,0,0
9,3,878,99,7,0,0,0,0,0,0,0
10,3,11,12,7,0,0,0,0,0,0,0
11,3,874,1617,10,0,0,0,0,0,0,0
12,3,1272,1670,10,0,0,0,0,0,0,0
13,2,14,15,0,0,0,0,0,0,0,0
14,3,16,17,13,0,0,0,0,0,0,0
15,4,617,17,130,13,0,0,0,0,0,0
16,3,20,1420,14,0,0,0,0,0,0,0
17,4,1420,129,14,15,0,0,0,0,0,0
18,2,19,20,0,0,0,0,0,0,0,0
19,4,21,22,23,18,0,0,0,0,0,0
20,3,22,16,18,0,0,0,0,0,0,0
21,3,612,1133,19,0,0,0,0,0,0,0
22,3,135,19,20,0,0,0,0,0,0,0
23,1,19,0,0,0,0,0,0,0,0,0
24,3,25,26,27,0,0,0,0,0,0,0
25,3,620,606,24,0,0,0,0,0,0,0
26,2,491,24,0,0,0,0,0,0,0,0
27,3,622,31,24,0,0,0,0,0,0,0
28,3,29,30,31,0,0,0,0,0,0,0
29,1,28,0,0,0,0,0,0,0,0,0
30,3,1309,825,28,0,0,0,0,0,0,0
31,4,625,624,27,28,0,0,0,0,0,0
32,4,33,34,35,36,0,0,0,0,0,0
33,3,37,37,32,0,0,0,0,0,0,0
34,3,822,825,32,0,0,0,0,0,0,0
35,3,840,36,32,0,0,0,0,0,0,0
36,3,644,32,35,0,0,0,0,0,0,0
37,3,38,33,33,0,0,0,0,0,0,0
38,3,1301,823,37,0,0,0,0,0,0,0
39,4,40,41,42,43,0,0,0,0,0,0
40,3,1055,44,39,0,0,0,0,0,0,0
41,3,44,45,39,0,0,0,0,0,0,0
42,3,644,1706,39,0,0,0,0,0,0,0
43,3,828,1413,39,0,0,0,0,0,0,0
44,4,1056,1057,40,41,0,0,0,0,0,0
45,3,1057,410,41,0,0,0,0,0,0,0
46,3,47,48,413,0,0,0,0,0,0,0
47,4,158,159,160,46,0,0,0,0,0,0
48,3,162,163,46,0,0,0,0,0,0,0
49,4,50,51,52,53,0,0,0,0,0,0
50,4,56,441,737,49,0,0,0,0,0,0
51,3,450,160,49,0,0,0,0,0,0,0
52,3,737,738,49,0,0,0,0,0,0,0
53,3,166,1156,49,0,0,0,0,0,0,0
54,4,55,56,57,749,0,0,0,0,0,0
55,3,774,691,54,0,0,0,0,0,0,0
56,3,743,50,54,0,0,0,0,0,0,0
57,4,881,882,883,54,0,0,0,0,0,0
58,4,59,60,61,1,0,0,0,0,0,0
59,3,447,1026,58,0,0,0,0,0,0,0
60,3,531,534,58,0,0,0,0,0,0,0
61,3,548,490,58,0,0,0,0,0,0,0
62,3,63,64,65,0,0,0,0,0,0,0
63,3,80,1254,62,0,0,0,0,0,0,0
64,3,264,265,62,0,0,0,0,0,0,0
65,3,100,1628,62,0,0,0,0,0,0,0
66,3,67,68,69,0,0,0,0,0,0,0
67,4,553,98,532,66,0,0,0,0,0,0
68,3,480,69,66,0,0,0,0,0,0,0
69,3,480,66,68,0,0,0,0,0,0,0
70,3,71,72,73,0,0,0,0,0,0,0
71,3,604,599,70,0,0,0,0,0,0,0
72,3,595,592,70,0,0,0,0,0,0,0
73,3,1538,1100,70,0,0,0,0,0,0,0
74,3,75,76,77,0,0,0,0,0,0,0
75,3,86,1320,74,0,0,0,0,0,0,0
76,3,1323,1321,74,0,0,0,0,0,0,0
77,3,567,1326,74,0,0,0,0,0,0,0
78,4,480,533,531,1,0,0,0,0,0,0
79,4,475,548,560,1,0,0,0,0,0,0
80,3,81,8,63,0,0,0,0,0,0,0
81,3,539,89,80,0,0,0,0,0,0,0
82,3,83,84,85,0,0,0,0,0,0,0
83,3,595,1544,82,0,0,0,0,0,0,0
84,3,1535,1537,82,0,0,0,0,0,0,0
85,3,598,1099,82,0,0,0,0,0,0,0
86,3,87,88,75,0,0,0,0,0,0,0
87,3,1089,1090,86,0,0,0,0,0,0,0
88,1,86,0,0,0,0,0,0,0,0,0
89,3,90,91,81,0,0,0,0,0,0,0
90,3,541,91,89,0,0,0,0,0,0,0
91,3,1194,89,90,0,0,0,0,0,0,0
92,4,93,94,95,96,0,0,0,0,0,0
93,3,1994,1995,92,0,0,0,0,0,0,0
94,3,2054,2112,92,0,0,0,0,0,0,0
95,3,1274,1275,92,0,0,0,0,0,0,0
96,3,2009,2010,92,0,0,0,0,0,0,0
97,3,98,99,100,0,0,0,0,0,0,0
98,3,550,67,97,0,0,0,0,0,0,0
99,3,105,9,97,0,0,0,0,0,0,0
100,2,65,97,0,0,0,0,0,0,0,0
101,3,102,103,104,0,0,0,0,0,0,0
102,3,1430,1428,101,0,0,0,0,0,0,0
103,3,581,1425,101,0,0,0,0,0,0,0
104,3,576,577,101,0,0,0,0,0,0,0
105,3,558,1159,99,0,0,0,0,0,0,0
106,3,107,108,1715,0,0,0,0,0,0,0
107,3,1902,1901,106,0,0,0,0,0,0,0
108,4,109,110,111,106,0,0,0,0,0,0
109,3,1718,116,108,0,0,0,0,0,0,0
110,4,217,203,195,108,0,0,0,0,0,0
111,3,112,1816,108,0,0,0,0,0,0,0
112,3,113,114,111,0,0,0,0,0,0,0
113,3,114,142,112,0,0,0,0,0,0,0
114,3,1815,112,113,0,0,0,0,0,0,0
115,3,116,117,142,0,0,0,0,0,0,0
116,4,142,1717,109,115,0,0,0,0,0,0
117,3,1258,1813,115,0,0,0,0,0,0,0
118,4,119,120,121,1964,0,0,0,0,0,0
119,5,1719,1720,1721,1831,118,0,0,0,0,0
120,3,1945,1900,118,0,0,0,0,0,0,0
121,3,1715,1898,118,0,0,0,0,0,0,0
122,4,123,124,125,126,0,0,0,0,0,0
123,4,1182,1183,1184,122,0,0,0,0,0,0
124,3,1968,1968,122,0,0,0,0,0,0,0
125,4,1175,1170,1176,122,0,0,0,0,0,0
126,3,502,1940,122,0,0,0,0,0,0,0
127,3,128,129,130,0,0,0,0,0,0,0
128,3,415,399,127,0,0,0,0,0,0,0
129,4,138,139,17,127,0,0,0,0,0,0
130,3,414,15,127,0,0,0,0,0,0,0
131,3,132,133,134,0,0,0,0,0,0,0
132,4,320,346,347,131,0,0,0,0,0,0
133,3,1913,1928,131,0,0,0,0,0,0,0
134,3,1926,1927,131,0,0,0,0,0,0,0
135,3,1163,1370,22,0,0,0,0,0,0,0
136,1,137,0,0,0,0,0,0,0,0,0
137,3,195,140,136,0,0,0,0,0,0,0
138,3,399,139,129,0,0,0,0,0,0,0
139,3,1165,129,138,0,0,0,0,0,0,0
140,3,141,142,137,0,0,0,0,0,0,0
141,3,1837,192,140,0,0,0,0,0,0,0
142,4,113,115,116,140,0,0,0,0,0,0
143,3,144,145,146,0,0,0,0,0,0,0
144,3,228,248,143,0,0,0,0,0,0,0
145,2,153,143,0,0,0,0,0,0,0,0
146,4,152,153,154,143,0,0,0,0,0,0
147,4,148,149,150,151,0,0,0,0,0,0
148,3,339,2263,147,0,0,0,0,0,0,0
149,3,155,2260,147,0,0,0,0,0,0,0
150,4,288,266,228,147,0,0,0,0,0,0
151,3,210,2263,147,0,0,0,0,0,0,0
152,3,228,2307,146,0,0,0,0,0,0,0
153,4,247,238,145,146,0,0,0,0,0,0
154,3,2254,157,146,0,0,0,0,0,0,0
155,3,156,157,149,0,0,0,0,0,0,0
156,3,240,2300,155,0,0,0,0,0,0,0
157,3,2309,154,155,0,0,0,0,0,0,0
158,3,1306,165,47,0,0,0,0,0,0,0
159,4,556,471,413,47,0,0,0,0,0,0
160,3,1445,47,51,0,0,0,0,0,0,0
161,4,162,163,164,840,0,0,0,0,0,0
162,4,408,409,48,161,0,0,0,0,0,0
163,4,165,847,48,161,0,0,0,0,0,0
164,1,161,0,0,0,0,0,0,0,0,0
165,3,166,158,163,0,0,0,0,0,0,0
166,3,1306,53,165,0,0,0,0,0,0,0
167,3,168,169,170,0,0,0,0,0,0,0
168,2,1575,167,0,0,0,0,0,0,0,0
169,3,806,170,167,0,0,0,0,0,0,0
170,3,1585,167,169,0,0,0,0,0,0,0
171,4,172,173,174,175,0,0,0,0,0,0
172,3,2035,2046,171,0,0,0,0,0,0,0
173,3,1978,1989,171,0,0,0,0,0,0,0
174,3,211,2082,171,0,0,0,0,0,0,0
175,4,218,219,220,171,0,0,0,0,0,0
176,3,177,178,212,0,0,0,0,0,0,0
177,3,1284,618,176,0,0,0,0,0,0,0
178,3,1315,1289,176,0,0,0,0,0,0,0
179,4,180,181,182,1243,0,0,0,0,0,0
180,4,507,508,523,179,0,0,0,0,0,0
181,3,523,522,179,0,0,0,0,0,0,0
182,3,914,2165,179,0,0,0,0,0,0,0
183,3,184,185,220,0,0,0,0,0,0,0
184,3,915,1552,183,0,0,0,0,0,0,0
185,3,527,1553,183,0,0,0,0,0,0,0
186,3,187,188,189,0,0,0,0,0,0,0
187,3,350,1248,186,0,0,0,0,0,0,0
188,3,919,1846,186,0,0,0,0,0,0,0
189,3,1203,1204,186,0,0,0,0,0,0,0
190,4,191,192,193,194,0,0,0,0,0,0
191,3,1729,202,190,0,0,0,0,0,0,0
192,4,198,199,141,190,0,0,0,0,0,0
193,4,716,717,196,190,0,0,0,0,0,0
194,3,215,1740,190,0,0,0,0,0,0,0
195,4,196,197,110,137,0,0,0,0,0,0
196,3,1843,193,195,0,0,0,0,0,0,0
197,3,715,716,195,0,0,0,0,0,0,0
198,3,1219,1753,192,0,0,0,0,0,0,0
199,3,1782,1783,192,0,0,0,0,0,0,0
200,3,201,202,203,0,0,0,0,0,0,0
201,3,1293,734,200,0,0,0,0,0,0,0
202,3,1731,191,200,0,0,0,0,0,0,0
203,4,724,721,110,200,0,0,0,0,0,0
204,4,205,206,207,287,0,0,0,0,0,0
205,4,519,235,1238,204,0,0,0,0,0,0
206,3,1239,1240,204,0,0,0,0,0,0,0
207,3,2180,2182,204,0,0,0,0,0,0,0
208,3,209,210,211,0,0,0,0,0,0,0
209,3,2084,2265,208,0,0,0,0,0,0,0
210,3,338,151,208,0,0,0,0,0,0,0
211,3,2043,174,208,0,0,0,0,0,0,0
212,3,213,214,176,0,0,0,0,0,0,0
213,3,1230,1231,212,0,0,0,0,0,0,0
214,4,492,423,493,212,0,0,0,0,0,0
215,2,216,194,0,0,0,0,0,0,0,0
216,1,215,0,0,0,0,0,0,0,0,0
217,3,1166,1953,110,0,0,0,0,0,0,0
218,3,968,2034,175,0,0,0,0,0,0,0
219,3,786,1990,175,0,0,0,0,0,0,0
220,4,580,1251,175,183,0,0,0,0,0,0
221,2,222,223,0,0,0,0,0,0,0,0
222,3,267,392,221,0,0,0,0,0,0,0
223,3,1005,258,221,0,0,0,0,0,0,0
224,3,225,226,227,0,0,0,0,0,0,0
225,3,356,2227,224,0,0,0,0,0,0,0
226,4,270,271,272,224,0,0,0,0,0,0
227,3,237,2226,224,0,0,0,0,0,0,0
228,4,229,144,150,152,0,0,0,0,0,0
229,3,248,266,228,0,0,0,0,0,0,0
230,3,231,232,233,0,0,0,0,0,0,0
231,3,1012,343,230,0,0,0,0,0,0,0
232,3,345,2293,230,0,0,0,0,0,0,0
233,3,1021,1014,230,0,0,0,0,0,0,0
234,3,235,236,237,0,0,0,0,0,0,0
235,3,1039,205,234,0,0,0,0,0,0,0
236,3,357,2221,234,0,0,0,0,0,0,0
237,3,1040,227,234,0,0,0,0,0,0,0
238,4,239,240,241,153,0,0,0,0,0,0
239,3,269,2259,238,0,0,0,0,0,0,0
240,3,2299,156,238,0,0,0,0,0,0,0
241,3,392,284,238,0,0,0,0,0,0,0
242,3,243,244,245,0,0,0,0,0,0,0
243,3,2058,2059,242,0,0,0,0,0,0,0
244,3,386,387,242,0,0,0,0,0,0,0
245,4,266,277,278,242,0,0,0,0,0,0
246,1,247,0,0,0,0,0,0,0,0,0
247,3,284,153,246,0,0,0,0,0,0,0
248,3,299,144,229,0,0,0,0,0,0,0
249,4,250,251,252,253,0,0,0,0,0,0
250,3,1014,2346,249,0,0,0,0,0,0,0
251,3,362,2262,249,0,0,0,0,0,0,0
252,3,1117,1118,249,0,0,0,0,0,0,0
253,1,249,0,0,0,0,0,0,0,0,0
254,4,255,256,257,258,0,0,0,0,0,0
255,2,263,254,0,0,0,0,0,0,0,0
256,3,310,2283,254,0,0,0,0,0,0,0
257,3,332,333,254,0,0,0,0,0,0,0
258,3,1006,223,254,0,0,0,0,0,0,0
259,3,260,261,262,0,0,0,0,0,0,0
260,3,283,989,259,0,0,0,0,0,0,0
261,3,995,342,259,0,0,0,0,0,0,0
262,3,1000,343,259,0,0,0,0,0,0,0
263,3,1122,332,255,0,0,0,0,0,0,0
264,3,487,2159,64,0,0,0,0,0,0,0
265,3,513,305,64,0,0,0,0,0,0,0
266,4,299,150,229,245,0,0,0,0,0,0
267,3,268,269,222,0,0,0,0,0,0,0
268,3,339,2267,267,0,0,0,0,0,0,0
269,3,2267,239,267,0,0,0,0,0,0,0
270,3,2051,2069,226,0,0,0,0,0,0,0
271,3,2066,2014,226,0,0,0,0,0,0,0
272,3,2064,958,226,0,0,0,0,0,0,0
273,3,274,275,276,0,0,0,0,0,0,0
274,3,1233,275,273,0,0,0,0,0,0,0
275,3,349,273,274,0,0,0,0,0,0,0
276,3,1640,1641,273,0,0,0,0,0,0,0
277,3,330,1116,245,0,0,0,0,0,0,0
278,3,288,2061,245,0,0,0,0,0,0,0
279,4,280,281,282,283,0,0,0,0,0,0
280,3,1987,1986,279,0,0,0,0,0,0,0
281,3,2072,2125,279,0,0,0,0,0,0,0
282,3,1988,1985,279,0,0,0,0,0,0,0
283,3,2124,260,279,0,0,0,0,0,0,0
284,2,241,247,0,0,0,0,0,0,0,0
285,3,286,287,1881,0,0,0,0,0,0,0
286,3,1037,2180,285,0,0,0,0,0,0,0
287,3,1237,204,285,0,0,0,0,0,0,0
288,4,289,290,150,278,0,0,0,0,0,0
289,3,316,2060,288,0,0,0,0,0,0,0
290,4,2085,2083,2086,288,0,0,0,0,0,0
291,3,292,293,294,0,0,0,0,0,0,0
292,3,2090,2320,291,0,0,0,0,0,0,0
293,3,308,309,291,0,0,0,0,0,0,0
294,3,371,2276,291,0,0,0,0,0,0,0
295,3,296,297,298,0,0,0,0,0,0,0
296,3,488,2198,295,0,0,0,0,0,0,0
297,3,2172,2197,295,0,0,0,0,0,0,0
298,4,313,530,486,295,0,0,0,0,0,0
299,3,331,248,266,0,0,0,0,0,0,0
300,4,301,302,303,304,0,0,0,0,0,0
301,3,2291,2323,300,0,0,0,0,0,0,0
302,3,2284,2303,300,0,0,0,0,0,0,0
303,3,2289,2290,300,0,0,0,0,0,0,0
304,3,2333,2334,300,0,0,0,0,0,0,0
305,3,306,307,265,0,0,0,0,0,0,0
306,3,485,1662,305,0,0,0,0,0,0,0
307,3,348,349,305,0,0,0,0,0,0,0
308,3,2009,2153,293,0,0,0,0,0,0,0
309,3,990,2117,293,0,0,0,0,0,0,0
310,3,311,312,256,0,0,0,0,0,0,0
311,3,1006,2319,310,0,0,0,0,0,0,0
312,4,2278,371,2321,310,0,0,0,0,0,0
313,3,314,315,298,0,0,0,0,0,0,0
314,4,895,894,896,313,0,0,0,0,0,0
315,3,484,1634,313,0,0,0,0,0,0,0
316,3,317,318,289,0,0,0,0,0,0,0
317,3,2058,2060,316,0,0,0,0,0,0,0
318,4,1273,790,1192,316,0,0,0,0,0,0
319,2,320,321,0,0,0,0,0,0,0,0
320,3,1925,132,319,0,0,0,0,0,0,0
321,1,319,0,0,0,0,0,0,0,0,0
322,4,323,324,325,1858,0,0,0,0,0,0
323,3,1750,1749,322,0,0,0,0,0,0,0
324,1,322,0,0,0,0,0,0,0,0,0
325,1,322,0,0,0,0,0,0,0,0,0
326,3,327,328,329,0,0,0,0,0,0,0
327,3,1818,1817,326,0,0,0,0,0,0,0
328,3,1858,1855,326,0,0,0,0,0,0,0
329,3,769,1826,326,0,0,0,0,0,0,0
330,2,331,277,0,0,0,0,0,0,0,0
331,2,299,330,0,0,0,0,0,0,0,0
332,3,1018,257,263,0,0,0,0,0,0,0
333,3,1017,2295,257,0,0,0,0,0,0,0
334,3,335,336,337,0,0,0,0,0,0,0
335,3,1290,2212,334,0,0,0,0,0,0,0
336,3,481,482,334,0,0,0,0,0,0,0
337,3,505,446,334,0,0,0,0,0,0,0
338,3,2037,2038,210,0,0,0,0,0,0,0
339,4,340,341,148,268,0,0,0,0,0,0
340,3,1003,2317,339,0,0,0,0,0,0,0
341,3,985,2314,339,0,0,0,0,0,0,0
342,4,343,344,345,261,0,0,0,0,0,0
343,4,1011,231,262,342,0,0,0,0,0,0
344,3,1013,1014,342,0,0,0,0,0,0,0
345,3,2294,232,342,0,0,0,0,0,0,0
346,3,369,370,132,0,0,0,0,0,0,0
347,3,362,363,132,0,0,0,0,0,0,0
348,3,489,483,307,0,0,0,0,0,0,0
349,3,2216,275,307,0,0,0,0,0,0,0
350,3,351,352,187,0,0,0,0,0,0,0
351,3,1888,1889,350,0,0,0,0,0,0,0
352,3,1798,1800,350,0,0,0,0,0,0,0
353,3,354,355,913,0,0,0,0,0,0,0
354,3,895,2339,353,0,0,0,0,0,0,0
355,3,1023,2338,353,0,0,0,0,0,0,0
356,3,357,358,225,0,0,0,0,0,0,0
357,3,2220,236,356,0,0,0,0,0,0,0
358,3,359,2219,356,0,0,0,0,0,0,0
359,4,360,361,2141,358,0,0,0,0,0,0
360,3,384,2093,359,0,0,0,0,0,0,0
361,3,2094,2014,359,0,0,0,0,0,0,0
362,3,2261,251,347,0,0,0,0,0,0,0
363,1,347,0,0,0,0,0,0,0,0,0
364,4,365,366,367,368,0,0,0,0,0,0
365,4,940,2025,2024,364,0,0,0,0,0,0
366,3,964,965,364,0,0,0,0,0,0,0
367,3,1981,965,364,0,0,0,0,0,0,0
368,4,955,2024,967,364,0,0,0,0,0,0
369,3,2330,2331,346,0,0,0,0,0,0,0
370,3,2019,2358,346,0,0,0,0,0,0,0
371,4,372,373,294,312,0,0,0,0,0,0
372,4,999,1008,1009,371,0,0,0,0,0,0
373,3,2277,2278,371,0,0,0,0,0,0,0
374,3,375,376,377,0,0,0,0,0,0,0
375,3,2189,2199,374,0,0,0,0,0,0,0
376,3,489,456,374,0,0,0,0,0,0,0
377,3,393,2190,374,0,0,0,0,0,0,0
378,3,379,380,775,0,0,0,0,0,0,0
379,3,446,910,378,0,0,0,0,0,0,0
380,4,524,525,526,378,0,0,0,0,0,0
381,4,382,383,384,385,0,0,0,0,0,0
382,3,1791,2123,381,0,0,0,0,0,0,0
383,3,1982,2075,381,0,0,0,0,0,0,0
384,3,2081,360,381,0,0,0,0,0,0,0
385,3,2022,2075,381,0,0,0,0,0,0,0
386,2,2258,244,0,0,0,0,0,0,0,0
387,3,789,781,244,0,0,0,0,0,0,0
388,4,389,390,391,1247,0,0,0,0,0,0
389,3,2191,2192,388,0,0,0,0,0,0,0
390,4,514,515,1043,388,0,0,0,0,0,0
391,3,1043,913,388,0,0,0,0,0,0,0
392,3,2306,222,241,0,0,0,0,0,0,0
393,3,394,395,377,0,0,0,0,0,0,0
394,3,456,457,393,0,0,0,0,0,0,0
395,3,2187,901,393,0,0,0,0,0,0,0
396,3,397,398,399,0,0,0,0,0,0,0
397,3,639,641,396,0,0,0,0,0,0,0
398,3,1139,631,396,0,0,0,0,0,0,0
399,3,128,138,396,0,0,0,0,0,0,0
400,3,401,402,403,0,0,0,0,0,0,0
401,2,1337,400,0,0,0,0,0,0,0,0
402,4,1390,1343,1388,400,0,0,0,0,0,0
403,3,706,707,400,0,0,0,0,0,0,0
404,3,405,406,407,0,0,0,0,0,0,0
405,3,426,1407,404,0,0,0,0,0,0,0
406,3,838,841,404,0,0,0,0,0,0,0
407,3,673,674,404,0,0,0,0,0,0,0
408,3,495,840,162,0,0,0,0,0,0,0
409,3,816,496,162,0,0,0,0,0,0,0
410,4,411,412,835,45,0,0,0,0,0,0
411,3,1057,842,410,0,0,0,0,0,0,0
412,3,834,845,410,0,0,0,0,0,0,0
413,3,816,46,159,0,0,0,0,0,0,0
414,3,415,420,130,0,0,0,0,0,0,0
415,3,639,128,414,0,0,0,0,0,0,0
416,5,417,418,419,420,1287,0,0,0,0,0
417,3,618,619,416,0,0,0,0,0,0,0
418,3,1373,646,416,0,0,0,0,0,0,0
419,3,610,616,416,0,0,0,0,0,0,0
420,3,616,414,416,0,0,0,0,0,0,0
421,3,422,423,424,0,0,0,0,0,0,0
422,3,818,645,421,0,0,0,0,0,0,0
423,3,425,214,421,0,0,0,0,0,0,0
424,3,1287,619,421,0,0,0,0,0,0,0
425,3,826,827,423,0,0,0,0,0,0,0
426,3,427,428,405,0,0,0,0,0,0,0
427,3,1035,1631,426,0,0,0,0,0,0,0
428,1,426,0,0,0,0,0,0,0,0,0
429,3,430,431,432,0,0,0,0,0,0,0
430,3,815,669,429,0,0,0,0,0,0,0
431,1,429,0,0,0,0,0,0,0,0,0
432,3,819,1604,429,0,0,0,0,0,0,0
433,3,434,435,436,0,0,0,0,0,0,0
434,3,866,1161,433,0,0,0,0,0,0,0
435,1,433,0,0,0,0,0,0,0,0,0
436,3,440,6,433,0,0,0,0,0,0,0
437,3,438,439,440,0,0,0,0,0,0,0
438,3,857,1480,437,0,0,0,0,0,0,0
439,3,852,1191,437,0,0,0,0,0,0,0
440,3,1441,436,437,0,0,0,0,0,0,0
441,3,448,1451,50,0,0,0,0,0,0,0
442,4,443,444,445,446,0,0,0,0,0,0
443,3,1201,1644,442,0,0,0,0,0,0,0
444,3,452,884,442,0,0,0,0,0,0,0
445,3,1648,2213,442,0,0,0,0,0,0,0
446,3,337,379,442,0,0,0,0,0,0,0
447,3,1439,1440,59,0,0,0,0,0,0,0
448,3,449,450,441,0,0,0,0,0,0,0
449,3,871,1494,448,0,0,0,0,0,0,0
450,4,859,863,51,448,0,0,0,0,0,0
451,1,452,0,0,0,0,0,0,0,0,0
452,4,460,461,444,451,0,0,0,0,0,0
453,3,454,455,490,0,0,0,0,0,0,0
454,3,1476,1500,453,0,0,0,0,0,0,0
455,1,453,0,0,0,0,0,0,0,0,0
456,3,1640,376,394,0,0,0,0,0,0,0
457,3,466,2215,394,0,0,0,0,0,0,0
458,3,459,477,1471,0,0,0,0,0,0,0
459,3,1459,1474,458,0,0,0,0,0,0,0
460,3,462,1452,452,0,0,0,0,0,0,0
461,4,690,691,692,452,0,0,0,0,0,0
462,4,463,464,1514,460,0,0,0,0,0,0
463,3,465,479,462,0,0,0,0,0,0,0
464,3,1026,1453,462,0,0,0,0,0,0,0
465,3,469,554,463,0,0,0,0,0,0,0
466,3,467,468,457,0,0,0,0,0,0,0
467,3,481,1626,466,0,0,0,0,0,0,0
468,3,1199,1200,466,0,0,0,0,0,0,0
469,3,470,472,465,0,0,0,0,0,0,0
470,3,1261,1262,469,0,0,0,0,0,0,0
471,3,472,473,159,0,0,0,0,0,0,0
472,4,555,556,469,471,0,0,0,0,0,0
473,3,1232,555,471,0,0,0,0,0,0,0
474,4,490,547,548,5,0,0,0,0,0,0
475,3,546,5,79,0,0,0,0,0,0,0
476,4,477,478,855,4,0,0,0,0,0,0
477,4,554,547,458,476,0,0,0,0,0,0
478,4,1232,554,849,476,0,0,0,0,0,0
479,3,1460,1469,463,0,0,0,0,0,0,0
480,3,68,69,78,0,0,0,0,0,0,0
481,3,1647,336,467,0,0,0,0,0,0,0
482,3,1648,1650,336,0,0,0,0,0,0,0
483,3,484,485,348,0,0,0,0,0,0,0
484,3,486,315,483,0,0,0,0,0,0,0
485,3,513,306,483,0,0,0,0,0,0,0
486,4,513,487,298,484,0,0,0,0,0,0
487,3,488,264,486,0,0,0,0,0,0,0
488,3,2168,296,487,0,0,0,0,0,0,0
489,3,1642,348,376,0,0,0,0,0,0,0
490,3,61,453,474,0,0,0,0,0,0,0
491,2,606,26,0,0,0,0,0,0,0,0
492,3,655,826,214,0,0,0,0,0,0,0
493,3,623,621,214,0,0,0,0,0,0,0
494,4,495,496,497,843,0,0,0,0,0,0
495,3,498,408,494,0,0,0,0,0,0,0
496,3,2369,409,494,0,0,0,0,0,0,0
497,3,846,1409,494,0,0,0,0,0,0,0
498,3,1055,843,495,0,0,0,0,0,0,0
499,3,500,501,502,0,0,0,0,0,0,0
500,3,1939,1943,499,0,0,0,0,0,0,0
501,1,499,0,0,0,0,0,0,0,0,0
502,3,1941,126,499,0,0,0,0,0,0,0
503,3,504,505,506,0,0,0,0,0,0,0
504,3,525,1886,503,0,0,0,0,0,0,0
505,3,1897,337,503,0,0,0,0,0,0,0
506,1,503,0,0,0,0,0,0,0,0,0
507,3,1241,1242,180,0,0,0,0,0,0,0
508,3,929,2244,180,0,0,0,0,0,0,0
509,3,510,511,512,0,0,0,0,0,0,0
510,3,1037,1038,509,0,0,0,0,0,0,0
511,3,1291,2209,509,0,0,0,0,0,0,0
512,1,509,0,0,0,0,0,0,0,0,0
513,3,265,485,486,0,0,0,0,0,0,0
514,3,1040,1041,390,0,0,0,0,0,0,0
515,3,1245,1246,390,0,0,0,0,0,0,0
516,3,517,518,524,0,0,0,0,0,0,0
517,3,1861,1862,516,0,0,0,0,0,0,0
518,3,1854,1248,516,0,0,0,0,0,0,0
519,3,1236,1237,205,0,0,0,0,0,0,0
520,4,521,522,523,529,0,0,0,0,0,0
521,3,936,1047,520,0,0,0,0,0,0,0
522,4,916,917,181,520,0,0,0,0,0,0
523,3,180,181,520,0,0,0,0,0,0,0
524,4,1249,1859,380,516,0,0,0,0,0,0
525,3,1892,380,504,0,0,0,0,0,0,0
526,3,1880,1882,380,0,0,0,0,0,0,0
527,4,528,529,1234,185,0,0,0,0,0,0
528,3,778,1253,527,0,0,0,0,0,0,0
529,3,915,520,527,0,0,0,0,0,0,0
530,3,894,2172,298,0,0,0,0,0,0,0
531,3,532,60,78,0,0,0,0,0,0,0
532,3,1162,67,531,0,0,0,0,0,0,0
533,3,560,549,78,0,0,0,0,0,0,0
534,3,1199,689,60,0,0,0,0,0,0,0
535,3,536,537,538,0,0,0,0,0,0,0
536,3,1272,1693,535,0,0,0,0,0,0,0
537,3,539,1668,535,0,0,0,0,0,0,0
538,1,535,0,0,0,0,0,0,0,0,0
539,3,540,81,537,0,0,0,0,0,0,0
540,3,1696,541,539,0,0,0,0,0,0,0
541,4,542,543,90,540,0,0,0,0,0,0
542,3,578,579,541,0,0,0,0,0,0,0
543,3,574,1679,541,0,0,0,0,0,0,0
544,3,545,546,3,0,0,0,0,0,0,0
545,3,549,550,544,0,0,0,0,0,0,0
546,4,560,1495,475,544,0,0,0,0,0,0
547,3,4,474,477,0,0,0,0,0,0,0
548,3,61,79,474,0,0,0,0,0,0,0
549,3,553,533,545,0,0,0,0,0,0,0
550,4,553,1444,98,545,0,0,0,0,0,0
551,3,552,3,6,0,0,0,0,0,0,0
552,4,1158,1158,561,551,0,0,0,0,0,0
553,3,67,549,550,0,0,0,0,0,0,0
554,4,559,465,477,478,0,0,0,0,0,0
555,4,1487,559,472,473,0,0,0,0,0,0
556,3,859,159,472,0,0,0,0,0,0,0
557,1,558,0,0,0,0,0,0,0,0,0
558,4,865,1157,105,557,0,0,0,0,0,0
559,4,1232,1486,554,555,0,0,0,0,0,0
560,3,79,533,546,0,0,0,0,0,0,0
561,3,1160,3,552,0,0,0,0,0,0,0
562,3,563,564,565,0,0,0,0,0,0,0
563,3,679,566,562,0,0,0,0,0,0,0
564,3,1059,1078,562,0,0,0,0,0,0,0
565,3,1058,685,562,0,0,0,0,0,0,0
566,1,563,0,0,0,0,0,0,0,0,0
567,3,568,569,77,0,0,0,0,0,0,0
568,4,1327,1329,1328,567,0,0,0,0,0,0
569,3,570,1088,567,0,0,0,0,0,0,0
570,2,571,569,0,0,0,0,0,0,0,0
571,2,1554,570,0,0,0,0,0,0,0,0
572,3,573,574,575,0,0,0,0,0,0,0
573,3,579,1688,572,0,0,0,0,0,0,0
574,3,1060,543,572,0,0,0,0,0,0,0
575,3,1681,1679,572,0,0,0,0,0,0,0
576,3,584,1065,104,0,0,0,0,0,0,0
577,3,1063,1064,104,0,0,0,0,0,0,0
578,3,1672,1673,542,0,0,0,0,0,0,0
579,3,1676,542,573,0,0,0,0,0,0,0
580,4,581,582,583,220,0,0,0,0,0,0
581,3,583,103,580,0,0,0,0,0,0,0
582,3,1672,1685,580,0,0,0,0,0,0,0
583,3,1558,580,581,0,0,0,0,0,0,0
584,3,585,586,576,0,0,0,0,0,0,0
585,3,590,591,584,0,0,0,0,0,0,0
586,3,587,1709,584,0,0,0,0,0,0,0
587,3,588,589,586,0,0,0,0,0,0,0
588,3,1068,1094,587,0,0,0,0,0,0,0
589,3,1708,1093,587,0,0,0,0,0,0,0
590,3,1066,1067,585,0,0,0,0,0,0,0
591,3,1095,1094,585,0,0,0,0,0,0,0
592,3,593,594,72,0,0,0,0,0,0,0
593,3,1095,1098,592,0,0,0,0,0,0,0
594,3,1100,1097,592,0,0,0,0,0,0,0
595,3,596,72,83,0,0,0,0,0,0,0
596,3,597,598,595,0,0,0,0,0,0,0
597,3,1111,599,596,0,0,0,0,0,0,0
598,3,1101,85,596,0,0,0,0,0,0,0
599,3,600,71,597,0,0,0,0,0,0,0
600,3,601,1112,599,0,0,0,0,0,0,0
601,3,602,603,600,0,0,0,0,0,0,0
602,3,1533,604,601,0,0,0,0,0,0,0
603,1,601,0,0,0,0,0,0,0,0,0
604,3,605,71,602,0,0,0,0,0,0,0
605,1,604,0,0,0,0,0,0,0,0,0
606,3,1313,25,491,0,0,0,0,0,0,0
607,1,608,0,0,0,0,0,0,0,0,0
608,2,1230,607,0,0,0,0,0,0,0,0
609,2,610,611,0,0,0,0,0,0,0,0
610,3,618,419,609,0,0,0,0,0,0,0
611,2,1311,609,0,0,0,0,0,0,0,0
612,1,21,0,0,0,0,0,0,0,0,0
613,2,614,615,0,0,0,0,0,0,0,0
614,3,1308,1317,613,0,0,0,0,0,0,0
615,2,621,613,0,0,0,0,0,0,0,0
616,3,617,419,420,0,0,0,0,0,0,0
617,2,15,616,0,0,0,0,0,0,0,0
618,3,177,417,610,0,0,0,0,0,0,0
619,3,1285,417,424,0,0,0,0,0,0,0
620,3,621,622,25,0,0,0,0,0,0,0
621,3,493,615,620,0,0,0,0,0,0,0
622,3,625,27,620,0,0,0,0,0,0,0
623,3,625,626,493,0,0,0,0,0,0,0
624,1,31,0,0,0,0,0,0,0,0,0
625,4,627,31,622,623,0,0,0,0,0,0
626,3,643,655,623,0,0,0,0,0,0,0
627,3,1309,1310,625,0,0,0,0,0,0,0
628,3,629,630,631,0,0,0,0,0,0,0
629,3,632,1144,628,0,0,0,0,0,0,0
630,3,841,1135,628,0,0,0,0,0,0,0
631,4,1141,1142,398,628,0,0,0,0,0,0
632,3,633,634,629,0,0,0,0,0,0,0
633,3,637,1369,632,0,0,0,0,0,0,0
634,3,660,661,632,0,0,0,0,0,0,0
635,3,636,637,638,0,0,0,0,0,0,0
636,3,1392,1394,635,0,0,0,0,0,0,0
637,3,1145,633,635,0,0,0,0,0,0,0
638,3,1146,1351,635,0,0,0,0,0,0,0
639,4,640,641,397,415,0,0,0,0,0,0
640,3,645,1286,639,0,0,0,0,0,0,0
641,3,642,397,639,0,0,0,0,0,0,0
642,3,1630,1035,641,0,0,0,0,0,0,0
643,3,644,1309,626,0,0,0,0,0,0,0
644,3,36,42,643,0,0,0,0,0,0,0
645,3,646,422,640,0,0,0,0,0,0,0
646,3,1286,418,645,0,0,0,0,0,0,0
647,3,648,649,650,0,0,0,0,0,0,0
648,3,1148,1349,647,0,0,0,0,0,0,0
649,3,1334,662,647,0,0,0,0,0,0,0
650,3,662,663,647,0,0,0,0,0,0,0
651,1,652,0,0,0,0,0,0,0,0,0
652,4,664,665,666,651,0,0,0,0,0,0
653,3,654,655,826,0,0,0,0,0,0,0
654,3,832,827,653,0,0,0,0,0,0,0
655,4,828,492,626,653,0,0,0,0,0,0
656,3,657,658,659,0,0,0,0,0,0,0
657,3,836,837,656,0,0,0,0,0,0,0
658,3,1149,1147,656,0,0,0,0,0,0,0
659,4,667,663,668,656,0,0,0,0,0,0
660,3,838,836,634,0,0,0,0,0,0,0
661,1,634,0,0,0,0,0,0,0,0,0
662,2,649,650,0,0,0,0,0,0,0,0
663,3,672,650,659,0,0,0,0,0,0,0
664,4,1280,813,1283,652,0,0,0,0,0,0
665,3,669,670,652,0,0,0,0,0,0,0
666,3,813,839,652,0,0,0,0,0,0,0
667,1,659,0,0,0,0,0,0,0,0,0
668,1,659,0,0,0,0,0,0,0,0,0
669,3,671,430,665,0,0,0,0,0,0,0
670,1,665,0,0,0,0,0,0,0,0,0
671,1,669,0,0,0,0,0,0,0,0,0
672,2,1079,663,0,0,0,0,0,0,0,0
673,3,675,1027,407,0,0,0,0,0,0,0
674,3,1034,1032,407,0,0,0,0,0,0,0
675,3,676,677,673,0,0,0,0,0,0,0
676,3,1269,678,675,0,0,0,0,0,0,0
677,1,675,0,0,0,0,0,0,0,0,0
678,3,679,680,676,0,0,0,0,0,0,0
679,3,1610,563,678,0,0,0,0,0,0,0
680,1,678,0,0,0,0,0,0,0,0,0
681,3,682,683,684,0,0,0,0,0,0,0
682,3,857,858,681,0,0,0,0,0,0,0
683,3,861,862,681,0,0,0,0,0,0,0
684,3,1032,1035,681,0,0,0,0,0,0,0
685,3,686,687,565,0,0,0,0,0,0,0
686,4,861,1270,1269,685,0,0,0,0,0,0
687,1,685,0,0,0,0,0,0,0,0,0
688,1,689,0,0,0,0,0,0,0,0,0
689,3,1026,534,688,0,0,0,0,0,0,0
690,3,882,2207,461,0,0,0,0,0,0,0
691,3,770,55,461,0,0,0,0,0,0,0
692,3,770,771,461,0,0,0,0,0,0,0
693,2,694,695,0,0,0,0,0,0,0,0
694,2,696,693,0,0,0,0,0,0,0,0
695,1,693,0,0,0,0,0,0,0,0,0
696,2,697,694,0,0,0,0,0,0,0,0
697,3,1134,702,696,0,0,0,0,0,0,0
698,2,699,700,0,0,0,0,0,0,0,0
699,3,1398,706,698,0,0,0,0,0,0,0
700,3,1352,1383,698,0,0,0,0,0,0,0
701,3,702,703,704,0,0,0,0,0,0,0
702,3,705,697,701,0,0,0,0,0,0,0
703,3,1352,1353,701,0,0,0,0,0,0,0
704,3,1384,1385,701,0,0,0,0,0,0,0
705,1,702,0,0,0,0,0,0,0,0,0
706,3,1368,403,699,0,0,0,0,0,0,0
707,3,1404,1381,403,0,0,0,0,0,0,0
708,2,709,710,0,0,0,0,0,0,0,0
709,3,762,1760,708,0,0,0,0,0,0,0
710,3,754,755,708,0,0,0,0,0,0,0
711,3,712,713,714,0,0,0,0,0,0,0
712,1,711,0,0,0,0,0,0,0,0,0
713,3,715,1836,711,0,0,0,0,0,0,0
714,3,715,716,711,0,0,0,0,0,0,0
715,3,197,713,714,0,0,0,0,0,0,0
716,3,193,197,714,0,0,0,0,0,0,0
717,3,718,719,193,0,0,0,0,0,0,0
718,3,720,1727,717,0,0,0,0,0,0,0
719,1,717,0,0,0,0,0,0,0,0,0
720,3,721,722,718,0,0,0,0,0,0,0
721,3,723,203,720,0,0,0,0,0,0,0
722,3,1725,1725,720,0,0,0,0,0,0,0
723,3,1724,1723,721,0,0,0,0,0,0,0
724,3,725,726,203,0,0,0,0,0,0,0
725,3,1180,1293,724,0,0,0,0,0,0,0
726,3,1953,1957,724,0,0,0,0,0,0,0
727,3,728,729,730,0,0,0,0,0,0,0
728,3,731,736,727,0,0,0,0,0,0,0
729,3,1177,1958,727,0,0,0,0,0,0,0
730,3,1178,1173,727,0,0,0,0,0,0,0
731,3,732,733,728,0,0,0,0,0,0,0
732,2,736,731,0,0,0,0,0,0,0,0
733,3,1960,1961,731,0,0,0,0,0,0,0
734,2,735,201,0,0,0,0,0,0,0,0
735,3,1958,1959,734,0,0,0,0,0,0,0
736,3,1958,728,732,0,0,0,0,0,0,0
737,3,744,50,52,0,0,0,0,0,0,0
738,3,740,879,52,0,0,0,0,0,0,0
739,3,740,741,742,0,0,0,0,0,0,0
740,3,1155,738,739,0,0,0,0,0,0,0
741,3,747,1260,739,0,0,0,0,0,0,0
742,3,1155,1156,739,0,0,0,0,0,0,0
743,4,744,745,746,56,0,0,0,0,0,0
744,3,879,737,743,0,0,0,0,0,0,0
745,3,749,2361,743,0,0,0,0,0,0,0
746,1,743,0,0,0,0,0,0,0,0,0
747,3,748,749,741,0,0,0,0,0,0,0
748,3,751,1562,747,0,0,0,0,0,0,0
749,4,750,54,745,747,0,0,0,0,0,0
750,3,885,774,749,0,0,0,0,0,0,0
751,3,752,753,748,0,0,0,0,0,0,0
752,3,1563,1566,751,0,0,0,0,0,0,0
753,3,1567,1568,751,0,0,0,0,0,0,0
754,4,759,760,756,710,0,0,0,0,0,0
755,3,1567,1571,710,0,0,0,0,0,0,0
756,3,757,758,754,0,0,0,0,0,0,0
757,3,1227,1763,756,0,0,0,0,0,0,0
758,1,756,0,0,0,0,0,0,0,0,0
759,1,754,0,0,0,0,0,0,0,0,0
760,3,761,1229,754,0,0,0,0,0,0,0
761,3,762,763,760,0,0,0,0,0,0,0
762,3,764,709,761,0,0,0,0,0,0,0
763,1,761,0,0,0,0,0,0,0,0,0
764,3,765,766,762,0,0,0,0,0,0,0
765,1,764,0,0,0,0,0,0,0,0,0
766,3,767,768,764,0,0,0,0,0,0,0
767,3,1758,1215,766,0,0,0,0,0,0,0
768,3,1777,1778,766,0,0,0,0,0,0,0
769,3,1798,1799,329,0,0,0,0,0,0,0
770,3,772,691,692,0,0,0,0,0,0,0
771,3,2210,884,692,0,0,0,0,0,0,0
772,3,773,774,770,0,0,0,0,0,0,0
773,3,907,2336,772,0,0,0,0,0,0,0
774,4,886,55,750,772,0,0,0,0,0,0
775,3,776,777,378,0,0,0,0,0,0,0
776,3,1248,1250,775,0,0,0,0,0,0,0
777,3,910,1844,775,0,0,0,0,0,0,0
778,3,779,780,528,0,0,0,0,0,0,0
779,3,949,1253,778,0,0,0,0,0,0,0
780,3,781,942,778,0,0,0,0,0,0,0
781,3,782,387,780,0,0,0,0,0,0,0
782,3,791,960,781,0,0,0,0,0,0,0
783,3,784,785,786,0,0,0,0,0,0,0
784,3,948,1546,783,0,0,0,0,0,0,0
785,3,787,788,783,0,0,0,0,0,0,0
786,3,1546,219,783,0,0,0,0,0,0,0
787,3,792,1273,785,0,0,0,0,0,0,0
788,3,1518,1519,785,0,0,0,0,0,0,0
789,3,790,791,387,0,0,0,0,0,0,0
790,3,792,318,789,0,0,0,0,0,0,0
791,3,1523,782,789,0,0,0,0,0,0,0
792,3,1521,787,790,0,0,0,0,0,0,0
793,1,794,0,0,0,0,0,0,0,0,0
794,2,795,793,0,0,0,0,0,0,0,0
795,4,796,797,798,794,0,0,0,0,0,0
796,3,1072,1074,795,0,0,0,0,0,0,0
797,2,1074,795,0,0,0,0,0,0,0,0
798,3,1070,1071,795,0,0,0,0,0,0,0
799,3,800,801,802,0,0,0,0,0,0,0
800,3,1578,1579,799,0,0,0,0,0,0,0
801,3,803,1582,799,0,0,0,0,0,0,0
802,1,799,0,0,0,0,0,0,0,0,0
803,3,804,805,801,0,0,0,0,0,0,0
804,4,806,807,808,803,0,0,0,0,0,0
805,2,1069,803,0,0,0,0,0,0,0,0
806,3,811,169,804,0,0,0,0,0,0,0
807,3,1076,1722,804,0,0,0,0,0,0,0
808,3,812,1318,804,0,0,0,0,0,0,0
809,3,810,811,812,0,0,0,0,0,0,0
810,3,1585,1585,809,0,0,0,0,0,0,0
811,3,1584,806,809,0,0,0,0,0,0,0
812,3,1583,808,809,0,0,0,0,0,0,0
813,3,814,664,666,0,0,0,0,0,0,0
814,3,851,1600,813,0,0,0,0,0,0,0
815,3,1421,1035,430,0,0,0,0,0,0,0
816,3,1054,409,413,0,0,0,0,0,0,0
817,3,818,819,820,0,0,0,0,0,0,0
818,3,1424,422,817,0,0,0,0,0,0,0
819,3,1376,432,817,0,0,0,0,0,0,0
820,3,830,831,817,0,0,0,0,0,0,0
821,3,822,823,824,0,0,0,0,0,0,0
822,3,1423,34,821,0,0,0,0,0,0,0
823,3,824,38,821,0,0,0,0,0,0,0
824,4,1295,1300,821,823,0,0,0,0,0,0
825,3,1312,30,34,0,0,0,0,0,0,0
826,3,425,492,653,0,0,0,0,0,0,0
827,4,833,834,425,654,0,0,0,0,0,0
828,3,829,43,655,0,0,0,0,0,0,0
829,3,835,1411,828,0,0,0,0,0,0,0
830,3,1408,1419,820,0,0,0,0,0,0,0
831,1,820,0,0,0,0,0,0,0,0,0
832,3,835,1611,654,0,0,0,0,0,0,0
833,1,827,0,0,0,0,0,0,0,0,0
834,3,835,412,827,0,0,0,0,0,0,0
835,4,410,829,832,834,0,0,0,0,0,0
836,3,1145,657,660,0,0,0,0,0,0,0
837,3,1146,1151,657,0,0,0,0,0,0,0
838,3,1347,406,660,0,0,0,0,0,0,0
839,1,666,0,0,0,0,0,0,0,0,0
840,3,35,161,408,0,0,0,0,0,0,0
841,3,1135,406,630,0,0,0,0,0,0,0
842,3,843,844,411,0,0,0,0,0,0,0
843,3,494,498,842,0,0,0,0,0,0,0
844,3,845,846,842,0,0,0,0,0,0,0
845,3,1608,412,844,0,0,0,0,0,0,0
846,3,848,497,844,0,0,0,0,0,0,0
847,3,2371,2373,163,0,0,0,0,0,0,0
848,3,1054,2370,846,0,0,0,0,0,0,0
849,3,850,1054,478,0,0,0,0,0,0,0
850,3,1190,1661,849,0,0,0,0,0,0,0
851,3,852,853,814,0,0,0,0,0,0,0
852,3,1602,439,851,0,0,0,0,0,0,0
853,3,854,1598,851,0,0,0,0,0,0,0
854,3,855,856,853,0,0,0,0,0,0,0
855,3,1462,476,854,0,0,0,0,0,0,0
856,3,1053,1190,854,0,0,0,0,0,0,0
857,3,1483,438,682,0,0,0,0,0,0,0
858,3,867,862,682,0,0,0,0,0,0,0
859,3,860,450,556,0,0,0,0,0,0,0
860,4,870,871,1267,859,0,0,0,0,0,0
861,3,864,683,686,0,0,0,0,0,0,0
862,3,869,683,858,0,0,0,0,0,0,0
863,1,450,0,0,0,0,0,0,0,0,0
864,4,873,869,874,861,0,0,0,0,0,0
865,4,866,867,868,558,0,0,0,0,0,0
866,3,1157,434,865,0,0,0,0,0,0,0
867,3,1635,858,865,0,0,0,0,0,0,0
868,4,875,869,874,865,0,0,0,0,0,0
869,3,862,864,868,0,0,0,0,0,0,0
870,3,872,1154,860,0,0,0,0,0,0,0
871,3,872,449,860,0,0,0,0,0,0,0
872,3,881,870,871,0,0,0,0,0,0,0
873,3,1619,1690,864,0,0,0,0,0,0,0
874,3,11,864,868,0,0,0,0,0,0,0
875,3,878,1638,868,0,0,0,0,0,0,0
876,1,877,0,0,0,0,0,0,0,0,0
877,3,1619,1615,876,0,0,0,0,0,0,0
878,3,1639,9,875,0,0,0,0,0,0,0
879,3,880,738,744,0,0,0,0,0,0,0
880,1,879,0,0,0,0,0,0,0,0,0
881,3,1446,57,872,0,0,0,0,0,0,0
882,3,2206,57,690,0,0,0,0,0,0,0
883,3,1506,1507,57,0,0,0,0,0,0,0
884,3,2211,444,771,0,0,0,0,0,0,0
885,3,1565,2362,750,0,0,0,0,0,0,0
886,3,906,2337,774,0,0,0,0,0,0,0
887,3,888,889,890,0,0,0,0,0,0,0
888,3,897,2171,887,0,0,0,0,0,0,0
889,3,1257,902,887,0,0,0,0,0,0,0
890,3,1198,1534,887,0,0,0,0,0,0,0
891,3,892,893,894,0,0,0,0,0,0,0
892,3,2172,2173,891,0,0,0,0,0,0,0
893,3,903,2177,891,0,0,0,0,0,0,0
894,4,1022,314,530,891,0,0,0,0,0,0
895,3,909,314,354,0,0,0,0,0,0,0
896,3,900,901,314,0,0,0,0,0,0,0
897,3,898,899,888,0,0,0,0,0,0,0
898,3,902,1257,897,0,0,0,0,0,0,0
899,3,2162,2163,897,0,0,0,0,0,0,0
900,3,909,2186,896,0,0,0,0,0,0,0
901,3,2189,395,896,0,0,0,0,0,0,0
902,4,903,904,889,898,0,0,0,0,0,0
903,3,905,893,902,0,0,0,0,0,0,0
904,3,905,914,902,0,0,0,0,0,0,0
905,3,1024,903,904,0,0,0,0,0,0,0
906,3,907,908,886,0,0,0,0,0,0,0
907,3,910,773,906,0,0,0,0,0,0,0
908,3,918,919,906,0,0,0,0,0,0,0
909,3,911,895,900,0,0,0,0,0,0,0
910,3,379,777,907,0,0,0,0,0,0,0
911,3,2191,2194,909,0,0,0,0,0,0,0
912,1,913,0,0,0,0,0,0,0,0,0
913,3,353,391,912,0,0,0,0,0,0,0
914,3,2175,182,904,0,0,0,0,0,0,0
915,4,943,944,184,529,0,0,0,0,0,0
916,3,2162,2164,522,0,0,0,0,0,0,0
917,3,1234,2174,522,0,0,0,0,0,0,0
918,3,920,1847,908,0,0,0,0,0,0,0
919,3,1845,188,908,0,0,0,0,0,0,0
920,3,921,922,918,0,0,0,0,0,0,0
921,3,1222,1223,920,0,0,0,0,0,0,0
922,3,1848,1849,920,0,0,0,0,0,0,0
923,3,924,925,1241,0,0,0,0,0,0,0
924,3,926,927,923,0,0,0,0,0,0,0
925,3,928,2245,923,0,0,0,0,0,0,0
926,3,1042,2247,924,0,0,0,0,0,0,0
927,1,924,0,0,0,0,0,0,0,0,0
928,3,929,930,925,0,0,0,0,0,0,0
929,3,1046,508,928,0,0,0,0,0,0,0
930,3,937,1276,928,0,0,0,0,0,0,0
931,1,932,0,0,0,0,0,0,0,0,0
932,3,933,934,931,0,0,0,0,0,0,0
933,3,945,947,932,0,0,0,0,0,0,0
934,3,935,936,932,0,0,0,0,0,0,0
935,3,937,938,934,0,0,0,0,0,0,0
936,4,1048,1045,521,934,0,0,0,0,0,0
937,3,939,930,935,0,0,0,0,0,0,0
938,4,951,952,953,935,0,0,0,0,0,0
939,3,940,941,937,0,0,0,0,0,0,0
940,3,2157,365,939,0,0,0,0,0,0,0
941,3,2237,2248,939,0,0,0,0,0,0,0
942,3,950,1550,780,0,0,0,0,0,0,0
943,3,1529,1530,915,0,0,0,0,0,0,0
944,3,945,2156,915,0,0,0,0,0,0,0
945,3,946,933,944,0,0,0,0,0,0,0
946,3,971,2099,945,0,0,0,0,0,0,0
947,3,951,2101,933,0,0,0,0,0,0,0
948,3,949,950,784,0,0,0,0,0,0,0
949,3,1252,779,948,0,0,0,0,0,0,0
950,3,1551,942,948,0,0,0,0,0,0,0
951,3,2100,938,947,0,0,0,0,0,0,0
952,3,1980,2158,938,0,0,0,0,0,0,0
953,3,961,2155,938,0,0,0,0,0,0,0
954,3,955,956,957,0,0,0,0,0,0,0
955,3,2239,368,954,0,0,0,0,0,0,0
956,3,1996,2004,954,0,0,0,0,0,0,0
957,3,1991,958,954,0,0,0,0,0,0,0
958,3,959,272,957,0,0,0,0,0,0,0
959,3,2241,2249,958,0,0,0,0,0,0,0
960,1,782,0,0,0,0,0,0,0,0,0
961,3,962,963,953,0,0,0,0,0,0,0
962,3,1979,1980,961,0,0,0,0,0,0,0
963,3,977,2154,961,0,0,0,0,0,0,0
964,3,966,967,366,0,0,0,0,0,0,0
965,3,1979,366,367,0,0,0,0,0,0,0
966,3,1992,1993,964,0,0,0,0,0,0,0
967,3,1996,368,964,0,0,0,0,0,0,0
968,3,969,970,218,0,0,0,0,0,0,0
969,3,1529,1525,968,0,0,0,0,0,0,0
970,3,973,2032,968,0,0,0,0,0,0,0
971,3,972,973,946,0,0,0,0,0,0,0
972,3,976,2030,971,0,0,0,0,0,0,0
973,3,2031,970,971,0,0,0,0,0,0,0
974,3,975,976,977,0,0,0,0,0,0,0
975,3,1052,2119,974,0,0,0,0,0,0,0
976,3,2026,972,974,0,0,0,0,0,0,0
977,3,2120,963,974,0,0,0,0,0,0,0
978,3,979,980,981,0,0,0,0,0,0,0
979,3,2077,980,978,0,0,0,0,0,0,0
980,3,1987,978,979,0,0,0,0,0,0,0
981,3,993,2095,978,0,0,0,0,0,0,0
982,3,983,984,985,0,0,0,0,0,0,0
983,3,1049,2092,982,0,0,0,0,0,0,0
984,4,985,987,988,982,0,0,0,0,0,0
985,4,986,341,982,984,0,0,0,0,0,0
986,3,2041,2269,985,0,0,0,0,0,0,0
987,3,2090,2088,984,0,0,0,0,0,0,0
988,3,1003,2312,984,0,0,0,0,0,0,0
989,3,994,2098,260,0,0,0,0,0,0,0
990,3,991,992,309,0,0,0,0,0,0,0
991,3,997,2121,990,0,0,0,0,0,0,0
992,3,1009,2274,990,0,0,0,0,0,0,0
993,3,994,995,981,0,0,0,0,0,0,0
994,3,2096,989,993,0,0,0,0,0,0,0
995,3,1002,261,993,0,0,0,0,0,0,0
996,3,997,998,999,0,0,0,0,0,0,0
997,3,2121,991,996,0,0,0,0,0,0,0
998,3,1000,1001,996,0,0,0,0,0,0,0
999,4,1001,1010,372,996,0,0,0,0,0,0
1000,3,2107,262,998,0,0,0,0,0,0,0
1001,4,1011,1012,998,999,0,0,0,0,0,0
1002,4,2325,2328,2327,995,0,0,0,0,0,0
1003,4,1004,1005,340,988,0,0,0,0,0,0
1004,3,1007,1007,1003,0,0,0,0,0,0,0
1005,3,2273,223,1003,0,0,0,0,0,0,0
1006,3,1007,258,311,0,0,0,0,0,0,0
1007,3,1004,1004,1006,0,0,0,0,0,0,0
1008,3,1017,1010,372,0,0,0,0,0,0,0
1009,3,2275,372,992,0,0,0,0,0,0,0
1010,3,1019,999,1008,0,0,0,0,0,0,0
1011,3,2105,343,1001,0,0,0,0,0,0,0
1012,3,1019,231,1001,0,0,0,0,0,0,0
1013,3,1015,1016,344,0,0,0,0,0,0,0
1014,3,233,250,344,0,0,0,0,0,0,0
1015,3,2271,2272,1013,0,0,0,0,0,0,0
1016,4,2325,2311,2326,1013,0,0,0,0,0,0
1017,3,1018,333,1008,0,0,0,0,0,0,0
1018,3,1019,332,1017,0,0,0,0,0,0,0
1019,4,1020,1010,1012,1018,0,0,0,0,0,0
1020,1,1019,0,0,0,0,0,0,0,0,0
1021,3,2352,2348,233,0,0,0,0,0,0,0
1022,3,2177,2340,894,0,0,0,0,0,0,0
1023,3,1024,1025,355,0,0,0,0,0,0,0
1024,3,2177,905,1023,0,0,0,0,0,0,0
1025,3,1243,2175,1023,0,0,0,0,0,0,0
1026,3,59,464,689,0,0,0,0,0,0,0
1027,3,1028,1036,673,0,0,0,0,0,0,0
1028,1,1027,0,0,0,0,0,0,0,0,0
1029,3,1030,1031,1032,0,0,0,0,0,0,0
1030,1,1029,0,0,0,0,0,0,0,0,0
1031,1,1029,0,0,0,0,0,0,0,0,0
1032,3,674,684,1029,0,0,0,0,0,0,0
1033,1,1034,0,0,0,0,0,0,0,0,0
1034,3,1691,674,1033,0,0,0,0,0,0,0
1035,4,427,642,684,815,0,0,0,0,0,0
1036,1,1027,0,0,0,0,0,0,0,0,0
1037,3,1038,286,510,0,0,0,0,0,0,0
1038,3,2214,510,1037,0,0,0,0,0,0,0
1039,3,2223,1245,235,0,0,0,0,0,0,0
1040,3,1044,237,514,0,0,0,0,0,0,0
1041,3,2228,2235,514,0,0,0,0,0,0,0
1042,3,1043,1044,926,0,0,0,0,0,0,0
1043,3,390,391,1042,0,0,0,0,0,0,0
1044,3,2243,1040,1042,0,0,0,0,0,0,0
1045,1,936,0,0,0,0,0,0,0,0,0
1046,1,929,0,0,0,0,0,0,0,0,0
1047,1,521,0,0,0,0,0,0,0,0,0
1048,1,936,0,0,0,0,0,0,0,0,0
1049,4,1050,1051,1052,983,0,0,0,0,0,0
1050,3,2008,2007,1049,0,0,0,0,0,0,0
1051,3,2029,2087,1049,0,0,0,0,0,0,0
1052,3,2026,975,1049,0,0,0,0,0,0,0
1053,3,1189,1190,856,0,0,0,0,0,0,0
1054,3,816,848,849,0,0,0,0,0,0,0
1055,3,1056,40,498,0,0,0,0,0,0,0
1056,3,1057,44,1055,0,0,0,0,0,0,0
1057,4,44,45,411,1056,0,0,0,0,0,0
1058,3,1060,1682,565,0,0,0,0,0,0,0
1059,1,564,0,0,0,0,0,0,0,0,0
1060,4,1061,1062,574,1058,0,0,0,0,0,0
1061,1,1060,0,0,0,0,0,0,0,0,0
1062,3,1271,1270,1060,0,0,0,0,0,0,0
1063,1,577,0,0,0,0,0,0,0,0,0
1064,1,577,0,0,0,0,0,0,0,0,0
1065,1,576,0,0,0,0,0,0,0,0,0
1066,1,590,0,0,0,0,0,0,0,0,0
1067,3,1542,1543,590,0,0,0,0,0,0,0
1068,1,588,0,0,0,0,0,0,0,0,0
1069,2,1077,805,0,0,0,0,0,0,0,0
1070,3,1075,1075,798,0,0,0,0,0,0,0
1071,2,1561,798,0,0,0,0,0,0,0,0
1072,3,1073,1074,796,0,0,0,0,0,0,0
1073,1,1072,0,0,0,0,0,0,0,0,0
1074,3,796,797,1072,0,0,0,0,0,0,0
1075,3,1076,1070,1070,0,0,0,0,0,0,0
1076,4,1306,1307,807,1075,0,0,0,0,0,0
1077,3,1578,1580,1069,0,0,0,0,0,0,0
1078,1,564,0,0,0,0,0,0,0,0,0
1079,3,1080,1081,672,0,0,0,0,0,0,0
1080,3,1084,1435,1079,0,0,0,0,0,0,0
1081,3,1082,1083,1079,0,0,0,0,0,0,0
1082,1,1081,0,0,0,0,0,0,0,0,0
1083,3,1087,1087,1081,0,0,0,0,0,0,0
1084,3,1085,1086,1080,0,0,0,0,0,0,0
1085,3,1323,1434,1084,0,0,0,0,0,0,0
1086,1,1084,0,0,0,0,0,0,0,0,0
1087,3,1088,1083,1083,0,0,0,0,0,0,0
1088,2,569,1087,0,0,0,0,0,0,0,0
1089,3,1430,1431,87,0,0,0,0,0,0,0
1090,1,87,0,0,0,0,0,0,0,0,0
1091,1,1092,0,0,0,0,0,0,0,0,0
1092,2,1093,1091,0,0,0,0,0,0,0,0
1093,2,589,1092,0,0,0,0,0,0,0,0
1094,3,1096,588,591,0,0,0,0,0,0,0
1095,3,1097,591,593,0,0,0,0,0,0,0
1096,3,1102,1103,1094,0,0,0,0,0,0,0
1097,3,1098,594,1095,0,0,0,0,0,0,0
1098,3,1549,593,1097,0,0,0,0,0,0,0
1099,1,85,0,0,0,0,0,0,0,0,0
1100,3,1545,73,594,0,0,0,0,0,0,0
1101,1,598,0,0,0,0,0,0,0,0,0
1102,2,1104,1096,0,0,0,0,0,0,0,0
1103,3,1105,1106,1096,0,0,0,0,0,0,0
1104,2,1710,1102,0,0,0,0,0,0,0,0
1105,4,1113,1109,1114,1103,0,0,0,0,0,0
1106,3,1711,1113,1103,0,0,0,0,0,0,0
1107,3,1108,1109,1110,0,0,0,0,0,0,0
1108,3,1538,1539,1107,0,0,0,0,0,0,0
1109,3,1524,1105,1107,0,0,0,0,0,0,0
1110,1,1107,0,0,0,0,0,0,0,0,0
1111,1,597,0,0,0,0,0,0,0,0,0
1112,1,600,0,0,0,0,0,0,0,0,0
1113,3,1115,1105,1106,0,0,0,0,0,0,0
1114,1,1105,0,0,0,0,0,0,0,0,0
1115,1,1113,0,0,0,0,0,0,0,0,0
1116,3,2256,2257,277,0,0,0,0,0,0,0
1117,4,1132,1936,1937,252,0,0,0,0,0,0
1118,2,1132,252,0,0,0,0,0,0,0,0
1119,3,1120,1121,1122,0,0,0,0,0,0,0
1120,3,2352,2351,1119,0,0,0,0,0,0,0
1121,3,1123,1124,1119,0,0,0,0,0,0,0
1122,4,2343,1124,263,1119,0,0,0,0,0,0
1123,4,2351,1124,2355,1121,0,0,0,0,0,0
1124,4,1127,1121,1122,1123,0,0,0,0,0,0
1125,1,1126,0,0,0,0,0,0,0,0,0
1126,4,1129,1128,1130,1125,0,0,0,0,0,0
1127,2,1131,1124,0,0,0,0,0,0,0,0
1128,1,1126,0,0,0,0,0,0,0,0,0
1129,2,1132,1126,0,0,0,0,0,0,0,0
1130,1,1126,0,0,0,0,0,0,0,0,0
1131,1,1127,0,0,0,0,0,0,0,0,0
1132,3,1117,1118,1129,0,0,0,0,0,0,0
1133,3,1363,1367,21,0,0,0,0,0,0,0
1134,3,1365,1366,697,0,0,0,0,0,0,0
1135,3,1138,630,841,0,0,0,0,0,0,0
1136,3,1137,1138,1139,0,0,0,0,0,0,0
1137,3,1140,1139,1136,0,0,0,0,0,0,0
1138,4,1140,1142,1135,1136,0,0,0,0,0,0
1139,3,398,1136,1137,0,0,0,0,0,0,0
1140,3,1143,1137,1138,0,0,0,0,0,0,0
1141,1,631,0,0,0,0,0,0,0,0,0
1142,3,1340,631,1138,0,0,0,0,0,0,0
1143,1,1140,0,0,0,0,0,0,0,0,0
1144,1,629,0,0,0,0,0,0,0,0,0
1145,3,1146,637,836,0,0,0,0,0,0,0
1146,3,638,837,1145,0,0,0,0,0,0,0
1147,1,658,0,0,0,0,0,0,0,0,0
1148,3,1149,1150,648,0,0,0,0,0,0,0
1149,3,1341,658,1148,0,0,0,0,0,0,0
1150,3,1153,1339,1148,0,0,0,0,0,0,0
1151,1,837,0,0,0,0,0,0,0,0,0
1152,1,1153,0,0,0,0,0,0,0,0,0
1153,3,1342,1150,1152,0,0,0,0,0,0,0
1154,1,870,0,0,0,0,0,0,0,0,0
1155,3,1156,740,742,0,0,0,0,0,0,0
1156,3,53,742,1155,0,0,0,0,0,0,0
1157,4,1158,1159,558,866,0,0,0,0,0,0
1158,4,1160,552,552,1157,0,0,0,0,0,0
1159,3,1160,105,1157,0,0,0,0,0,0,0
1160,3,561,1158,1159,0,0,0,0,0,0,0
1161,1,434,0,0,0,0,0,0,0,0,0
1162,1,532,0,0,0,0,0,0,0,0,0
1163,3,1164,1165,135,0,0,0,0,0,0,0
1164,3,1358,1361,1163,0,0,0,0,0,0,0
1165,3,1420,139,1163,0,0,0,0,0,0,0
1166,4,1167,1168,1169,217,0,0,0,0,0,0
1167,3,1181,1954,1166,0,0,0,0,0,0,0
1168,3,1277,1170,1166,0,0,0,0,0,0,0
1169,3,1173,1174,1166,0,0,0,0,0,0,0
1170,4,1171,1172,125,1168,0,0,0,0,0,0
1171,3,1179,1174,1170,0,0,0,0,0,0,0
1172,1,1170,0,0,0,0,0,0,0,0,0
1173,3,1177,730,1169,0,0,0,0,0,0,0
1174,3,1178,1169,1171,0,0,0,0,0,0,0
1175,1,125,0,0,0,0,0,0,0,0,0
1176,1,125,0,0,0,0,0,0,0,0,0
1177,3,1180,729,1173,0,0,0,0,0,0,0
1178,3,1950,730,1174,0,0,0,0,0,0,0
1179,1,1171,0,0,0,0,0,0,0,0,0
1180,3,1181,725,1177,0,0,0,0,0,0,0
1181,3,1956,1167,1180,0,0,0,0,0,0,0
1182,3,1188,1918,123,0,0,0,0,0,0,0
1183,3,1938,1967,123,0,0,0,0,0,0,0
1184,1,123,0,0,0,0,0,0,0,0,0
1185,2,1186,1187,0,0,0,0,0,0,0,0
1186,3,1188,1962,1185,0,0,0,0,0,0,0
1187,2,1188,1185,0,0,0,0,0,0,0,0
1188,3,1182,1186,1187,0,0,0,0,0,0,0
1189,3,1612,1608,1053,0,0,0,0,0,0,0
1190,3,850,856,1053,0,0,0,0,0,0,0
1191,1,439,0,0,0,0,0,0,0,0,0
1192,2,1193,318,0,0,0,0,0,0,0,0
1193,1,1192,0,0,0,0,0,0,0,0,0
1194,3,1195,1196,91,0,0,0,0,0,0,0
1195,3,1197,1198,1194,0,0,0,0,0,0,0
1196,3,1198,1531,1194,0,0,0,0,0,0,0
1197,3,1532,1255,1195,0,0,0,0,0,0,0
1198,3,890,1195,1196,0,0,0,0,0,0,0
1199,3,1233,468,534,0,0,0,0,0,0,0
1200,3,1201,1202,468,0,0,0,0,0,0,0
1201,3,1656,443,1200,0,0,0,0,0,0,0
1202,3,1656,1654,1200,0,0,0,0,0,0,0
1203,4,1205,1207,1206,189,0,0,0,0,0,0
1204,3,1208,1207,189,0,0,0,0,0,0,0
1205,1,1203,0,0,0,0,0,0,0,0,0
1206,1,1203,0,0,0,0,0,0,0,0,0
1207,4,1209,1210,1203,1204,0,0,0,0,0,0
1208,3,1211,1210,1204,0,0,0,0,0,0,0
1209,1,1207,0,0,0,0,0,0,0,0,0
1210,4,1212,1213,1207,1208,0,0,0,0,0,0
1211,3,1215,1214,1208,0,0,0,0,0,0,0
1212,1,1210,0,0,0,0,0,0,0,0,0
1213,1,1210,0,0,0,0,0,0,0,0,0
1214,1,1211,0,0,0,0,0,0,0,0,0
1215,3,1775,767,1211,0,0,0,0,0,0,0
1216,2,1217,1218,0,0,0,0,0,0,0,0
1217,3,1219,1220,1216,0,0,0,0,0,0,0
1218,3,1219,1811,1216,0,0,0,0,0,0,0
1219,3,198,1217,1218,0,0,0,0,0,0,0
1220,3,1221,1780,1217,0,0,0,0,0,0,0
1221,1,1220,0,0,0,0,0,0,0,0,0
1222,3,1224,1225,921,0,0,0,0,0,0,0
1223,1,921,0,0,0,0,0,0,0,0,0
1224,3,1226,1850,1222,0,0,0,0,0,0,0
1225,1,1222,0,0,0,0,0,0,0,0,0
1226,3,1227,1228,1224,0,0,0,0,0,0,0
1227,3,1853,757,1226,0,0,0,0,0,0,0
1228,1,1226,0,0,0,0,0,0,0,0,0
1229,1,760,0,0,0,0,0,0,0,0,0
1230,3,1316,213,608,0,0,0,0,0,0,0
1231,1,213,0,0,0,0,0,0,0,0,0
1232,3,473,478,559,0,0,0,0,0,0,0
1233,3,1658,274,1199,0,0,0,0,0,0,0
1234,3,1235,527,917,0,0,0,0,0,0,0
1235,1,1234,0,0,0,0,0,0,0,0,0
1236,3,2225,2139,519,0,0,0,0,0,0,0
1237,3,1250,287,519,0,0,0,0,0,0,0
1238,3,1239,1245,205,0,0,0,0,0,0,0
1239,3,1246,206,1238,0,0,0,0,0,0,0
1240,3,2195,2196,206,0,0,0,0,0,0,0
1241,3,2246,507,923,0,0,0,0,0,0,0
1242,3,1243,1244,507,0,0,0,0,0,0,0
1243,3,179,1025,1242,0,0,0,0,0,0,0
1244,1,1242,0,0,0,0,0,0,0,0,0
1245,3,515,1039,1238,0,0,0,0,0,0,0
1246,3,1247,515,1239,0,0,0,0,0,0,0
1247,3,2195,388,1246,0,0,0,0,0,0,0
1248,3,187,518,776,0,0,0,0,0,0,0
1249,3,1868,1869,524,0,0,0,0,0,0,0
1250,4,1881,2166,776,1237,0,0,0,0,0,0
1251,2,1252,220,0,0,0,0,0,0,0,0
1252,3,1253,949,1251,0,0,0,0,0,0,0
1253,3,528,779,1252,0,0,0,0,0,0,0
1254,3,1255,1683,63,0,0,0,0,0,0,0
1255,3,1256,1197,1254,0,0,0,0,0,0,0
1256,3,1540,1541,1255,0,0,0,0,0,0,0
1257,3,2170,889,898,0,0,0,0,0,0,0
1258,2,1259,117,0,0,0,0,0,0,0,0
1259,3,1758,1756,1258,0,0,0,0,0,0,0
1260,1,741,0,0,0,0,0,0,0,0,0
1261,3,1263,1264,470,0,0,0,0,0,0,0
1262,1,470,0,0,0,0,0,0,0,0,0
1263,3,1265,1266,1261,0,0,0,0,0,0,0
1264,3,1266,1266,1261,0,0,0,0,0,0,0
1265,3,1267,1461,1263,0,0,0,0,0,0,0
1266,3,1263,1264,1264,0,0,0,0,0,0,0
1267,3,1268,860,1265,0,0,0,0,0,0,0
1268,3,1442,1443,1267,0,0,0,0,0,0,0
1269,3,1669,676,686,0,0,0,0,0,0,0
1270,3,1271,686,1062,0,0,0,0,0,0,0
1271,3,1272,1062,1270,0,0,0,0,0,0,0
1272,3,12,536,1271,0,0,0,0,0,0,0
1273,3,1978,318,787,0,0,0,0,0,0,0
1274,3,2008,2012,95,0,0,0,0,0,0,0
1275,1,95,0,0,0,0,0,0,0,0,0
1276,1,930,0,0,0,0,0,0,0,0,0
1277,1,1168,0,0,0,0,0,0,0,0,0
1278,1,1279,0,0,0,0,0,0,0,0,0
1279,3,1904,1932,1278,0,0,0,0,0,0,0
1280,3,1281,1282,664,0,0,0,0,0,0,0
1281,1,1280,0,0,0,0,0,0,0,0,0
1282,1,1280,0,0,0,0,0,0,0,0,0
1283,1,664,0,0,0,0,0,0,0,0,0
1284,1,177,0,0,0,0,0,0,0,0,0
1285,1,619,0,0,0,0,0,0,0,0,0
1286,3,1422,640,646,0,0,0,0,0,0,0
1287,3,1386,416,424,0,0,0,0,0,0,0
1288,1,1289,0,0,0,0,0,0,0,0,0
1289,1,1289,0,0,0,0,0,0,0,0,0
1290,3,1291,1292,335,0,0,0,0,0,0,0
1291,3,2208,511,1290,0,0,0,0,0,0,0
1292,1,1290,0,0,0,0,0,0,0,0,0
1293,3,1907,201,725,0,0,0,0,0,0,0
1294,1,1295,0,0,0,0,0,0,0,0,0
1295,4,1296,1297,824,1294,0,0,0,0,0,0
1296,1,1295,0,0,0,0,0,0,0,0,0
1297,3,1301,1299,1295,0,0,0,0,0,0,0
1298,1,1299,0,0,0,0,0,0,0,0,0
1299,3,1303,1297,1298,0,0,0,0,0,0,0
1300,3,2366,2367,824,0,0,0,0,0,0,0
1301,3,1304,38,1297,0,0,0,0,0,0,0
1302,1,1303,0,0,0,0,0,0,0,0,0
1303,3,1304,1299,1302,0,0,0,0,0,0,0
1304,3,1305,1301,1303,0,0,0,0,0,0,0
1305,1,1304,0,0,0,0,0,0,0,0,0
1306,3,158,166,1076,0,0,0,0,0,0,0
1307,3,1586,1722,1076,0,0,0,0,0,0,0
1308,1,614,0,0,0,0,0,0,0,0,0
1309,3,30,627,643,0,0,0,0,0,0,0
1310,1,627,0,0,0,0,0,0,0,0,0
1311,1,611,0,0,0,0,0,0,0,0,0
1312,1,825,0,0,0,0,0,0,0,0,0
1313,1,606,0,0,0,0,0,0,0,0,0
1314,1,1289,0,0,0,0,0,0,0,0,0
1315,1,178,0,0,0,0,0,0,0,0,0
1316,1,1230,0,0,0,0,0,0,0,0,0
1317,1,614,0,0,0,0,0,0,0,0,0
1318,2,1577,808,0,0,0,0,0,0,0,0
1319,1,1320,0,0,0,0,0,0,0,0,0
1320,3,1438,75,1319,0,0,0,0,0,0,0
1321,3,1322,1322,76,0,0,0,0,0,0,0
1322,3,1324,1321,1321,0,0,0,0,0,0,0
1323,3,1325,76,1085,0,0,0,0,0,0,0
1324,1,1322,0,0,0,0,0,0,0,0,0
1325,1,1323,0,0,0,0,0,0,0,0,0
1326,1,77,0,0,0,0,0,0,0,0,0
1327,3,1328,1328,568,0,0,0,0,0,0,0
1328,3,568,1327,1327,0,0,0,0,0,0,0
1329,1,568,0,0,0,0,0,0,0,0,0
1330,1,1331,0,0,0,0,0,0,0,0,0
1331,3,1337,1333,1330,0,0,0,0,0,0,0
1332,2,1333,1334,0,0,0,0,0,0,0,0
1333,3,1335,1331,1332,0,0,0,0,0,0,0
1334,3,1336,649,1332,0,0,0,0,0,0,0
1335,2,1338,1333,0,0,0,0,0,0,0,0
1336,2,1704,1334,0,0,0,0,0,0,0,0
1337,3,1338,401,1331,0,0,0,0,0,0,0
1338,2,1335,1337,0,0,0,0,0,0,0,0
1339,1,1150,0,0,0,0,0,0,0,0,0
1340,1,1142,0,0,0,0,0,0,0,0,0
1341,1,1149,0,0,0,0,0,0,0,0,0
1342,1,1153,0,0,0,0,0,0,0,0,0
1343,3,1344,1345,402,0,0,0,0,0,0,0
1344,3,1346,1346,1343,0,0,0,0,0,0,0
1345,1,1343,0,0,0,0,0,0,0,0,0
1346,3,1355,1344,1344,0,0,0,0,0,0,0
1347,1,838,0,0,0,0,0,0,0,0,0
1348,3,1349,1349,1350,0,0,0,0,0,0,0
1349,3,648,1348,1348,0,0,0,0,0,0,0
1350,1,1348,0,0,0,0,0,0,0,0,0
1351,1,638,0,0,0,0,0,0,0,0,0
1352,3,1353,700,703,0,0,0,0,0,0,0
1353,3,1354,703,1352,0,0,0,0,0,0,0
1354,1,1353,0,0,0,0,0,0,0,0,0
1355,3,1356,1357,1346,0,0,0,0,0,0,0
1356,1,1355,0,0,0,0,0,0,0,0,0
1357,1,1355,0,0,0,0,0,0,0,0,0
1358,3,1359,1360,1164,0,0,0,0,0,0,0
1359,1,1358,0,0,0,0,0,0,0,0,0
1360,1,1358,0,0,0,0,0,0,0,0,0
1361,1,1164,0,0,0,0,0,0,0,0,0
1362,2,1363,1364,0,0,0,0,0,0,0,0
1363,2,1133,1362,0,0,0,0,0,0,0,0
1364,1,1362,0,0,0,0,0,0,0,0,0
1365,1,1134,0,0,0,0,0,0,0,0,0
1366,2,1416,1134,0,0,0,0,0,0,0,0
1367,1,1133,0,0,0,0,0,0,0,0,0
1368,1,706,0,0,0,0,0,0,0,0,0
1369,1,633,0,0,0,0,0,0,0,0,0
1370,3,1371,1372,135,0,0,0,0,0,0,0
1371,1,1370,0,0,0,0,0,0,0,0,0
1372,1,1370,0,0,0,0,0,0,0,0,0
1373,3,1374,1375,418,0,0,0,0,0,0,0
1374,1,1373,0,0,0,0,0,0,0,0,0
1375,1,1373,0,0,0,0,0,0,0,0,0
1376,1,819,0,0,0,0,0,0,0,0,0
1377,3,1378,1379,1380,0,0,0,0,0,0,0
1378,3,1381,1382,1377,0,0,0,0,0,0,0
1379,1,1377,0,0,0,0,0,0,0,0,0
1380,1,1377,0,0,0,0,0,0,0,0,0
1381,3,1403,707,1378,0,0,0,0,0,0,0
1382,1,1378,0,0,0,0,0,0,0,0,0
1383,1,700,0,0,0,0,0,0,0,0,0
1384,1,704,0,0,0,0,0,0,0,0,0
1385,1,704,0,0,0,0,0,0,0,0,0
1386,1,1287,0,0,0,0,0,0,0,0,0
1387,1,1388,0,0,0,0,0,0,0,0,0
1388,3,1389,402,1387,0,0,0,0,0,0,0
1389,1,1388,0,0,0,0,0,0,0,0,0
1390,3,1391,1392,402,0,0,0,0,0,0,0
1391,1,1390,0,0,0,0,0,0,0,0,0
1392,3,1393,636,1390,0,0,0,0,0,0,0
1393,1,1392,0,0,0,0,0,0,0,0,0
1394,3,1395,1396,636,0,0,0,0,0,0,0
1395,1,1394,0,0,0,0,0,0,0,0,0
1396,1,1394,0,0,0,0,0,0,0,0,0
1397,1,1398,0,0,0,0,0,0,0,0,0
1398,4,1399,1400,699,1397,0,0,0,0,0,0
1399,1,1398,0,0,0,0,0,0,0,0,0
1400,3,1401,1402,1398,0,0,0,0,0,0,0
1401,1,1400,0,0,0,0,0,0,0,0,0
1402,1,1400,0,0,0,0,0,0,0,0,0
1403,1,1381,0,0,0,0,0,0,0,0,0
1404,3,1405,1406,707,0,0,0,0,0,0,0
1405,1,1404,0,0,0,0,0,0,0,0,0
1406,1,1404,0,0,0,0,0,0,0,0,0
1407,1,405,0,0,0,0,0,0,0,0,0
1408,1,830,0,0,0,0,0,0,0,0,0
1409,1,497,0,0,0,0,0,0,0,0,0
1410,1,1411,0,0,0,0,0,0,0,0,0
1411,3,1412,829,1410,0,0,0,0,0,0,0
1412,1,1411,0,0,0,0,0,0,0,0,0
1413,1,43,0,0,0,0,0,0,0,0,0
1414,1,1415,0,0,0,0,0,0,0,0,0
1415,3,1416,1417,1414,0,0,0,0,0,0,0
1416,3,1418,1366,1415,0,0,0,0,0,0,0
1417,1,1415,0,0,0,0,0,0,0,0,0
1418,1,1416,0,0,0,0,0,0,0,0,0
1419,1,830,0,0,0,0,0,0,0,0,0
1420,3,16,17,1165,0,0,0,0,0,0,0
1421,1,815,0,0,0,0,0,0,0,0,0
1422,1,1286,0,0,0,0,0,0,0,0,0
1423,1,822,0,0,0,0,0,0,0,0,0
1424,1,818,0,0,0,0,0,0,0,0,0
1425,1,103,0,0,0,0,0,0,0,0,0
1426,3,1427,1428,1429,0,0,0,0,0,0,0
1427,1,1426,0,0,0,0,0,0,0,0,0
1428,3,1433,102,1426,0,0,0,0,0,0,0
1429,1,1426,0,0,0,0,0,0,0,0,0
1430,3,1432,102,1089,0,0,0,0,0,0,0
1431,1,1089,0,0,0,0,0,0,0,0,0
1432,1,1430,0,0,0,0,0,0,0,0,0
1433,1,1428,0,0,0,0,0,0,0,0,0
1434,1,1085,0,0,0,0,0,0,0,0,0
1435,3,1436,1437,1080,0,0,0,0,0,0,0
1436,1,1435,0,0,0,0,0,0,0,0,0
1437,1,1435,0,0,0,0,0,0,0,0,0
1438,1,1320,0,0,0,0,0,0,0,0,0
1439,3,1469,1492,447,0,0,0,0,0,0,0
1440,1,447,0,0,0,0,0,0,0,0,0
1441,1,440,0,0,0,0,0,0,0,0,0
1442,1,1268,0,0,0,0,0,0,0,0,0
1443,1,1268,0,0,0,0,0,0,0,0,0
1444,1,550,0,0,0,0,0,0,0,0,0
1445,1,160,0,0,0,0,0,0,0,0,0
1446,3,1447,1448,881,0,0,0,0,0,0,0
1447,1,1446,0,0,0,0,0,0,0,0,0
1448,3,1449,1450,1446,0,0,0,0,0,0,0
1449,1,1448,0,0,0,0,0,0,0,0,0
1450,1,1448,0,0,0,0,0,0,0,0,0
1451,1,441,0,0,0,0,0,0,0,0,0
1452,1,460,0,0,0,0,0,0,0,0,0
1453,3,1454,1455,464,0,0,0,0,0,0,0
1454,3,1457,1516,1453,0,0,0,0,0,0,0
1455,1,1453,0,0,0,0,0,0,0,0,0
1456,1,1457,0,0,0,0,0,0,0,0,0
1457,3,1516,1454,1456,0,0,0,0,0,0,0
1458,1,1459,0,0,0,0,0,0,0,0,0
1459,3,1460,459,1458,0,0,0,0,0,0,0
1460,3,1493,479,1459,0,0,0,0,0,0,0
1461,1,1265,0,0,0,0,0,0,0,0,0
1462,3,1467,1465,855,0,0,0,0,0,0,0
1463,3,1464,1465,1466,0,0,0,0,0,0,0
1464,1,1463,0,0,0,0,0,0,0,0,0
1465,3,1468,1462,1463,0,0,0,0,0,0,0
1466,1,1463,0,0,0,0,0,0,0,0,0
1467,1,1462,0,0,0,0,0,0,0,0,0
1468,1,1465,0,0,0,0,0,0,0,0,0
1469,3,1470,479,1439,0,0,0,0,0,0,0
1470,1,1469,0,0,0,0,0,0,0,0,0
1471,3,1472,1475,458,0,0,0,0,0,0,0
1472,3,1473,1474,1471,0,0,0,0,0,0,0
1473,3,1475,1476,1472,0,0,0,0,0,0,0
1474,3,1477,459,1472,0,0,0,0,0,0,0
1475,3,1476,1471,1473,0,0,0,0,0,0,0
1476,3,454,1473,1475,0,0,0,0,0,0,0
1477,3,1478,1479,1474,0,0,0,0,0,0,0
1478,1,1477,0,0,0,0,0,0,0,0,0
1479,1,1477,0,0,0,0,0,0,0,0,0
1480,1,438,0,0,0,0,0,0,0,0,0
1481,3,1482,1483,1484,0,0,0,0,0,0,0
1482,1,1481,0,0,0,0,0,0,0,0,0
1483,3,1485,857,1481,0,0,0,0,0,0,0
1484,1,1481,0,0,0,0,0,0,0,0,0
1485,1,1483,0,0,0,0,0,0,0,0,0
1486,1,559,0,0,0,0,0,0,0,0,0
1487,3,1488,1489,555,0,0,0,0,0,0,0
1488,3,1490,1491,1487,0,0,0,0,0,0,0
1489,1,1487,0,0,0,0,0,0,0,0,0
1490,1,1488,0,0,0,0,0,0,0,0,0
1491,1,1488,0,0,0,0,0,0,0,0,0
1492,1,1439,0,0,0,0,0,0,0,0,0
1493,1,1460,0,0,0,0,0,0,0,0,0
1494,1,449,0,0,0,0,0,0,0,0,0
1495,3,1496,1497,546,0,0,0,0,0,0,0
1496,1,1495,0,0,0,0,0,0,0,0,0
1497,3,1498,1499,1495,0,0,0,0,0,0,0
1498,1,1497,0,0,0,0,0,0,0,0,0
1499,1,1497,0,0,0,0,0,0,0,0,0
1500,1,454,0,0,0,0,0,0,0,0,0
1501,3,1502,1503,1504,0,0,0,0,0,0,0
1502,1,1501,0,0,0,0,0,0,0,0,0
1503,3,1505,1510,1501,0,0,0,0,0,0,0
1504,1,1501,0,0,0,0,0,0,0,0,0
1505,3,1514,1512,1503,0,0,0,0,0,0,0
1506,3,1508,1509,883,0,0,0,0,0,0,0
1507,1,883,0,0,0,0,0,0,0,0,0
1508,3,1510,1511,1506,0,0,0,0,0,0,0
1509,1,1506,0,0,0,0,0,0,0,0,0
1510,3,1512,1503,1508,0,0,0,0,0,0,0
1511,1,1508,0,0,0,0,0,0,0,0,0
1512,3,1513,1505,1510,0,0,0,0,0,0,0
1513,1,1512,0,0,0,0,0,0,0,0,0
1514,3,1515,462,1505,0,0,0,0,0,0,0
1515,1,1514,0,0,0,0,0,0,0,0,0
1516,3,1517,1454,1457,0,0,0,0,0,0,0
1517,1,1516,0,0,0,0,0,0,0,0,0
1518,1,788,0,0,0,0,0,0,0,0,0
1519,1,788,0,0,0,0,0,0,0,0,0
1520,1,1521,0,0,0,0,0,0,0,0,0
1521,3,1522,792,1520,0,0,0,0,0,0,0
1522,1,1521,0,0,0,0,0,0,0,0,0
1523,1,791,0,0,0,0,0,0,0,0,0
1524,1,1109,0,0,0,0,0,0,0,0,0
1525,3,1526,1527,969,0,0,0,0,0,0,0
1526,3,1528,1529,1525,0,0,0,0,0,0,0
1527,1,1525,0,0,0,0,0,0,0,0,0
1528,1,1526,0,0,0,0,0,0,0,0,0
1529,3,943,969,1526,0,0,0,0,0,0,0
1530,1,943,0,0,0,0,0,0,0,0,0
1531,3,1535,1665,1196,0,0,0,0,0,0,0
1532,1,1197,0,0,0,0,0,0,0,0,0
1533,1,602,0,0,0,0,0,0,0,0,0
1534,1,890,0,0,0,0,0,0,0,0,0
1535,3,1536,84,1531,0,0,0,0,0,0,0
1536,1,1535,0,0,0,0,0,0,0,0,0
1537,1,84,0,0,0,0,0,0,0,0,0
1538,3,1548,73,1108,0,0,0,0,0,0,0
1539,1,1108,0,0,0,0,0,0,0,0,0
1540,1,1256,0,0,0,0,0,0,0,0,0
1541,1,1256,0,0,0,0,0,0,0,0,0
1542,3,1559,1560,1067,0,0,0,0,0,0,0
1543,1,1067,0,0,0,0,0,0,0,0,0
1544,1,83,0,0,0,0,0,0,0,0,0
1545,1,1100,0,0,0,0,0,0,0,0,0
1546,3,1547,784,786,0,0,0,0,0,0,0
1547,1,1546,0,0,0,0,0,0,0,0,0
1548,1,1538,0,0,0,0,0,0,0,0,0
1549,1,1098,0,0,0,0,0,0,0,0,0
1550,1,942,0,0,0,0,0,0,0,0,0
1551,1,950,0,0,0,0,0,0,0,0,0
1552,1,184,0,0,0,0,0,0,0,0,0
1553,1,185,0,0,0,0,0,0,0,0,0
1554,1,571,0,0,0,0,0,0,0,0,0
1555,1,1556,0,0,0,0,0,0,0,0,0
1556,3,1557,1558,1555,0,0,0,0,0,0,0
1557,1,1556,0,0,0,0,0,0,0,0,0
1558,3,1560,583,1556,0,0,0,0,0,0,0
1559,1,1542,0,0,0,0,0,0,0,0,0
1560,3,1707,1542,1558,0,0,0,0,0,0,0
1561,1,1071,0,0,0,0,0,0,0,0,0
1562,1,748,0,0,0,0,0,0,0,0,0
1563,3,1564,1565,752,0,0,0,0,0,0,0
1564,1,1563,0,0,0,0,0,0,0,0,0
1565,3,2365,885,1563,0,0,0,0,0,0,0
1566,1,752,0,0,0,0,0,0,0,0,0
1567,3,1572,753,755,0,0,0,0,0,0,0
1568,3,1569,1570,753,0,0,0,0,0,0,0
1569,1,1568,0,0,0,0,0,0,0,0,0
1570,1,1568,0,0,0,0,0,0,0,0,0
1571,1,755,0,0,0,0,0,0,0,0,0
1572,3,1573,1573,1567,0,0,0,0,0,0,0
1573,3,1574,1572,1572,0,0,0,0,0,0,0
1574,1,1573,0,0,0,0,0,0,0,0,0
1575,2,1576,168,0,0,0,0,0,0,0,0
1576,1,1575,0,0,0,0,0,0,0,0,0
1577,1,1318,0,0,0,0,0,0,0,0,0
1578,3,1591,800,1077,0,0,0,0,0,0,0
1579,1,800,0,0,0,0,0,0,0,0,0
1580,1,1077,0,0,0,0,0,0,0,0,0
1581,1,1582,0,0,0,0,0,0,0,0,0
1582,3,1722,801,1581,0,0,0,0,0,0,0
1583,1,812,0,0,0,0,0,0,0,0,0
1584,1,811,0,0,0,0,0,0,0,0,0
1585,3,170,810,810,0,0,0,0,0,0,0
1586,3,1587,1588,1307,0,0,0,0,0,0,0
1587,1,1586,0,0,0,0,0,0,0,0,0
1588,1,1586,0,0,0,0,0,0,0,0,0
1589,1,1590,0,0,0,0,0,0,0,0,0
1590,4,1593,1592,1595,1589,0,0,0,0,0,0
1591,1,1578,0,0,0,0,0,0,0,0,0
1592,2,1593,1590,0,0,0,0,0,0,0,0
1593,3,1594,1590,1592,0,0,0,0,0,0,0
1594,3,2371,2368,1593,0,0,0,0,0,0,0
1595,3,1596,1597,1590,0,0,0,0,0,0,0
1596,1,1595,0,0,0,0,0,0,0,0,0
1597,1,1595,0,0,0,0,0,0,0,0,0
1598,1,853,0,0,0,0,0,0,0,0,0
1599,1,1600,0,0,0,0,0,0,0,0,0
1600,3,1601,814,1599,0,0,0,0,0,0,0
1601,1,1600,0,0,0,0,0,0,0,0,0
1602,1,852,0,0,0,0,0,0,0,0,0
1603,1,1604,0,0,0,0,0,0,0,0,0
1604,3,1605,432,1603,0,0,0,0,0,0,0
1605,3,1606,1607,1604,0,0,0,0,0,0,0
1606,1,1605,0,0,0,0,0,0,0,0,0
1607,1,1605,0,0,0,0,0,0,0,0,0
1608,3,1609,845,1189,0,0,0,0,0,0,0
1609,1,1608,0,0,0,0,0,0,0,0,0
1610,1,679,0,0,0,0,0,0,0,0,0
1611,1,832,0,0,0,0,0,0,0,0,0
1612,3,1613,1614,1189,0,0,0,0,0,0,0
1613,1,1612,0,0,0,0,0,0,0,0,0
1614,1,1612,0,0,0,0,0,0,0,0,0
1615,3,1616,1617,877,0,0,0,0,0,0,0
1616,1,1615,0,0,0,0,0,0,0,0,0
1617,3,1618,11,1615,0,0,0,0,0,0,0
1618,1,1617,0,0,0,0,0,0,0,0,0
1619,3,1698,873,877,0,0,0,0,0,0,0
1620,3,1621,1622,1623,0,0,0,0,0,0,0
1621,1,1620,0,0,0,0,0,0,0,0,0
1622,3,1624,1625,1620,0,0,0,0,0,0,0
1623,3,1645,1626,1620,0,0,0,0,0,0,0
1624,1,1622,0,0,0,0,0,0,0,0,0
1625,1,1622,0,0,0,0,0,0,0,0,0
1626,3,1646,467,1623,0,0,0,0,0,0,0
1627,1,1628,0,0,0,0,0,0,0,0,0
1628,3,1629,65,1627,0,0,0,0,0,0,0
1629,1,1628,0,0,0,0,0,0,0,0,0
1630,1,642,0,0,0,0,0,0,0,0,0
1631,3,1632,1633,427,0,0,0,0,0,0,0
1632,1,1631,0,0,0,0,0,0,0,0,0
1633,1,1631,0,0,0,0,0,0,0,0,0
1634,1,315,0,0,0,0,0,0,0,0,0
1635,3,1636,1637,867,0,0,0,0,0,0,0
1636,1,1635,0,0,0,0,0,0,0,0,0
1637,1,1635,0,0,0,0,0,0,0,0,0
1638,1,875,0,0,0,0,0,0,0,0,0
1639,1,878,0,0,0,0,0,0,0,0,0
1640,3,1642,276,456,0,0,0,0,0,0,0
1641,1,276,0,0,0,0,0,0,0,0,0
1642,3,1643,489,1640,0,0,0,0,0,0,0
1643,1,1642,0,0,0,0,0,0,0,0,0
1644,1,443,0,0,0,0,0,0,0,0,0
1645,1,1623,0,0,0,0,0,0,0,0,0
1646,1,1626,0,0,0,0,0,0,0,0,0
1647,1,481,0,0,0,0,0,0,0,0,0
1648,3,1649,445,482,0,0,0,0,0,0,0
1649,1,1648,0,0,0,0,0,0,0,0,0
1650,3,1651,1652,482,0,0,0,0,0,0,0
1651,1,1650,0,0,0,0,0,0,0,0,0
1652,3,1653,1654,1650,0,0,0,0,0,0,0
1653,1,1652,0,0,0,0,0,0,0,0,0
1654,3,1655,1202,1652,0,0,0,0,0,0,0
1655,1,1654,0,0,0,0,0,0,0,0,0
1656,3,1657,1201,1202,0,0,0,0,0,0,0
1657,1,1656,0,0,0,0,0,0,0,0,0
1658,3,1659,1660,1233,0,0,0,0,0,0,0
1659,1,1658,0,0,0,0,0,0,0,0,0
1660,1,1658,0,0,0,0,0,0,0,0,0
1661,1,850,0,0,0,0,0,0,0,0,0
1662,3,1663,1664,306,0,0,0,0,0,0,0
1663,1,1662,0,0,0,0,0,0,0,0,0
1664,1,1662,0,0,0,0,0,0,0,0,0
1665,3,1666,1667,1531,0,0,0,0,0,0,0
1666,1,1665,0,0,0,0,0,0,0,0,0
1667,1,1665,0,0,0,0,0,0,0,0,0
1668,1,537,0,0,0,0,0,0,0,0,0
1669,1,1269,0,0,0,0,0,0,0,0,0
1670,1,12,0,0,0,0,0,0,0,0,0
1671,1,1672,0,0,0,0,0,0,0,0,0
1672,3,578,582,1671,0,0,0,0,0,0,0
1673,1,578,0,0,0,0,0,0,0,0,0
1674,3,1675,1676,1677,0,0,0,0,0,0,0
1675,1,1674,0,0,0,0,0,0,0,0,0
1676,3,1678,579,1674,0,0,0,0,0,0,0
1677,1,1674,0,0,0,0,0,0,0,0,0
1678,1,1676,0,0,0,0,0,0,0,0,0
1679,3,1680,543,575,0,0,0,0,0,0,0
1680,1,1679,0,0,0,0,0,0,0,0,0
1681,1,575,0,0,0,0,0,0,0,0,0
1682,1,1058,0,0,0,0,0,0,0,0,0
1683,1,1254,0,0,0,0,0,0,0,0,0
1684,1,1685,0,0,0,0,0,0,0,0,0
1685,3,1686,582,1684,0,0,0,0,0,0,0
1686,1,1685,0,0,0,0,0,0,0,0,0
1687,1,1688,0,0,0,0,0,0,0,0,0
1688,3,1689,573,1687,0,0,0,0,0,0,0
1689,1,1688,0,0,0,0,0,0,0,0,0
1690,1,873,0,0,0,0,0,0,0,0,0
1691,1,1034,0,0,0,0,0,0,0,0,0
1692,1,8,0,0,0,0,0,0,0,0,0
1693,3,1694,1695,536,0,0,0,0,0,0,0
1694,1,1693,0,0,0,0,0,0,0,0,0
1695,1,1693,0,0,0,0,0,0,0,0,0
1696,1,540,0,0,0,0,0,0,0,0,0
1697,1,1698,0,0,0,0,0,0,0,0,0
1698,3,1699,1619,1697,0,0,0,0,0,0,0
1699,1,1698,0,0,0,0,0,0,0,0,0
1700,1,1701,0,0,0,0,0,0,0,0,0
1701,3,1704,1705,1700,0,0,0,0,0,0,0
1702,1,1703,0,0,0,0,0,0,0,0,0
1703,2,1705,1702,0,0,0,0,0,0,0,0
1704,3,1705,1336,1701,0,0,0,0,0,0,0
1705,3,1701,1703,1704,0,0,0,0,0,0,0
1706,1,42,0,0,0,0,0,0,0,0,0
1707,1,1560,0,0,0,0,0,0,0,0,0
1708,1,589,0,0,0,0,0,0,0,0,0
1709,1,586,0,0,0,0,0,0,0,0,0
1710,1,1104,0,0,0,0,0,0,0,0,0
1711,1,1106,0,0,0,0,0,0,0,0,0
1712,3,1713,1714,1786,0,0,0,0,0,0,0
1713,3,1790,1793,1712,0,0,0,0,0,0,0
1714,3,1948,1949,1712,0,0,0,0,0,0,0
1715,3,1716,106,121,0,0,0,0,0,0,0
1716,3,1947,1899,1715,0,0,0,0,0,0,0
1717,3,1809,1806,116,0,0,0,0,0,0,0
1718,3,1831,1833,109,0,0,0,0,0,0,0
1719,1,119,0,0,0,0,0,0,0,0,0
1720,3,1829,1834,119,0,0,0,0,0,0,0
1721,3,1767,1771,119,0,0,0,0,0,0,0
1722,3,807,1307,1582,0,0,0,0,0,0,0
1723,1,723,0,0,0,0,0,0,0,0,0
1724,1,723,0,0,0,0,0,0,0,0,0
1725,3,1726,722,722,0,0,0,0,0,0,0
1726,1,1725,0,0,0,0,0,0,0,0,0
1727,1,718,0,0,0,0,0,0,0,0,0
1728,2,1729,1730,0,0,0,0,0,0,0,0
1729,3,1734,191,1728,0,0,0,0,0,0,0
1730,2,1731,1728,0,0,0,0,0,0,0,0
1731,3,1732,202,1730,0,0,0,0,0,0,0
1732,2,1733,1731,0,0,0,0,0,0,0,0
1733,1,1732,0,0,0,0,0,0,0,0,0
1734,3,1735,1736,1729,0,0,0,0,0,0,0
1735,3,1737,1736,1734,0,0,0,0,0,0,0
1736,3,1738,1734,1735,0,0,0,0,0,0,0
1737,1,1735,0,0,0,0,0,0,0,0,0
1738,3,1739,1740,1736,0,0,0,0,0,0,0
1739,1,1738,0,0,0,0,0,0,0,0,0
1740,4,1744,1741,194,1738,0,0,0,0,0,0
1741,3,1742,1743,1740,0,0,0,0,0,0,0
1742,1,1741,0,0,0,0,0,0,0,0,0
1743,3,1746,1748,1741,0,0,0,0,0,0,0
1744,3,1745,1746,1740,0,0,0,0,0,0,0
1745,1,1744,0,0,0,0,0,0,0,0,0
1746,3,1747,1743,1744,0,0,0,0,0,0,0
1747,1,1746,0,0,0,0,0,0,0,0,0
1748,1,1743,0,0,0,0,0,0,0,0,0
1749,1,323,0,0,0,0,0,0,0,0,0
1750,3,1751,1752,323,0,0,0,0,0,0,0
1751,3,1840,1877,1750,0,0,0,0,0,0,0
1752,1,1750,0,0,0,0,0,0,0,0,0
1753,1,198,0,0,0,0,0,0,0,0,0
1754,1,1755,0,0,0,0,0,0,0,0,0
1755,3,1756,1759,1754,0,0,0,0,0,0,0
1756,3,1757,1259,1755,0,0,0,0,0,0,0
1757,1,1756,0,0,0,0,0,0,0,0,0
1758,3,1776,767,1259,0,0,0,0,0,0,0
1759,1,1755,0,0,0,0,0,0,0,0,0
1760,3,1762,1761,709,0,0,0,0,0,0,0
1761,1,1760,0,0,0,0,0,0,0,0,0
1762,1,1760,0,0,0,0,0,0,0,0,0
1763,1,757,0,0,0,0,0,0,0,0,0
1764,3,1765,1766,1767,0,0,0,0,0,0,0
1765,1,1764,0,0,0,0,0,0,0,0,0
1766,3,1768,1769,1764,0,0,0,0,0,0,0
1767,3,1770,1721,1764,0,0,0,0,0,0,0
1768,1,1766,0,0,0,0,0,0,0,0,0
1769,1,1766,0,0,0,0,0,0,0,0,0
1770,3,1786,1786,1767,0,0,0,0,0,0,0
1771,1,1721,0,0,0,0,0,0,0,0,0
1772,3,1773,1774,1809,0,0,0,0,0,0,0
1773,3,1823,1824,1772,0,0,0,0,0,0,0
1774,1,1772,0,0,0,0,0,0,0,0,0
1775,1,1215,0,0,0,0,0,0,0,0,0
1776,1,1758,0,0,0,0,0,0,0,0,0
1777,1,768,0,0,0,0,0,0,0,0,0
1778,1,768,0,0,0,0,0,0,0,0,0
1779,2,1780,1781,0,0,0,0,0,0,0,0
1780,3,1782,1220,1779,0,0,0,0,0,0,0
1781,1,1779,0,0,0,0,0,0,0,0,0
1782,3,1842,199,1780,0,0,0,0,0,0,0
1783,3,1784,1785,199,0,0,0,0,0,0,0
1784,1,1783,0,0,0,0,0,0,0,0,0
1785,1,1783,0,0,0,0,0,0,0,0,0
1786,3,1712,1770,1770,0,0,0,0,0,0,0
1787,3,1788,1789,1840,0,0,0,0,0,0,0
1788,3,2126,2217,1787,0,0,0,0,0,0,0
1789,1,1787,0,0,0,0,0,0,0,0,0
1790,3,1791,1792,1713,0,0,0,0,0,0,0
1791,3,2122,382,1790,0,0,0,0,0,0,0
1792,1,1790,0,0,0,0,0,0,0,0,0
1793,3,1794,1795,1713,0,0,0,0,0,0,0
1794,3,1796,1797,1793,0,0,0,0,0,0,0
1795,1,1793,0,0,0,0,0,0,0,0,0
1796,1,1794,0,0,0,0,0,0,0,0,0
1797,1,1794,0,0,0,0,0,0,0,0,0
1798,3,1801,352,769,0,0,0,0,0,0,0
1799,1,769,0,0,0,0,0,0,0,0,0
1800,1,352,0,0,0,0,0,0,0,0,0
1801,3,1802,1803,1798,0,0,0,0,0,0,0
1802,1,1801,0,0,0,0,0,0,0,0,0
1803,3,1804,1805,1801,0,0,0,0,0,0,0
1804,1,1803,0,0,0,0,0,0,0,0,0
1805,1,1803,0,0,0,0,0,0,0,0,0
1806,3,1807,1808,1717,0,0,0,0,0,0,0
1807,1,1806,0,0,0,0,0,0,0,0,0
1808,1,1806,0,0,0,0,0,0,0,0,0
1809,3,1810,1717,1772,0,0,0,0,0,0,0
1810,1,1809,0,0,0,0,0,0,0,0,0
1811,3,1812,1813,1218,0,0,0,0,0,0,0
1812,1,1811,0,0,0,0,0,0,0,0,0
1813,3,1814,117,1811,0,0,0,0,0,0,0
1814,1,1813,0,0,0,0,0,0,0,0,0
1815,1,114,0,0,0,0,0,0,0,0,0
1816,1,111,0,0,0,0,0,0,0,0,0
1817,1,327,0,0,0,0,0,0,0,0,0
1818,3,1829,1830,327,0,0,0,0,0,0,0
1819,1,1820,0,0,0,0,0,0,0,0,0
1820,3,1821,1823,1819,0,0,0,0,0,0,0
1821,3,1826,1827,1820,0,0,0,0,0,0,0
1822,1,1823,0,0,0,0,0,0,0,0,0
1823,4,1825,1773,1820,1822,0,0,0,0,0,0
1824,1,1773,0,0,0,0,0,0,0,0,0
1825,1,1823,0,0,0,0,0,0,0,0,0
1826,3,1828,329,1821,0,0,0,0,0,0,0
1827,1,1821,0,0,0,0,0,0,0,0,0
1828,1,1826,0,0,0,0,0,0,0,0,0
1829,3,1835,1720,1818,0,0,0,0,0,0,0
1830,1,1818,0,0,0,0,0,0,0,0,0
1831,3,1834,119,1718,0,0,0,0,0,0,0
1832,1,1833,0,0,0,0,0,0,0,0,0
1833,3,1834,1718,1832,0,0,0,0,0,0,0
1834,3,1720,1831,1833,0,0,0,0,0,0,0
1835,1,1829,0,0,0,0,0,0,0,0,0
1836,1,713,0,0,0,0,0,0,0,0,0
1837,3,1838,1839,141,0,0,0,0,0,0,0
1838,1,1837,0,0,0,0,0,0,0,0,0
1839,1,1837,0,0,0,0,0,0,0,0,0
1840,3,1841,1751,1787,0,0,0,0,0,0,0
1841,1,1840,0,0,0,0,0,0,0,0,0
1842,1,1782,0,0,0,0,0,0,0,0,0
1843,1,196,0,0,0,0,0,0,0,0,0
1844,1,777,0,0,0,0,0,0,0,0,0
1845,1,919,0,0,0,0,0,0,0,0,0
1846,1,188,0,0,0,0,0,0,0,0,0
1847,1,918,0,0,0,0,0,0,0,0,0
1848,1,922,0,0,0,0,0,0,0,0,0
1849,1,922,0,0,0,0,0,0,0,0,0
1850,3,1851,1852,1224,0,0,0,0,0,0,0
1851,1,1850,0,0,0,0,0,0,0,0,0
1852,1,1850,0,0,0,0,0,0,0,0,0
1853,1,1227,0,0,0,0,0,0,0,0,0
1854,1,518,0,0,0,0,0,0,0,0,0
1855,3,1856,1857,328,0,0,0,0,0,0,0
1856,1,1855,0,0,0,0,0,0,0,0,0
1857,1,1855,0,0,0,0,0,0,0,0,0
1858,3,1887,322,328,0,0,0,0,0,0,0
1859,3,1860,2167,524,0,0,0,0,0,0,0
1860,1,1859,0,0,0,0,0,0,0,0,0
1861,1,517,0,0,0,0,0,0,0,0,0
1862,1,517,0,0,0,0,0,0,0,0,0
1863,3,1864,1865,1866,0,0,0,0,0,0,0
1864,1,1863,0,0,0,0,0,0,0,0,0
1865,1,1863,0,0,0,0,0,0,0,0,0
1866,3,1867,1868,1863,0,0,0,0,0,0,0
1867,1,1866,0,0,0,0,0,0,0,0,0
1868,3,1896,1249,1866,0,0,0,0,0,0,0
1869,3,1870,1871,1249,0,0,0,0,0,0,0
1870,1,1869,0,0,0,0,0,0,0,0,0
1871,3,1872,1873,1869,0,0,0,0,0,0,0
1872,3,1895,1894,1871,0,0,0,0,0,0,0
1873,3,1890,1874,1871,0,0,0,0,0,0,0
1874,1,1873,0,0,0,0,0,0,0,0,0
1875,3,1876,1877,1878,0,0,0,0,0,0,0
1876,1,1875,0,0,0,0,0,0,0,0,0
1877,3,1879,1751,1875,0,0,0,0,0,0,0
1878,1,1875,0,0,0,0,0,0,0,0,0
1879,1,1877,0,0,0,0,0,0,0,0,0
1880,3,1881,1883,526,0,0,0,0,0,0,0
1881,3,285,1250,1880,0,0,0,0,0,0,0
1882,3,1883,1885,526,0,0,0,0,0,0,0
1883,3,1884,1880,1882,0,0,0,0,0,0,0
1884,1,1883,0,0,0,0,0,0,0,0,0
1885,1,1882,0,0,0,0,0,0,0,0,0
1886,1,504,0,0,0,0,0,0,0,0,0
1887,1,1858,0,0,0,0,0,0,0,0,0
1888,3,1889,1889,351,0,0,0,0,0,0,0
1889,3,351,1888,1888,0,0,0,0,0,0,0
1890,1,1873,0,0,0,0,0,0,0,0,0
1891,3,1892,1892,1893,0,0,0,0,0,0,0
1892,3,525,1891,1891,0,0,0,0,0,0,0
1893,1,1891,0,0,0,0,0,0,0,0,0
1894,1,1872,0,0,0,0,0,0,0,0,0
1895,1,1872,0,0,0,0,0,0,0,0,0
1896,1,1868,0,0,0,0,0,0,0,0,0
1897,1,505,0,0,0,0,0,0,0,0,0
1898,3,1899,1900,121,0,0,0,0,0,0,0
1899,3,1900,1716,1898,0,0,0,0,0,0,0
1900,3,120,1898,1899,0,0,0,0,0,0,0
1901,3,1902,1903,107,0,0,0,0,0,0,0
1902,4,1904,1905,107,1901,0,0,0,0,0,0
1903,3,1935,1906,1901,0,0,0,0,0,0,0
1904,3,1929,1279,1902,0,0,0,0,0,0,0
1905,1,1902,0,0,0,0,0,0,0,0,0
1906,1,1903,0,0,0,0,0,0,0,0,0
1907,1,1293,0,0,0,0,0,0,0,0,0
1908,3,1909,1910,1911,0,0,0,0,0,0,0
1909,3,1912,1968,1908,0,0,0,0,0,0,0
1910,1,1908,0,0,0,0,0,0,0,0,0
1911,1,1908,0,0,0,0,0,0,0,0,0
1912,3,1913,1914,1909,0,0,0,0,0,0,0
1913,3,1916,133,1912,0,0,0,0,0,0,0
1914,1,1912,0,0,0,0,0,0,0,0,0
1915,1,1916,0,0,0,0,0,0,0,0,0
1916,3,1917,1913,1915,0,0,0,0,0,0,0
1917,1,1916,0,0,0,0,0,0,0,0,0
1918,1,1182,0,0,0,0,0,0,0,0,0
1919,1,1920,0,0,0,0,0,0,0,0,0
1920,3,1921,1922,1919,0,0,0,0,0,0,0
1921,1,1920,0,0,0,0,0,0,0,0,0
1922,3,1923,1924,1920,0,0,0,0,0,0,0
1923,1,1922,0,0,0,0,0,0,0,0,0
1924,3,1969,1925,1922,0,0,0,0,0,0,0
1925,2,320,1924,0,0,0,0,0,0,0,0
1926,1,134,0,0,0,0,0,0,0,0,0
1927,1,134,0,0,0,0,0,0,0,0,0
1928,1,133,0,0,0,0,0,0,0,0,0
1929,3,1930,1931,1904,0,0,0,0,0,0,0
1930,1,1929,0,0,0,0,0,0,0,0,0
1931,1,1929,0,0,0,0,0,0,0,0,0
1932,3,1933,1934,1279,0,0,0,0,0,0,0
1933,1,1932,0,0,0,0,0,0,0,0,0
1934,1,1932,0,0,0,0,0,0,0,0,0
1935,1,1903,0,0,0,0,0,0,0,0,0
1936,1,1117,0,0,0,0,0,0,0,0,0
1937,3,2345,2292,1117,0,0,0,0,0,0,0
1938,1,1183,0,0,0,0,0,0,0,0,0
1939,1,500,0,0,0,0,0,0,0,0,0
1940,1,126,0,0,0,0,0,0,0,0,0
1941,1,502,0,0,0,0,0,0,0,0,0
1942,1,1943,0,0,0,0,0,0,0,0,0
1943,3,1944,500,1942,0,0,0,0,0,0,0
1944,3,1945,1946,1943,0,0,0,0,0,0,0
1945,3,1963,120,1944,0,0,0,0,0,0,0
1946,1,1944,0,0,0,0,0,0,0,0,0
1947,1,1716,0,0,0,0,0,0,0,0,0
1948,3,1964,1965,1714,0,0,0,0,0,0,0
1949,1,1714,0,0,0,0,0,0,0,0,0
1950,1,1178,0,0,0,0,0,0,0,0,0
1951,3,1952,1953,1954,0,0,0,0,0,0,0
1952,1,1951,0,0,0,0,0,0,0,0,0
1953,3,217,726,1951,0,0,0,0,0,0,0
1954,3,1955,1167,1951,0,0,0,0,0,0,0
1955,1,1954,0,0,0,0,0,0,0,0,0
1956,1,1181,0,0,0,0,0,0,0,0,0
1957,1,726,0,0,0,0,0,0,0,0,0
1958,3,729,735,736,0,0,0,0,0,0,0
1959,1,735,0,0,0,0,0,0,0,0,0
1960,1,733,0,0,0,0,0,0,0,0,0
1961,1,733,0,0,0,0,0,0,0,0,0
1962,1,1186,0,0,0,0,0,0,0,0,0
1963,3,1964,1965,1945,0,0,0,0,0,0,0
1964,3,118,1948,1963,0,0,0,0,0,0,0
1965,3,1966,1948,1963,0,0,0,0,0,0,0
1966,1,1965,0,0,0,0,0,0,0,0,0
1967,1,1183,0,0,0,0,0,0,0,0,0
1968,3,124,124,1909,0,0,0,0,0,0,0
1969,1,1924,0,0,0,0,0,0,0,0,0
1970,3,1971,1972,1973,0,0,0,0,0,0,0
1971,3,1975,2002,1970,0,0,0,0,0,0,0
1972,3,2005,2006,1970,0,0,0,0,0,0,0
1973,3,1974,1975,1970,0,0,0,0,0,0,0
1974,3,1976,1977,1973,0,0,0,0,0,0,0
1975,3,2001,1971,1973,0,0,0,0,0,0,0
1976,3,2006,2121,1974,0,0,0,0,0,0,0
1977,3,2054,2115,1974,0,0,0,0,0,0,0
1978,3,2082,173,1273,0,0,0,0,0,0,0
1979,3,1981,962,965,0,0,0,0,0,0,0
1980,3,1981,952,962,0,0,0,0,0,0,0
1981,3,367,1979,1980,0,0,0,0,0,0,0
1982,3,1983,1984,383,0,0,0,0,0,0,0
1983,3,2078,2080,1982,0,0,0,0,0,0,0
1984,1,1982,0,0,0,0,0,0,0,0,0
1985,3,1986,1986,282,0,0,0,0,0,0,0
1986,3,280,1985,1985,0,0,0,0,0,0,0
1987,3,2095,280,980,0,0,0,0,0,0,0
1988,3,2051,2047,282,0,0,0,0,0,0,0
1989,1,173,0,0,0,0,0,0,0,0,0
1990,1,219,0,0,0,0,0,0,0,0,0
1991,1,957,0,0,0,0,0,0,0,0,0
1992,3,1994,2052,966,0,0,0,0,0,0,0
1993,1,966,0,0,0,0,0,0,0,0,0
1994,3,2053,93,1992,0,0,0,0,0,0,0
1995,1,93,0,0,0,0,0,0,0,0,0
1996,3,1997,956,967,0,0,0,0,0,0,0
1997,3,1998,2004,1996,0,0,0,0,0,0,0
1998,3,1999,2000,1997,0,0,0,0,0,0,0
1999,3,2004,2002,1998,0,0,0,0,0,0,0
2000,3,2003,2001,1998,0,0,0,0,0,0,0
2001,3,2003,1975,2000,0,0,0,0,0,0,0
2002,3,2003,1971,1999,0,0,0,0,0,0,0
2003,3,2000,2001,2002,0,0,0,0,0,0,0
2004,3,956,1997,1999,0,0,0,0,0,0,0
2005,3,2147,2006,1972,0,0,0,0,0,0,0
2006,3,1972,1976,2005,0,0,0,0,0,0,0
2007,1,1050,0,0,0,0,0,0,0,0,0
2008,3,2088,1050,1274,0,0,0,0,0,0,0
2009,3,2142,96,308,0,0,0,0,0,0,0
2010,1,96,0,0,0,0,0,0,0,0,0
2011,1,2012,0,0,0,0,0,0,0,0,0
2012,3,2013,1274,2011,0,0,0,0,0,0,0
2013,1,2012,0,0,0,0,0,0,0,0,0
2014,3,2015,271,361,0,0,0,0,0,0,0
2015,1,2014,0,0,0,0,0,0,0,0,0
2016,3,2017,2018,2019,0,0,0,0,0,0,0
2017,1,2016,0,0,0,0,0,0,0,0,0
2018,3,2020,2021,2016,0,0,0,0,0,0,0
2019,3,2022,370,2016,0,0,0,0,0,0,0
2020,1,2018,0,0,0,0,0,0,0,0,0
2021,1,2018,0,0,0,0,0,0,0,0,0
2022,3,2075,385,2019,0,0,0,0,0,0,0
2023,1,2024,0,0,0,0,0,0,0,0,0
2024,3,365,368,2023,0,0,0,0,0,0,0
2025,1,365,0,0,0,0,0,0,0,0,0
2026,3,2027,976,1052,0,0,0,0,0,0,0
2027,3,2028,2029,2026,0,0,0,0,0,0,0
2028,1,2027,0,0,0,0,0,0,0,0,0
2029,4,2032,2091,1051,2027,0,0,0,0,0,0
2030,1,972,0,0,0,0,0,0,0,0,0
2031,1,973,0,0,0,0,0,0,0,0,0
2032,3,2033,970,2029,0,0,0,0,0,0,0
2033,3,2036,2034,2032,0,0,0,0,0,0,0
2034,3,2035,218,2033,0,0,0,0,0,0,0
2035,3,2036,172,2034,0,0,0,0,0,0,0
2036,3,2056,2033,2035,0,0,0,0,0,0,0
2037,3,2039,2040,338,0,0,0,0,0,0,0
2038,1,338,0,0,0,0,0,0,0,0,0
2039,3,2041,2042,2037,0,0,0,0,0,0,0
2040,1,2037,0,0,0,0,0,0,0,0,0
2041,3,2270,986,2039,0,0,0,0,0,0,0
2042,1,2039,0,0,0,0,0,0,0,0,0
2043,4,2045,2044,2046,211,0,0,0,0,0,0
2044,1,2043,0,0,0,0,0,0,0,0,0
2045,1,2043,0,0,0,0,0,0,0,0,0
2046,3,2056,172,2043,0,0,0,0,0,0,0
2047,3,2048,2049,1988,0,0,0,0,0,0,0
2048,3,2050,2051,2047,0,0,0,0,0,0,0
2049,1,2047,0,0,0,0,0,0,0,0,0
2050,1,2048,0,0,0,0,0,0,0,0,0
2051,3,270,1988,2048,0,0,0,0,0,0,0
2052,1,1992,0,0,0,0,0,0,0,0,0
2053,1,1994,0,0,0,0,0,0,0,0,0
2054,3,2055,94,1977,0,0,0,0,0,0,0
2055,1,2054,0,0,0,0,0,0,0,0,0
2056,3,2057,2036,2046,0,0,0,0,0,0,0
2057,1,2056,0,0,0,0,0,0,0,0,0
2058,3,2062,243,317,0,0,0,0,0,0,0
2059,1,243,0,0,0,0,0,0,0,0,0
2060,3,2061,289,317,0,0,0,0,0,0,0
2061,3,2062,278,2060,0,0,0,0,0,0,0
2062,3,2063,2058,2061,0,0,0,0,0,0,0
2063,1,2062,0,0,0,0,0,0,0,0,0
2064,1,272,0,0,0,0,0,0,0,0,0
2065,1,2066,0,0,0,0,0,0,0,0,0
2066,4,2067,2068,271,2065,0,0,0,0,0,0
2067,1,2066,0,0,0,0,0,0,0,0,0
2068,1,2066,0,0,0,0,0,0,0,0,0
2069,3,2070,2071,270,0,0,0,0,0,0,0
2070,1,2069,0,0,0,0,0,0,0,0,0
2071,1,2069,0,0,0,0,0,0,0,0,0
2072,3,2073,2074,281,0,0,0,0,0,0,0
2073,3,2146,2151,2072,0,0,0,0,0,0,0
2074,1,2072,0,0,0,0,0,0,0,0,0
2075,3,383,385,2022,0,0,0,0,0,0,0
2076,1,2077,0,0,0,0,0,0,0,0,0
2077,3,2078,979,2076,0,0,0,0,0,0,0
2078,3,2079,1983,2077,0,0,0,0,0,0,0
2079,1,2078,0,0,0,0,0,0,0,0,0
2080,1,1983,0,0,0,0,0,0,0,0,0
2081,1,384,0,0,0,0,0,0,0,0,0
2082,3,2083,174,1978,0,0,0,0,0,0,0
2083,3,2084,290,2082,0,0,0,0,0,0,0
2084,3,2085,209,2083,0,0,0,0,0,0,0
2085,3,2266,290,2084,0,0,0,0,0,0,0
2086,1,290,0,0,0,0,0,0,0,0,0
2087,3,2092,2092,1051,0,0,0,0,0,0,0
2088,3,2089,987,2008,0,0,0,0,0,0,0
2089,1,2088,0,0,0,0,0,0,0,0,0
2090,3,2143,292,987,0,0,0,0,0,0,0
2091,1,2029,0,0,0,0,0,0,0,0,0
2092,3,983,2087,2087,0,0,0,0,0,0,0
2093,1,360,0,0,0,0,0,0,0,0,0
2094,1,361,0,0,0,0,0,0,0,0,0
2095,3,2096,981,1987,0,0,0,0,0,0,0
2096,3,2097,994,2095,0,0,0,0,0,0,0
2097,1,2096,0,0,0,0,0,0,0,0,0
2098,1,989,0,0,0,0,0,0,0,0,0
2099,1,946,0,0,0,0,0,0,0,0,0
2100,1,951,0,0,0,0,0,0,0,0,0
2101,1,947,0,0,0,0,0,0,0,0,0
2102,4,2103,2104,2105,2106,0,0,0,0,0,0
2103,1,2102,0,0,0,0,0,0,0,0,0
2104,1,2102,0,0,0,0,0,0,0,0,0
2105,4,2110,2111,1011,2102,0,0,0,0,0,0
2106,3,2109,2107,2102,0,0,0,0,0,0,0
2107,3,2108,1000,2106,0,0,0,0,0,0,0
2108,1,2107,0,0,0,0,0,0,0,0,0
2109,1,2106,0,0,0,0,0,0,0,0,0
2110,1,2105,0,0,0,0,0,0,0,0,0
2111,1,2105,0,0,0,0,0,0,0,0,0
2112,3,2113,2114,94,0,0,0,0,0,0,0
2113,1,2112,0,0,0,0,0,0,0,0,0
2114,1,2112,0,0,0,0,0,0,0,0,0
2115,3,2116,2117,1977,0,0,0,0,0,0,0
2116,1,2115,0,0,0,0,0,0,0,0,0
2117,3,2118,309,2115,0,0,0,0,0,0,0
2118,1,2117,0,0,0,0,0,0,0,0,0
2119,1,975,0,0,0,0,0,0,0,0,0
2120,1,977,0,0,0,0,0,0,0,0,0
2121,3,991,997,1976,0,0,0,0,0,0,0
2122,1,1791,0,0,0,0,0,0,0,0,0
2123,3,2131,2134,382,0,0,0,0,0,0,0
2124,1,283,0,0,0,0,0,0,0,0,0
2125,1,281,0,0,0,0,0,0,0,0,0
2126,3,2127,2128,1788,0,0,0,0,0,0,0
2127,3,2129,2130,2126,0,0,0,0,0,0,0
2128,1,2126,0,0,0,0,0,0,0,0,0
2129,3,2139,2140,2127,0,0,0,0,0,0,0
2130,1,2127,0,0,0,0,0,0,0,0,0
2131,3,2132,2133,2123,0,0,0,0,0,0,0
2132,1,2131,0,0,0,0,0,0,0,0,0
2133,1,2131,0,0,0,0,0,0,0,0,0
2134,1,2123,0,0,0,0,0,0,0,0,0
2135,1,2136,0,0,0,0,0,0,0,0,0
2136,3,2137,2138,2135,0,0,0,0,0,0,0
2137,3,2141,2139,2136,0,0,0,0,0,0,0
2138,1,2136,0,0,0,0,0,0,0,0,0
2139,3,1236,2129,2137,0,0,0,0,0,0,0
2140,1,2129,0,0,0,0,0,0,0,0,0
2141,3,2222,359,2137,0,0,0,0,0,0,0
2142,1,2009,0,0,0,0,0,0,0,0,0
2143,3,2144,2145,2090,0,0,0,0,0,0,0
2144,1,2143,0,0,0,0,0,0,0,0,0
2145,1,2143,0,0,0,0,0,0,0,0,0
2146,3,2147,2148,2073,0,0,0,0,0,0,0
2147,3,2152,2005,2146,0,0,0,0,0,0,0
2148,3,2149,2150,2146,0,0,0,0,0,0,0
2149,1,2148,0,0,0,0,0,0,0,0,0
2150,1,2148,0,0,0,0,0,0,0,0,0
2151,1,2073,0,0,0,0,0,0,0,0,0
2152,1,2147,0,0,0,0,0,0,0,0,0
2153,1,308,0,0,0,0,0,0,0,0,0
2154,1,963,0,0,0,0,0,0,0,0,0
2155,1,953,0,0,0,0,0,0,0,0,0
2156,1,944,0,0,0,0,0,0,0,0,0
2157,1,940,0,0,0,0,0,0,0,0,0
2158,1,952,0,0,0,0,0,0,0,0,0
2159,3,2160,2161,264,0,0,0,0,0,0,0
2160,1,2159,0,0,0,0,0,0,0,0,0
2161,1,2159,0,0,0,0,0,0,0,0,0
2162,3,2169,899,916,0,0,0,0,0,0,0
2163,1,899,0,0,0,0,0,0,0,0,0
2164,1,916,0,0,0,0,0,0,0,0,0
2165,1,182,0,0,0,0,0,0,0,0,0
2166,3,2167,2225,1250,0,0,0,0,0,0,0
2167,3,2217,1859,2166,0,0,0,0,0,0,0
2168,1,488,0,0,0,0,0,0,0,0,0
2169,1,2162,0,0,0,0,0,0,0,0,0
2170,1,1257,0,0,0,0,0,0,0,0,0
2171,1,888,0,0,0,0,0,0,0,0,0
2172,3,297,530,892,0,0,0,0,0,0,0
2173,1,892,0,0,0,0,0,0,0,0,0
2174,1,917,0,0,0,0,0,0,0,0,0
2175,3,2176,914,1025,0,0,0,0,0,0,0
2176,1,2175,0,0,0,0,0,0,0,0,0
2177,3,893,1022,1024,0,0,0,0,0,0,0
2178,3,2179,2180,2181,0,0,0,0,0,0,0
2179,3,2183,2203,2178,0,0,0,0,0,0,0
2180,3,207,286,2178,0,0,0,0,0,0,0
2181,1,2178,0,0,0,0,0,0,0,0,0
2182,1,207,0,0,0,0,0,0,0,0,0
2183,3,2184,2185,2179,0,0,0,0,0,0,0
2184,1,2183,0,0,0,0,0,0,0,0,0
2185,3,2188,2202,2183,0,0,0,0,0,0,0
2186,3,2187,2188,900,0,0,0,0,0,0,0
2187,3,2205,395,2186,0,0,0,0,0,0,0
2188,3,2204,2185,2186,0,0,0,0,0,0,0
2189,3,2200,375,901,0,0,0,0,0,0,0
2190,1,377,0,0,0,0,0,0,0,0,0
2191,3,2193,389,911,0,0,0,0,0,0,0
2192,1,389,0,0,0,0,0,0,0,0,0
2193,1,2191,0,0,0,0,0,0,0,0,0
2194,1,911,0,0,0,0,0,0,0,0,0
2195,3,2201,1240,1247,0,0,0,0,0,0,0
2196,1,1240,0,0,0,0,0,0,0,0,0
2197,1,297,0,0,0,0,0,0,0,0,0
2198,1,296,0,0,0,0,0,0,0,0,0
2199,1,375,0,0,0,0,0,0,0,0,0
2200,1,2189,0,0,0,0,0,0,0,0,0
2201,1,2195,0,0,0,0,0,0,0,0,0
2202,1,2185,0,0,0,0,0,0,0,0,0
2203,1,2179,0,0,0,0,0,0,0,0,0
2204,1,2188,0,0,0,0,0,0,0,0,0
2205,1,2187,0,0,0,0,0,0,0,0,0
2206,1,882,0,0,0,0,0,0,0,0,0
2207,1,690,0,0,0,0,0,0,0,0,0
2208,1,1291,0,0,0,0,0,0,0,0,0
2209,1,511,0,0,0,0,0,0,0,0,0
2210,1,771,0,0,0,0,0,0,0,0,0
2211,1,884,0,0,0,0,0,0,0,0,0
2212,1,335,0,0,0,0,0,0,0,0,0
2213,1,445,0,0,0,0,0,0,0,0,0
2214,1,1038,0,0,0,0,0,0,0,0,0
2215,1,457,0,0,0,0,0,0,0,0,0
2216,1,349,0,0,0,0,0,0,0,0,0
2217,3,2218,1788,2167,0,0,0,0,0,0,0
2218,1,2217,0,0,0,0,0,0,0,0,0
2219,1,358,0,0,0,0,0,0,0,0,0
2220,1,357,0,0,0,0,0,0,0,0,0
2221,1,236,0,0,0,0,0,0,0,0,0
2222,1,2141,0,0,0,0,0,0,0,0,0
2223,3,2229,2231,1039,0,0,0,0,0,0,0
2224,1,2225,0,0,0,0,0,0,0,0,0
2225,3,1236,2166,2224,0,0,0,0,0,0,0
2226,1,227,0,0,0,0,0,0,0,0,0
2227,1,225,0,0,0,0,0,0,0,0,0
2228,3,2229,2230,1041,0,0,0,0,0,0,0
2229,3,2232,2223,2228,0,0,0,0,0,0,0
2230,1,2228,0,0,0,0,0,0,0,0,0
2231,1,2223,0,0,0,0,0,0,0,0,0
2232,3,2233,2234,2229,0,0,0,0,0,0,0
2233,1,2232,0,0,0,0,0,0,0,0,0
2234,1,2232,0,0,0,0,0,0,0,0,0
2235,1,1041,0,0,0,0,0,0,0,0,0
2236,1,2237,0,0,0,0,0,0,0,0,0
2237,3,2242,941,2236,0,0,0,0,0,0,0
2238,3,2239,2240,2241,0,0,0,0,0,0,0
2239,3,2242,955,2238,0,0,0,0,0,0,0
2240,1,2238,0,0,0,0,0,0,0,0,0
2241,3,2242,959,2238,0,0,0,0,0,0,0
2242,3,2237,2239,2241,0,0,0,0,0,0,0
2243,1,1044,0,0,0,0,0,0,0,0,0
2244,1,508,0,0,0,0,0,0,0,0,0
2245,1,925,0,0,0,0,0,0,0,0,0
2246,1,1241,0,0,0,0,0,0,0,0,0
2247,1,926,0,0,0,0,0,0,0,0,0
2248,1,941,0,0,0,0,0,0,0,0,0
2249,1,959,0,0,0,0,0,0,0,0,0
2250,1,2251,0,0,0,0,0,0,0,0,0
2251,4,2264,2252,2265,2250,0,0,0,0,0,0
2252,1,2251,0,0,0,0,0,0,0,0,0
2253,1,2254,0,0,0,0,0,0,0,0,0
2254,4,2255,2307,154,2253,0,0,0,0,0,0
2255,1,2254,0,0,0,0,0,0,0,0,0
2256,1,1116,0,0,0,0,0,0,0,0,0
2257,1,1116,0,0,0,0,0,0,0,0,0
2258,1,386,0,0,0,0,0,0,0,0,0
2259,3,2260,2260,239,0,0,0,0,0,0,0
2260,3,149,2259,2259,0,0,0,0,0,0,0
2261,1,362,0,0,0,0,0,0,0,0,0
2262,1,251,0,0,0,0,0,0,0,0,0
2263,3,2310,148,151,0,0,0,0,0,0,0
2264,1,2251,0,0,0,0,0,0,0,0,0
2265,4,2266,2266,209,2251,0,0,0,0,0,0
2266,3,2085,2265,2265,0,0,0,0,0,0,0
2267,3,2268,268,269,0,0,0,0,0,0,0
2268,1,2267,0,0,0,0,0,0,0,0,0
2269,1,986,0,0,0,0,0,0,0,0,0
2270,1,2041,0,0,0,0,0,0,0,0,0
2271,3,2291,2322,1015,0,0,0,0,0,0,0
2272,1,1015,0,0,0,0,0,0,0,0,0
2273,1,1005,0,0,0,0,0,0,0,0,0
2274,1,992,0,0,0,0,0,0,0,0,0
2275,1,1009,0,0,0,0,0,0,0,0,0
2276,1,294,0,0,0,0,0,0,0,0,0
2277,3,2281,2296,373,0,0,0,0,0,0,0
2278,3,2279,312,373,0,0,0,0,0,0,0
2279,3,2280,2281,2278,0,0,0,0,0,0,0
2280,1,2279,0,0,0,0,0,0,0,0,0
2281,3,2282,2277,2279,0,0,0,0,0,0,0
2282,3,2295,2297,2281,0,0,0,0,0,0,0
2283,1,256,0,0,0,0,0,0,0,0,0
2284,3,2285,2286,302,0,0,0,0,0,0,0
2285,3,2301,2301,2284,0,0,0,0,0,0,0
2286,3,2287,2288,2284,0,0,0,0,0,0,0
2287,1,2286,0,0,0,0,0,0,0,0,0
2288,1,2286,0,0,0,0,0,0,0,0,0
2289,1,303,0,0,0,0,0,0,0,0,0
2290,1,303,0,0,0,0,0,0,0,0,0
2291,3,2292,301,2271,0,0,0,0,0,0,0
2292,3,2346,1937,2291,0,0,0,0,0,0,0
2293,1,232,0,0,0,0,0,0,0,0,0
2294,1,345,0,0,0,0,0,0,0,0,0
2295,3,2298,333,2282,0,0,0,0,0,0,0
2296,1,2277,0,0,0,0,0,0,0,0,0
2297,1,2282,0,0,0,0,0,0,0,0,0
2298,1,2295,0,0,0,0,0,0,0,0,0
2299,1,240,0,0,0,0,0,0,0,0,0
2300,1,156,0,0,0,0,0,0,0,0,0
2301,3,2302,2285,2285,0,0,0,0,0,0,0
2302,3,2330,2335,2301,0,0,0,0,0,0,0
2303,3,2304,2305,302,0,0,0,0,0,0,0
2304,1,2303,0,0,0,0,0,0,0,0,0
2305,1,2303,0,0,0,0,0,0,0,0,0
2306,1,392,0,0,0,0,0,0,0,0,0
2307,3,2308,152,2254,0,0,0,0,0,0,0
2308,1,2307,0,0,0,0,0,0,0,0,0
2309,1,157,0,0,0,0,0,0,0,0,0
2310,1,2263,0,0,0,0,0,0,0,0,0
2311,1,1016,0,0,0,0,0,0,0,0,0
2312,1,988,0,0,0,0,0,0,0,0,0
2313,1,2314,0,0,0,0,0,0,0,0,0
2314,3,2315,341,2313,0,0,0,0,0,0,0
2315,3,2316,2317,2314,0,0,0,0,0,0,0
2316,1,2315,0,0,0,0,0,0,0,0,0
2317,3,2318,340,2315,0,0,0,0,0,0,0
2318,1,2317,0,0,0,0,0,0,0,0,0
2319,1,311,0,0,0,0,0,0,0,0,0
2320,1,292,0,0,0,0,0,0,0,0,0
2321,1,312,0,0,0,0,0,0,0,0,0
2322,1,2271,0,0,0,0,0,0,0,0,0
2323,1,301,0,0,0,0,0,0,0,0,0
2324,1,2325,0,0,0,0,0,0,0,0,0
2325,4,2326,1002,1016,2324,0,0,0,0,0,0
2326,3,2327,1016,2325,0,0,0,0,0,0,0
2327,3,2329,1002,2326,0,0,0,0,0,0,0
2328,1,1002,0,0,0,0,0,0,0,0,0
2329,1,2327,0,0,0,0,0,0,0,0,0
2330,3,2332,369,2302,0,0,0,0,0,0,0
2331,1,369,0,0,0,0,0,0,0,0,0
2332,1,2330,0,0,0,0,0,0,0,0,0
2333,1,304,0,0,0,0,0,0,0,0,0
2334,1,304,0,0,0,0,0,0,0,0,0
2335,1,2302,0,0,0,0,0,0,0,0,0
2336,1,773,0,0,0,0,0,0,0,0,0
2337,1,886,0,0,0,0,0,0,0,0,0
2338,3,2339,2339,355,0,0,0,0,0,0,0
2339,3,354,2338,2338,0,0,0,0,0,0,0
2340,1,1022,0,0,0,0,0,0,0,0,0
2341,1,2342,0,0,0,0,0,0,0,0,0
2342,2,2343,2341,0,0,0,0,0,0,0,0
2343,3,2344,1122,2342,0,0,0,0,0,0,0
2344,1,2343,0,0,0,0,0,0,0,0,0
2345,1,1937,0,0,0,0,0,0,0,0,0
2346,3,2348,250,2292,0,0,0,0,0,0,0
2347,2,2356,2357,0,0,0,0,0,0,0,0
2348,4,2349,2350,1021,2346,0,0,0,0,0,0
2349,4,2351,2352,2353,2348,0,0,0,0,0,0
2350,1,2348,0,0,0,0,0,0,0,0,0
2351,4,2354,1120,1123,2349,0,0,0,0,0,0
2352,3,1021,1120,2349,0,0,0,0,0,0,0
2353,1,2349,0,0,0,0,0,0,0,0,0
2354,1,2351,0,0,0,0,0,0,0,0,0
2355,1,1123,0,0,0,0,0,0,0,0,0
2356,1,2347,0,0,0,0,0,0,0,0,0
2357,1,2347,0,0,0,0,0,0,0,0,0
2358,3,2359,2360,370,0,0,0,0,0,0,0
2359,1,2358,0,0,0,0,0,0,0,0,0
2360,1,2358,0,0,0,0,0,0,0,0,0
2361,1,745,0,0,0,0,0,0,0,0,0
2362,3,2363,2364,885,0,0,0,0,0,0,0
2363,1,2362,0,0,0,0,0,0,0,0,0
2364,1,2362,0,0,0,0,0,0,0,0,0
2365,1,1565,0,0,0,0,0,0,0,0,0
2366,1,1300,0,0,0,0,0,0,0,0,0
2367,1,1300,0,0,0,0,0,0,0,0,0
2368,1,1594,0,0,0,0,0,0,0,0,0
2369,1,496,0,0,0,0,0,0,0,0,0
2370,1,848,0,0,0,0,0,0,0,0,0
2371,3,2372,847,1594,0,0,0,0,0,0,0
2372,3,2375,2373,2371,0,0,0,0,0,0,0
2373,3,2374,847,2372,0,0,0,0,0,0,0
2374,1,2373,0,0,0,0,0,0,0,0,0
2375,1,2372,0,0,0,0,0,0,0,0,0
