,0,1
0,411229004,"{'y': np.float64(3704163.931207579), 'x': np.float64(360762.57617553987), 'street_count': np.int64(3), 'lon': np.float64(133.5015962), 'lat': np.float64(33.4678947)}"
1,1557769531,"{'y': np.float64(3704193.114405141), 'x': np.float64(360667.78715542296), 'street_count': np.int64(3), 'lon': np.float64(133.5005719), 'lat': np.float64(33.4681455)}"
2,1557769477,"{'y': np.float64(3704028.5986145856), 'x': np.float64(360097.8688187301), 'street_count': np.int64(3), 'lon': np.float64(133.4944662), 'lat': np.float64(33.4665878)}"
3,411229010,"{'y': np.float64(3703866.205408443), 'x': np.float64(359503.2339755121), 'street_count': np.int64(3), 'lon': np.float64(133.4880945), 'lat': np.float64(33.4650457)}"
4,411229012,"{'y': np.float64(3703835.2918442427), 'x': np.float64(359446.3507843651), 'street_count': np.int64(3), 'highway': 'traffic_signals', 'lon': np.float64(133.4874874), 'lat': np.float64(33.4647595)}"
5,411229011,"{'y': np.float64(3703797.4010180235), 'x': np.float64(359382.7192390986), 'street_count': np.int64(1), 'lon': np.float64(133.4868088), 'lat': np.float64(33.4644095)}"
6,4930123136,"{'y': np.float64(3703806.9628785364), 'x': np.float64(359397.83370029926), 'street_count': np.int64(3), 'lon': np.float64(133.4869699), 'lat': np.float64(33.4644977)}"
7,4930119018,"{'y': np.float64(3703821.914528903), 'x': np.float64(359422.87062624074), 'street_count': np.int64(3), 'lon': np.float64(133.4872369), 'lat': np.float64(33.4646358)}"
8,4930119020,"{'y': np.float64(3703832.6777854576), 'x': np.float64(359425.5557561285), 'street_count': np.int64(4), 'lon': np.float64(133.4872641), 'lat': np.float64(33.4647332)}"
9,770247566,"{'y': np.float64(3704406.999731248), 'x': np.float64(359942.01146127493), 'street_count': np.int64(3), 'lon': np.float64(133.4927304), 'lat': np.float64(33.4699793)}"
10,1557769645,"{'y': np.float64(3704558.6682803673), 'x': np.float64(360430.98156986607), 'street_count': np.int64(3), 'lon': np.float64(133.4979674), 'lat': np.float64(33.4714107)}"
11,1557769535,"{'y': np.float64(3704232.576440866), 'x': np.float64(359604.5855023365), 'street_count': np.int64(3), 'lon': np.float64(133.4891275), 'lat': np.float64(33.4683624)}"
12,770247616,"{'y': np.float64(3704494.53837723), 'x': np.float64(359901.5291714673), 'street_count': np.int64(4), 'lon': np.float64(133.4922812), 'lat': np.float64(33.4707633)}"
13,770247584,"{'y': np.float64(3704998.376592549), 'x': np.float64(359781.7517277646), 'street_count': np.int64(4), 'lon': np.float64(133.4909138), 'lat': np.float64(33.4752905)}"
14,1575534718,"{'y': np.float64(3704806.9301450048), 'x': np.float64(359600.8667435198), 'street_count': np.int64(4), 'lon': np.float64(133.4889976), 'lat': np.float64(33.4735406)}"
15,10932913068,"{'y': np.float64(3705020.8822321584), 'x': np.float64(359691.542099677), 'street_count': np.int64(3), 'lon': np.float64(133.4899397), 'lat': np.float64(33.4754816)}"
16,770247803,"{'y': np.float64(3704699.1557317884), 'x': np.float64(359890.4924149109), 'street_count': np.int64(3), 'lon': np.float64(133.4921305), 'lat': np.float64(33.4726068)}"
17,11021394522,"{'y': np.float64(3704494.795054842), 'x': np.float64(359906.00373804936), 'street_count': np.int64(4), 'lon': np.float64(133.4923293), 'lat': np.float64(33.4707662)}"
18,1575534504,"{'y': np.float64(3704384.0083540133), 'x': np.float64(359708.364071321), 'street_count': np.int64(3), 'lon': np.float64(133.4902203), 'lat': np.float64(33.4697414)}"
19,1557769686,"{'y': np.float64(3704685.4455414526), 'x': np.float64(359891.3994353555), 'street_count': np.int64(4), 'lon': np.float64(133.4921424), 'lat': np.float64(33.4724833)}"
20,770247658,"{'y': np.float64(3705060.83121523), 'x': np.float64(359620.61219921533), 'street_count': np.int64(3), 'lon': np.float64(133.4891703), 'lat': np.float64(33.4758325)}"
21,10931858401,"{'y': np.float64(3705201.185495541), 'x': np.float64(359468.1561584325), 'street_count': np.int64(3), 'lon': np.float64(133.487508), 'lat': np.float64(33.477078)}"
22,1575534751,"{'y': np.float64(3704968.679270511), 'x': np.float64(359564.1461937779), 'street_count': np.int64(3), 'lon': np.float64(133.4885772), 'lat': np.float64(33.4749942)}"
23,770247716,"{'y': np.float64(3704060.097036782), 'x': np.float64(359250.22975216905), 'street_count': np.int64(3), 'lon': np.float64(133.4853423), 'lat': np.float64(33.4667607)}"
24,3955403557,"{'y': np.float64(3703988.5161392814), 'x': np.float64(359241.9541714578), 'street_count': np.int64(3), 'lon': np.float64(133.4852645), 'lat': np.float64(33.4661142)}"
25,1431444168,"{'y': np.float64(3704112.976648821), 'x': np.float64(359021.5463324009), 'street_count': np.int64(3), 'lon': np.float64(133.4828738), 'lat': np.float64(33.4672074)}"
26,1431444151,"{'y': np.float64(3704063.9880567896), 'x': np.float64(359270.13204005733), 'street_count': np.int64(3), 'lon': np.float64(133.4855558), 'lat': np.float64(33.4667984)}"
27,770247775,"{'y': np.float64(3703902.878290375), 'x': np.float64(359234.02194990113), 'street_count': np.int64(3), 'lon': np.float64(133.4851926), 'lat': np.float64(33.465341)}"
28,4930123130,"{'y': np.float64(3703850.785782635), 'x': np.float64(359362.5726158761), 'street_count': np.int64(3), 'lon': np.float64(133.4865837), 'lat': np.float64(33.4648882)}"
29,1431444149,"{'y': np.float64(3704061.8482614267), 'x': np.float64(358985.10541004944), 'street_count': np.int64(3), 'lon': np.float64(133.4824898), 'lat': np.float64(33.4667416)}"
30,1575534653,"{'y': np.float64(3704684.9849948687), 'x': np.float64(360048.4917678677), 'street_count': np.int64(3), 'lon': np.float64(133.4938326), 'lat': np.float64(33.4724997)}"
31,1431444173,"{'y': np.float64(3704194.0841055554), 'x': np.float64(359369.6935854979), 'street_count': np.int64(3), 'lon': np.float64(133.4866065), 'lat': np.float64(33.4679845)}"
32,1557769532,"{'y': np.float64(3704215.331638178), 'x': np.float64(359581.62655457616), 'street_count': np.int64(3), 'lon': np.float64(133.4888832), 'lat': np.float64(33.4682039)}"
33,1575494565,"{'y': np.float64(3704120.843282036), 'x': np.float64(358946.16478547006), 'street_count': np.int64(1), 'lon': np.float64(133.4820616), 'lat': np.float64(33.4672684)}"
34,4938274308,"{'y': np.float64(3704222.114285998), 'x': np.float64(359377.79839116306), 'street_count': np.int64(3), 'lon': np.float64(133.4866893), 'lat': np.float64(33.4682383)}"
35,1575534471,"{'y': np.float64(3704273.5031402875), 'x': np.float64(359196.3624035304), 'street_count': np.int64(1), 'lon': np.float64(133.4847293), 'lat': np.float64(33.4686778)}"
36,1557769480,"{'y': np.float64(3704073.7729462544), 'x': np.float64(360068.65782166645), 'street_count': np.int64(3), 'lon': np.float64(133.4941449), 'lat': np.float64(33.4669913)}"
37,1575534436,"{'y': np.float64(3704162.6178736095), 'x': np.float64(359734.9186771785), 'street_count': np.int64(3), 'lon': np.float64(133.4905406), 'lat': np.float64(33.4677487)}"
38,1575534473,"{'y': np.float64(3704283.5300748255), 'x': np.float64(359563.21981656086), 'street_count': np.int64(3), 'lon': np.float64(133.4886745), 'lat': np.float64(33.4688164)}"
39,1557769604,"{'y': np.float64(3704476.4999345886), 'x': np.float64(359446.48555908335), 'street_count': np.int64(3), 'lon': np.float64(133.4873884), 'lat': np.float64(33.470541)}"
40,1575534530,"{'y': np.float64(3704458.5130223264), 'x': np.float64(359441.76203580666), 'street_count': np.int64(3), 'lon': np.float64(133.4873404), 'lat': np.float64(33.4703782)}"
41,1575534527,"{'y': np.float64(3704444.2317471863), 'x': np.float64(359497.1193292947), 'street_count': np.int64(3), 'lon': np.float64(133.4879382), 'lat': np.float64(33.4702567)}"
42,4938275723,"{'y': np.float64(3704543.6194416867), 'x': np.float64(359464.1101523873), 'street_count': np.int64(3), 'lon': np.float64(133.4875675), 'lat': np.float64(33.4711485)}"
43,1557769653,"{'y': np.float64(3704592.2460703673), 'x': np.float64(360389.13881378464), 'street_count': np.int64(3), 'lon': np.float64(133.497512), 'lat': np.float64(33.471708)}"
44,1575534620,"{'y': np.float64(3704646.586616282), 'x': np.float64(360272.1515827124), 'street_count': np.int64(3), 'lon': np.float64(133.4962449), 'lat': np.float64(33.4721827)}"
45,1575534594,"{'y': np.float64(3704590.1706616916), 'x': np.float64(359536.24659583165), 'street_count': np.int64(3), 'lon': np.float64(133.4883363), 'lat': np.float64(33.4715777)}"
46,1575534499,"{'y': np.float64(3704367.0103764012), 'x': np.float64(359432.14755800366), 'street_count': np.int64(3), 'lon': np.float64(133.4872513), 'lat': np.float64(33.4695519)}"
47,1575534474,"{'y': np.float64(3704286.129323521), 'x': np.float64(359396.1129122815), 'street_count': np.int64(3), 'lon': np.float64(133.4868763), 'lat': np.float64(33.4688179)}"
48,4938274304,"{'y': np.float64(3704289.0455465177), 'x': np.float64(359389.3048943125), 'street_count': np.int64(3), 'lon': np.float64(133.4868026), 'lat': np.float64(33.4688433)}"
49,1575534501,"{'y': np.float64(3704376.875948476), 'x': np.float64(359420.31924495223), 'street_count': np.int64(3), 'lon': np.float64(133.4871225), 'lat': np.float64(33.4696393)}"
50,1575534479,"{'y': np.float64(3704301.132486883), 'x': np.float64(359338.4415550196), 'street_count': np.int64(3), 'lon': np.float64(133.4862535), 'lat': np.float64(33.4689456)}"
51,4938274312,"{'y': np.float64(3704312.907540845), 'x': np.float64(359275.5180363788), 'street_count': np.int64(3), 'lon': np.float64(133.4855747), 'lat': np.float64(33.4690435)}"
52,4938274310,"{'y': np.float64(3704236.2108797426), 'x': np.float64(359325.2629783391), 'street_count': np.int64(3), 'lon': np.float64(133.4861219), 'lat': np.float64(33.4683585)}"
53,1575534486,"{'y': np.float64(3704320.6718525193), 'x': np.float64(359257.2083675423), 'street_count': np.int64(3), 'lon': np.float64(133.4853765), 'lat': np.float64(33.4691111)}"
54,4938274318,"{'y': np.float64(3704378.4123721477), 'x': np.float64(359286.72553945956), 'street_count': np.int64(3), 'lon': np.float64(133.485685), 'lat': np.float64(33.4696356)}"
55,1575534496,"{'y': np.float64(3704360.377684651), 'x': np.float64(359195.5476629982), 'street_count': np.int64(1), 'lon': np.float64(133.4847069), 'lat': np.float64(33.469461)}"
56,1575534543,"{'y': np.float64(3704483.3340494344), 'x': np.float64(359532.4144035799), 'street_count': np.int64(3), 'lon': np.float64(133.4883118), 'lat': np.float64(33.4706139)}"
57,1575534550,"{'y': np.float64(3704497.0851750593), 'x': np.float64(359336.04572462855), 'street_count': np.int64(3), 'lon': np.float64(133.486197), 'lat': np.float64(33.4707121)}"
58,1575534582,"{'y': np.float64(3704550.3249742077), 'x': np.float64(359542.8794711507), 'street_count': np.int64(3), 'lon': np.float64(133.4884139), 'lat': np.float64(33.4712193)}"
59,1575534581,"{'y': np.float64(3704555.272767797), 'x': np.float64(359201.0400282075), 'street_count': np.int64(1), 'lon': np.float64(133.4847354), 'lat': np.float64(33.471219)}"
60,4938275721,"{'y': np.float64(3704554.874923628), 'x': np.float64(359467.2669957954), 'street_count': np.int64(3), 'lon': np.float64(133.4875997), 'lat': np.float64(33.4712504)}"
61,1575534661,"{'y': np.float64(3704690.5852847598), 'x': np.float64(360128.85119849525), 'street_count': np.int64(3), 'lon': np.float64(133.4946963), 'lat': np.float64(33.4725607)}"
62,1575534654,"{'y': np.float64(3704685.8979303334), 'x': np.float64(360083.43446471525), 'street_count': np.int64(3), 'lon': np.float64(133.4942084), 'lat': np.float64(33.4725125)}"
63,1575534744,"{'y': np.float64(3704889.7140472312), 'x': np.float64(360102.39464964834), 'street_count': np.int64(3), 'lon': np.float64(133.4943806), 'lat': np.float64(33.4743527)}"
64,10284066467,"{'y': np.float64(3704759.193976072), 'x': np.float64(360150.16363216983), 'street_count': np.int64(3), 'lon': np.float64(133.4949149), 'lat': np.float64(33.4731821)}"
65,1575534745,"{'y': np.float64(3704892.8855288266), 'x': np.float64(360096.3062629476), 'street_count': np.int64(1), 'lon': np.float64(133.4943146), 'lat': np.float64(33.4743805)}"
66,11055030515,"{'y': np.float64(3704855.192368756), 'x': np.float64(360141.1635553648), 'street_count': np.int64(3), 'lon': np.float64(133.4948031), 'lat': np.float64(33.4740465)}"
67,1575534757,"{'y': np.float64(3704985.87334641), 'x': np.float64(359406.25153777737), 'street_count': np.int64(1), 'lon': np.float64(133.4868757), 'lat': np.float64(33.4751285)}"
68,4930123131,"{'y': np.float64(3703839.2207856965), 'x': np.float64(359401.222339502), 'street_count': np.int64(3), 'lon': np.float64(133.4870013), 'lat': np.float64(33.464789)}"
69,4930123128,"{'y': np.float64(3703847.6314747585), 'x': np.float64(359399.42995827855), 'street_count': np.int64(3), 'lon': np.float64(133.4869807), 'lat': np.float64(33.4648646)}"
70,4938274307,"{'y': np.float64(3704227.250335757), 'x': np.float64(359351.846724233), 'street_count': np.int64(3), 'lon': np.float64(133.4864093), 'lat': np.float64(33.4682812)}"
71,4938274320,"{'y': np.float64(3704398.6330583324), 'x': np.float64(359216.60128287727), 'street_count': np.int64(1), 'lon': np.float64(133.4849274), 'lat': np.float64(33.4698087)}"
72,4938275722,"{'y': np.float64(3704572.155137804), 'x': np.float64(359380.40736907633), 'street_count': np.int64(1), 'lon': np.float64(133.4866625), 'lat': np.float64(33.4713948)}"
73,10284066471,"{'y': np.float64(3704767.892456741), 'x': np.float64(360250.9874541657), 'street_count': np.int64(1), 'lon': np.float64(133.4959983), 'lat': np.float64(33.4732737)}"
74,10661713452,"{'y': np.float64(3705344.225201874), 'x': np.float64(359465.70399434684), 'street_count': np.int64(3), 'lon': np.float64(133.4874592), 'lat': np.float64(33.4783674)}"
75,10661713456,"{'y': np.float64(3705216.1227206537), 'x': np.float64(359417.28338259377), 'street_count': np.int64(3), 'lon': np.float64(133.4869583), 'lat': np.float64(33.477206)}"
76,10931858396,"{'y': np.float64(3705063.492923535), 'x': np.float64(359330.4622399524), 'street_count': np.int64(3), 'lon': np.float64(133.4860481), 'lat': np.float64(33.4758184)}"
77,10931858394,"{'y': np.float64(3705050.1089645107), 'x': np.float64(359310.5072577181), 'street_count': np.int64(3), 'lon': np.float64(133.4858355), 'lat': np.float64(33.4756951)}"
78,11021401519,"{'y': np.float64(3705041.369981947), 'x': np.float64(359074.85964619875), 'street_count': np.int64(3), 'lon': np.float64(133.4833015), 'lat': np.float64(33.4755853)}"
79,11021401518,"{'y': np.float64(3704955.848939563), 'x': np.float64(359267.14048023714), 'street_count': np.int64(1), 'lon': np.float64(133.4853837), 'lat': np.float64(33.4748395)}"
80,10932913069,"{'y': np.float64(3704949.7897820896), 'x': np.float64(359664.9114322653), 'street_count': np.int64(1), 'lon': np.float64(133.4896643), 'lat': np.float64(33.4748371)}"
81,11021394521,"{'y': np.float64(3704413.3352625803), 'x': np.float64(359942.5867380508), 'street_count': np.int64(1), 'lon': np.float64(133.4927356), 'lat': np.float64(33.4700365)}"
82,11021401520,"{'y': np.float64(3705071.198389372), 'x': np.float64(359050.95328967366), 'street_count': np.int64(3), 'lon': np.float64(133.4830396), 'lat': np.float64(33.4758511)}"
83,11021401531,"{'y': np.float64(3705086.9042053386), 'x': np.float64(358917.2972691637), 'street_count': np.int64(1), 'lon': np.float64(133.4815991), 'lat': np.float64(33.4759751)}"
84,11055030521,"{'y': np.float64(3704973.125550648), 'x': np.float64(360136.17153484107), 'street_count': np.int64(1), 'lon': np.float64(133.494731), 'lat': np.float64(33.4751092)}"
