0,0,0,0,0,0,0,0,0,0,0,0
1,0,0,0,0,0,0,0,0,0,0,0
2,0,0,0,0,0,0,0,0,0,0,0
3,0,0,0,0,0,0,0,0,0,0,0
4,0,0,0,0,0,0,0,0,0,0,0
5,0,0,0,0,0,0,0,0,0,0,0
6,0,0,0,0,0,0,0,0,0,0,0
7,0,0,0,0,0,0,0,0,0,0,0
8,0,0,0,0,0,0,0,0,0,0,0
9,1,-1,0,0,0,0,0,0,0,0,0
10,0,0,0,0,0,0,0,0,0,0,0
11,0,0,0,0,0,0,0,0,0,0,0
12,0,0,0,0,0,0,0,0,0,0,0
13,0,0,0,0,0,0,0,0,0,0,0
14,0,0,0,0,0,0,0,0,0,0,0
15,0,0,0,0,0,0,0,0,0,0,0
16,0,0,0,0,0,0,0,0,0,0,0
17,0,0,0,0,0,0,0,0,0,0,0
18,0,0,0,0,0,0,0,0,0,0,0
19,0,0,0,0,0,0,0,0,0,0,0
20,0,0,0,0,0,0,0,0,0,0,0
21,0,0,0,0,0,0,0,0,0,0,0
22,0,0,0,0,0,0,0,0,0,0,0
23,0,0,0,0,0,0,0,0,0,0,0
24,0,0,0,0,0,0,0,0,0,0,0
25,0,0,0,0,0,0,0,0,0,0,0
26,0,0,0,0,0,0,0,0,0,0,0
27,0,0,0,0,0,0,0,0,0,0,0
28,0,0,0,0,0,0,0,0,0,0,0
29,0,0,0,0,0,0,0,0,0,0,0
30,0,0,0,0,0,0,0,0,0,0,0
31,0,0,0,0,0,0,0,0,0,0,0
32,0,0,0,0,0,0,0,0,0,0,0
33,4,0,1,2,3,0,0,0,0,0,0
34,4,4,5,6,0,0,0,0,0,0,0
35,4,7,8,9,1,0,0,0,0,0,0
36,3,10,11,2,0,0,0,0,0,0,0
37,4,12,13,14,15,0,0,0,0,0,0
38,3,16,17,12,0,0,0,0,0,0,0
39,3,18,19,13,0,0,0,0,0,0,0
40,2,20,14,0,0,0,0,0,0,0,0
41,3,1126,15,18,0,0,0,0,0,0,0
42,5,21,22,23,24,25,0,0,0,0,0
43,3,26,27,21,0,0,0,0,0,0,0
44,5,28,29,355,22,24,0,0,0,0,0
45,3,30,31,32,0,0,0,0,0,0,0
46,4,33,34,35,30,0,0,0,0,0,0
47,3,36,37,31,0,0,0,0,0,0,0
48,3,38,39,32,0,0,0,0,0,0,0
49,3,40,41,42,0,0,0,0,0,0,0
50,4,43,44,45,40,0,0,0,0,0,0
51,4,46,47,48,41,0,0,0,0,0,0
52,3,49,50,42,0,0,0,0,0,0,0
53,4,51,52,53,54,0,0,0,0,0,0
54,3,55,56,51,0,0,0,0,0,0,0
55,3,57,58,52,0,0,0,0,0,0,0
56,3,59,60,53,0,0,0,0,0,0,0
57,3,61,54,58,0,0,0,0,0,0,0
58,3,62,63,64,0,0,0,0,0,0,0
59,3,65,66,62,0,0,0,0,0,0,0
60,3,67,68,63,0,0,0,0,0,0,0
61,3,69,70,64,0,0,0,0,0,0,0
62,3,71,72,73,0,0,0,0,0,0,0
63,3,74,75,71,0,0,0,0,0,0,0
64,2,76,72,0,0,0,0,0,0,0,0
65,3,77,78,73,0,0,0,0,0,0,0
66,3,79,80,81,0,0,0,0,0,0,0
67,4,82,83,84,79,0,0,0,0,0,0
68,4,85,86,87,80,0,0,0,0,0,0
69,3,88,89,81,0,0,0,0,0,0,0
70,1,90,0,0,0,0,0,0,0,0,0
71,4,91,92,93,90,0,0,0,0,0,0
72,4,94,95,96,97,0,0,0,0,0,0
73,2,98,94,0,0,0,0,0,0,0,0
74,2,99,95,0,0,0,0,0,0,0,0
75,3,100,101,96,0,0,0,0,0,0,0
76,1,97,0,0,0,0,0,0,0,0,0
77,4,102,103,98,100,0,0,0,0,0,0
78,4,104,105,106,107,0,0,0,0,0,0
79,4,108,109,103,104,0,0,0,0,0,0
80,4,110,111,112,105,0,0,0,0,0,0
81,4,113,114,115,106,0,0,0,0,0,0
82,4,116,117,118,107,0,0,0,0,0,0
83,3,119,120,121,0,0,0,0,0,0,0
84,3,122,43,119,0,0,0,0,0,0,0
85,4,123,124,113,120,0,0,0,0,0,0
86,3,125,121,124,0,0,0,0,0,0,0
87,4,126,127,128,122,0,0,0,0,0,0
88,3,129,130,126,0,0,0,0,0,0,0
89,1,-1,0,0,0,0,0,0,0,0,0
90,3,133,134,128,0,0,0,0,0,0,0
91,3,135,136,129,0,0,0,0,0,0,0
92,3,137,138,135,0,0,0,0,0,0,0
93,3,139,140,136,0,0,0,0,0,0,0
94,3,141,142,130,0,0,0,0,0,0,0
95,4,143,144,145,146,0,0,0,0,0,0
96,5,147,879,143,146,878,0,0,0,0,0
97,3,148,141,144,0,0,0,0,0,0,0
98,4,149,150,151,152,0,0,0,0,0,0
99,3,153,50,149,0,0,0,0,0,0,0
100,4,154,155,156,150,0,0,0,0,0,0
101,3,157,151,156,0,0,0,0,0,0,0
102,3,158,159,7,0,0,0,0,0,0,0
103,3,160,161,8,0,0,0,0,0,0,0
104,4,162,163,164,165,0,0,0,0,0,0
105,4,166,5,9,162,0,0,0,0,0,0
106,2,167,163,0,0,0,0,0,0,0,0
107,3,168,4,164,0,0,0,0,0,0,0
108,3,169,170,139,0,0,0,0,0,0,0
109,3,171,172,140,0,0,0,0,0,0,0
110,3,173,174,170,0,0,0,0,0,0,0
111,4,175,176,177,173,0,0,0,0,0,0
112,3,178,179,174,0,0,0,0,0,0,0
113,4,180,181,182,178,0,0,0,0,0,0
114,3,183,184,179,0,0,0,0,0,0,0
115,4,185,186,187,6,0,0,0,0,0,0
116,4,188,159,166,167,0,0,0,0,0,0
117,3,189,190,46,0,0,0,0,0,0,0
118,3,191,192,47,0,0,0,0,0,0,0
119,4,193,194,195,48,0,0,0,0,0,0
120,4,196,197,192,193,0,0,0,0,0,0
121,4,198,199,190,194,0,0,0,0,0,0
122,4,200,201,112,195,0,0,0,0,0,0
123,2,202,102,0,0,0,0,0,0,0,0
124,3,203,169,183,0,0,0,0,0,0,0
125,3,204,123,133,0,0,0,0,0,0,0
126,3,205,206,134,0,0,0,0,0,0,0
127,4,207,208,209,204,0,0,0,0,0,0
128,3,210,211,207,0,0,0,0,0,0,0
129,3,212,99,208,0,0,0,0,0,0,0
130,4,213,214,215,209,0,0,0,0,0,0
131,3,216,217,218,0,0,0,0,0,0,0
132,4,219,220,221,216,0,0,0,0,0,0
133,3,222,78,217,0,0,0,0,0,0,0
134,3,223,224,218,0,0,0,0,0,0,0
135,3,225,226,227,0,0,0,0,0,0,0
136,4,228,229,230,225,0,0,0,0,0,0
137,4,231,232,233,226,0,0,0,0,0,0
138,4,234,235,236,227,0,0,0,0,0,0
139,3,237,238,236,0,0,0,0,0,0,0
140,3,239,240,237,0,0,0,0,0,0,0
141,3,241,238,239,0,0,0,0,0,0,0
142,4,242,243,244,245,0,0,0,0,0,0
143,4,246,247,248,242,0,0,0,0,0,0
144,3,249,250,243,0,0,0,0,0,0,0
145,3,251,252,244,0,0,0,0,0,0,0
146,3,253,254,245,0,0,0,0,0,0,0
147,3,255,256,257,0,0,0,0,0,0,0
148,1,-1,0,0,0,0,0,0,0,0,0
149,3,260,261,256,0,0,0,0,0,0,0
150,3,262,263,257,0,0,0,0,0,0,0
151,1,-1,0,0,0,0,0,0,0,0,0
152,1,-1,0,0,0,0,0,0,0,0,0
153,3,269,270,265,0,0,0,0,0,0,0
154,3,271,33,266,0,0,0,0,0,0,0
155,3,272,273,274,0,0,0,0,0,0,0
156,4,275,276,180,272,0,0,0,0,0,0
157,3,277,278,273,0,0,0,0,0,0,0
158,3,279,280,274,0,0,0,0,0,0,0
159,3,281,282,283,0,0,0,0,0,0,0
160,4,284,285,286,281,0,0,0,0,0,0
161,3,287,288,282,0,0,0,0,0,0,0
162,5,289,290,283,302,1003,0,0,0,0,0
163,3,291,292,284,0,0,0,0,0,0,0
164,3,293,294,285,0,0,0,0,0,0,0
165,4,295,296,297,286,0,0,0,0,0,0
166,3,298,299,295,0,0,0,0,0,0,0
167,4,300,301,302,296,0,0,0,0,0,0
168,3,297,298,299,0,0,0,0,0,0,0
169,3,303,304,300,0,0,0,0,0,0,0
170,3,305,306,301,0,0,0,0,0,0,0
171,3,307,308,305,0,0,0,0,0,0,0
172,3,309,310,306,0,0,0,0,0,0,0
173,3,311,312,313,0,0,0,0,0,0,0
174,3,314,315,311,0,0,0,0,0,0,0
175,3,316,317,312,0,0,0,0,0,0,0
176,3,318,313,315,0,0,0,0,0,0,0
177,4,319,320,321,322,0,0,0,0,0,0
178,3,323,324,319,0,0,0,0,0,0,0
179,3,325,326,320,0,0,0,0,0,0,0
180,3,327,328,321,0,0,0,0,0,0,0
181,4,329,330,331,322,0,0,0,0,0,0
182,3,332,333,334,0,0,0,0,0,0,0
183,3,335,336,332,0,0,0,0,0,0,0
184,3,337,338,333,0,0,0,0,0,0,0
185,3,339,340,334,0,0,0,0,0,0,0
186,3,341,342,337,0,0,0,0,0,0,0
187,4,343,344,335,341,0,0,0,0,0,0
188,3,345,346,342,0,0,0,0,0,0,0
189,3,347,336,343,0,0,0,0,0,0,0
190,4,348,349,350,344,0,0,0,0,0,0
191,4,351,352,17,28,0,0,0,0,0,0
192,3,353,354,29,0,0,0,0,0,0,0
193,3,356,357,358,0,0,0,0,0,0,0
194,3,359,360,356,0,0,0,0,0,0,0
195,3,361,362,357,0,0,0,0,0,0,0
196,3,363,364,358,0,0,0,0,0,0,0
197,3,365,366,367,0,0,0,0,0,0,0
198,3,368,369,365,0,0,0,0,0,0,0
199,3,370,371,366,0,0,0,0,0,0,0
200,3,372,373,367,0,0,0,0,0,0,0
201,3,374,375,376,0,0,0,0,0,0,0
202,4,377,378,379,374,0,0,0,0,0,0
203,3,361,375,378,0,0,0,0,0,0,0
204,1,376,0,0,0,0,0,0,0,0,0
205,3,380,381,377,0,0,0,0,0,0,0
206,3,382,379,380,0,0,0,0,0,0,0
207,3,383,384,381,0,0,0,0,0,0,0
208,3,385,386,370,0,0,0,0,0,0,0
209,4,387,388,389,385,0,0,0,0,0,0
210,3,390,391,386,0,0,0,0,0,0,0
211,4,392,393,16,19,0,0,0,0,0,0
212,3,394,395,392,0,0,0,0,0,0,0
213,4,396,352,354,393,0,0,0,0,0,0
214,3,397,398,390,0,0,0,0,0,0,0
215,5,399,400,388,389,391,0,0,0,0,0
216,4,401,402,403,404,0,0,0,0,0,0
217,4,405,406,407,401,0,0,0,0,0,0
218,1,-1,0,0,0,0,0,0,0,0,0
219,3,409,410,403,0,0,0,0,0,0,0
220,3,411,412,404,0,0,0,0,0,0,0
221,1,-1,0,0,0,0,0,0,0,0,0
222,3,414,382,410,0,0,0,0,0,0,0
223,1,-1,0,0,0,0,0,0,0,0,0
224,4,416,248,254,415,0,0,0,0,0,0
225,4,417,418,406,416,0,0,0,0,0,0
226,3,419,420,407,0,0,0,0,0,0,0
227,3,57,59,246,0,0,0,0,0,0,0
228,3,421,422,206,0,0,0,0,0,0,0
229,3,423,424,421,0,0,0,0,0,0,0
230,3,425,426,422,0,0,0,0,0,0,0
231,4,427,428,429,188,0,0,0,0,0,0
232,5,430,431,432,433,427,0,0,0,0,0
233,3,434,435,428,0,0,0,0,0,0,0
234,1,429,0,0,0,0,0,0,0,0,0
235,3,436,437,438,0,0,0,0,0,0,0
236,3,439,440,436,0,0,0,0,0,0,0
237,3,441,291,437,0,0,0,0,0,0,0
238,3,442,443,438,0,0,0,0,0,0,0
239,3,444,445,446,0,0,0,0,0,0,0
240,3,447,38,444,0,0,0,0,0,0,0
241,4,448,449,450,445,0,0,0,0,0,0
242,3,451,89,446,0,0,0,0,0,0,0
243,3,452,453,82,0,0,0,0,0,0,0
244,3,454,455,83,0,0,0,0,0,0,0
245,5,456,1135,84,455,586,0,0,0,0,0
246,3,457,44,131,0,0,0,0,0,0,0
247,3,458,459,457,0,0,0,0,0,0,0
248,3,460,461,458,0,0,0,0,0,0,0
249,3,462,203,460,0,0,0,0,0,0,0
250,3,463,172,461,0,0,0,0,0,0,0
251,3,464,45,198,0,0,0,0,0,0,0
252,2,465,196,0,0,0,0,0,0,0,0
253,4,466,197,200,465,0,0,0,0,0,0
254,3,467,88,452,0,0,0,0,0,0,0
255,3,101,108,114,0,0,0,0,0,0,0
256,3,109,116,202,0,0,0,0,0,0,0
257,4,468,469,470,152,0,0,0,0,0,0
258,4,471,472,154,468,0,0,0,0,0,0
259,4,473,474,475,469,0,0,0,0,0,0
260,4,476,20,351,355,0,0,0,0,0,0
261,3,477,85,249,0,0,0,0,0,0,0
262,1,86,0,0,0,0,0,0,0,0,0
263,3,478,87,454,0,0,0,0,0,0,0
264,4,479,480,276,471,0,0,0,0,0,0
265,4,481,482,472,479,0,0,0,0,0,0
266,5,585,586,23,26,456,0,0,0,0,0
267,4,483,27,353,453,0,0,0,0,0,0
268,3,484,110,115,0,0,0,0,0,0,0
269,3,111,117,466,0,0,0,0,0,0,0
270,3,485,486,142,0,0,0,0,0,0,0
271,3,212,214,215,0,0,0,0,0,0,0
272,3,487,488,210,0,0,0,0,0,0,0
273,3,489,211,213,0,0,0,0,0,0,0
274,3,490,491,489,0,0,0,0,0,0,0
275,2,492,490,0,0,0,0,0,0,0,0
276,3,493,91,492,0,0,0,0,0,0,0
277,3,487,491,493,0,0,0,0,0,0,0
278,3,494,495,368,0,0,0,0,0,0,0
279,3,496,497,494,0,0,0,0,0,0,0
280,4,498,499,369,495,0,0,0,0,0,0
281,3,500,501,498,0,0,0,0,0,0,0
282,4,502,503,504,499,0,0,0,0,0,0
283,4,359,362,383,502,0,0,0,0,0,0
284,3,505,360,363,0,0,0,0,0,0,0
285,3,506,507,500,0,0,0,0,0,0,0
286,3,508,509,501,0,0,0,0,0,0,0
287,4,510,511,512,476,0,0,0,0,0,0
288,3,513,514,510,0,0,0,0,0,0,0
289,3,515,25,511,0,0,0,0,0,0,0
290,3,516,506,512,0,0,0,0,0,0,0
291,4,250,252,448,451,0,0,0,0,0,0
292,3,517,518,247,0,0,0,0,0,0,0
293,4,519,56,61,518,0,0,0,0,0,0
294,4,520,521,522,519,0,0,0,0,0,0
295,3,523,517,520,0,0,0,0,0,0,0
296,4,524,525,66,521,0,0,0,0,0,0
297,3,55,65,522,0,0,0,0,0,0,0
298,3,526,527,528,0,0,0,0,0,0,0
299,3,529,530,526,0,0,0,0,0,0,0
300,3,531,532,527,0,0,0,0,0,0,0
301,3,533,534,528,0,0,0,0,0,0,0
302,4,535,536,34,39,0,0,0,0,0,0
303,4,259,447,449,535,0,0,0,0,0,0
304,4,537,538,258,536,0,0,0,0,0,0
305,3,539,540,529,0,0,0,0,0,0,0
306,3,541,542,539,0,0,0,0,0,0,0
307,4,543,544,545,540,0,0,0,0,0,0
308,4,546,547,35,36,0,0,0,0,0,0
309,3,548,262,544,0,0,0,0,0,0,0
310,4,549,550,551,263,0,0,0,0,0,0
311,3,552,538,549,0,0,0,0,0,0,0
312,3,553,543,550,0,0,0,0,0,0,0
313,3,554,555,551,0,0,0,0,0,0,0
314,3,556,557,552,0,0,0,0,0,0,0
315,3,558,49,462,0,0,0,0,0,0,0
316,3,559,560,561,0,0,0,0,0,0,0
317,3,562,563,559,0,0,0,0,0,0,0
318,1,-1,0,0,0,0,0,0,0,0,0
319,3,564,565,561,0,0,0,0,0,0,0
320,4,153,184,474,558,0,0,0,0,0,0
321,3,566,567,568,0,0,0,0,0,0,0
322,3,569,570,566,0,0,0,0,0,0,0
323,3,571,564,567,0,0,0,0,0,0,0
324,1,568,0,0,0,0,0,0,0,0,0
325,3,572,279,569,0,0,0,0,0,0,0
326,3,573,177,572,0,0,0,0,0,0,0
327,3,574,575,573,0,0,0,0,0,0,0
328,1,118,0,0,0,0,0,0,0,0,0
329,3,576,364,496,0,0,0,0,0,0,0
330,4,497,503,505,576,0,0,0,0,0,0
331,1,-1,0,0,0,0,0,0,0,0,0
332,3,577,578,509,0,0,0,0,0,0,0
333,4,579,414,507,577,0,0,0,0,0,0
334,1,580,0,0,0,0,0,0,0,0,0
335,3,581,582,580,0,0,0,0,0,0,0
336,1,-1,0,0,0,0,0,0,0,0,0
337,1,399,0,0,0,0,0,0,0,0,0
338,3,583,371,400,0,0,0,0,0,0,0
339,3,584,396,483,0,0,0,0,0,0,0
340,1,584,0,0,0,0,0,0,0,0,0
341,3,587,515,585,0,0,0,0,0,0,0
342,3,588,589,411,0,0,0,0,0,0,0
343,1,-1,0,0,0,0,0,0,0,0,0
344,3,253,417,587,0,0,0,0,0,0,0
345,1,591,0,0,0,0,0,0,0,0,0
346,3,592,593,591,0,0,0,0,0,0,0
347,3,594,419,590,0,0,0,0,0,0,0
348,3,595,596,588,0,0,0,0,0,0,0
349,1,597,0,0,0,0,0,0,0,0,0
350,4,598,477,478,597,0,0,0,0,0,0
351,3,599,600,420,0,0,0,0,0,0,0
352,3,594,595,600,0,0,0,0,0,0,0
353,3,601,596,599,0,0,0,0,0,0,0
354,1,602,0,0,0,0,0,0,0,0,0
355,3,603,601,602,0,0,0,0,0,0,0
356,3,604,251,534,0,0,0,0,0,0,0
357,4,523,524,531,604,0,0,0,0,0,0
358,3,260,450,533,0,0,0,0,0,0,0
359,1,605,0,0,0,0,0,0,0,0,0
360,3,606,607,605,0,0,0,0,0,0,0
361,3,608,609,593,0,0,0,0,0,0,0
362,3,610,611,608,0,0,0,0,0,0,0
363,3,612,613,609,0,0,0,0,0,0,0
364,3,614,70,525,0,0,0,0,0,0,0
365,3,261,530,548,0,0,0,0,0,0,0
366,3,615,606,611,0,0,0,0,0,0,0
367,3,616,157,615,0,0,0,0,0,0,0
368,3,532,541,614,0,0,0,0,0,0,0
369,3,592,612,616,0,0,0,0,0,0,0
370,3,617,618,542,0,0,0,0,0,0,0
371,3,619,37,155,0,0,0,0,0,0,0
372,3,620,621,545,0,0,0,0,0,0,0
373,3,269,537,557,0,0,0,0,0,0,0
374,4,278,481,546,619,0,0,0,0,0,0
375,3,622,623,553,0,0,0,0,0,0,0
376,3,624,625,617,0,0,0,0,0,0,0
377,3,626,618,620,0,0,0,0,0,0,0
378,3,627,69,240,0,0,0,0,0,0,0
379,3,628,277,547,0,0,0,0,0,0,0
380,3,629,624,627,0,0,0,0,0,0,0
381,3,630,625,626,0,0,0,0,0,0,0
382,3,631,241,629,0,0,0,0,0,0,0
383,3,632,633,562,0,0,0,0,0,0,0
384,3,634,267,632,0,0,0,0,0,0,0
385,3,635,636,633,0,0,0,0,0,0,0
386,3,637,563,636,0,0,0,0,0,0,0
387,3,638,621,623,0,0,0,0,0,0,0
388,4,639,640,641,630,0,0,0,0,0,0
389,1,-1,0,0,0,0,0,0,0,0,0
390,3,643,555,642,0,0,0,0,0,0,0
391,3,644,554,622,0,0,0,0,0,0,0
392,3,645,638,640,0,0,0,0,0,0,0
393,3,565,628,637,0,0,0,0,0,0,0
394,1,643,0,0,0,0,0,0,0,0,0
395,3,646,647,645,0,0,0,0,0,0,0
396,3,648,639,646,0,0,0,0,0,0,0
397,3,649,631,641,0,0,0,0,0,0,0
398,3,650,651,647,0,0,0,0,0,0,0
399,3,652,648,650,0,0,0,0,0,0,0
400,3,653,654,652,0,0,0,0,0,0,0
401,3,655,125,464,0,0,0,0,0,0,0
402,3,656,657,654,0,0,0,0,0,0,0
403,1,656,0,0,0,0,0,0,0,0,0
404,3,651,653,657,0,0,0,0,0,0,0
405,1,234,0,0,0,0,0,0,0,0,0
406,4,199,201,484,655,0,0,0,0,0,0
407,3,658,232,235,0,0,0,0,0,0,0
408,3,659,660,229,0,0,0,0,0,0,0
409,3,661,662,659,0,0,0,0,0,0,0
410,1,660,0,0,0,0,0,0,0,0,0
411,3,663,664,661,0,0,0,0,0,0,0
412,3,665,662,664,0,0,0,0,0,0,0
413,3,666,667,347,0,0,0,0,0,0,0
414,4,668,669,670,666,0,0,0,0,0,0
415,3,671,350,667,0,0,0,0,0,0,0
416,3,672,673,665,0,0,0,0,0,0,0
417,4,674,675,228,233,0,0,0,0,0,0
418,6,676,677,703,704,230,674,0,0,0,0
419,1,678,0,0,0,0,0,0,0,0,0
420,3,679,680,678,0,0,0,0,0,0,0
421,3,681,74,679,0,0,0,0,0,0,0
422,3,682,683,680,0,0,0,0,0,0,0
423,3,684,685,348,0,0,0,0,0,0,0
424,3,686,346,349,0,0,0,0,0,0,0
425,4,687,663,672,676,0,0,0,0,0,0
426,3,688,689,675,0,0,0,0,0,0,0
427,3,690,691,688,0,0,0,0,0,0,0
428,3,692,686,689,0,0,0,0,0,0,0
429,3,693,673,687,0,0,0,0,0,0,0
430,1,694,0,0,0,0,0,0,0,0,0
431,3,695,696,694,0,0,0,0,0,0,0
432,3,697,698,668,0,0,0,0,0,0,0
433,3,669,697,698,0,0,0,0,0,0,0
434,4,699,700,670,696,0,0,0,0,0,0
435,3,701,702,695,0,0,0,0,0,0,0
436,1,692,0,0,0,0,0,0,0,0,0
437,3,705,677,693,0,0,0,0,0,0,0
438,3,706,707,345,0,0,0,0,0,0,0
439,3,708,709,703,0,0,0,0,0,0,0
440,3,690,691,708,0,0,0,0,0,0,0
441,3,710,711,709,0,0,0,0,0,0,0
442,3,329,339,702,0,0,0,0,0,0,0
443,3,327,331,340,0,0,0,0,0,0,0
444,3,712,713,710,0,0,0,0,0,0,0
445,3,714,711,713,0,0,0,0,0,0,0
446,3,715,716,328,0,0,0,0,0,0,0
447,5,717,894,704,705,893,0,0,0,0,0
448,3,718,719,720,0,0,0,0,0,0,0
449,3,721,326,718,0,0,0,0,0,0,0
450,3,722,723,719,0,0,0,0,0,0,0
451,1,720,0,0,0,0,0,0,0,0,0
452,3,724,725,726,0,0,0,0,0,0,0
453,3,727,728,724,0,0,0,0,0,0,0
454,3,729,706,725,0,0,0,0,0,0,0
455,3,730,731,726,0,0,0,0,0,0,0
456,3,732,733,722,0,0,0,0,0,0,0
457,3,734,735,723,0,0,0,0,0,0,0
458,3,736,737,147,0,0,0,0,0,0,0
459,5,738,878,485,736,855,0,0,0,0,0
460,3,739,740,737,0,0,0,0,0,0,0
461,3,741,742,712,0,0,0,0,0,0,0
462,3,743,744,741,0,0,0,0,0,0,0
463,3,745,742,743,0,0,0,0,0,0,0
464,3,746,747,748,0,0,0,0,0,0,0
465,4,749,750,751,746,0,0,0,0,0,0
466,3,752,753,747,0,0,0,0,0,0,0
467,3,754,748,749,0,0,0,0,0,0,0
468,3,755,756,727,0,0,0,0,0,0,0
469,3,757,758,728,0,0,0,0,0,0,0
470,3,759,714,730,0,0,0,0,0,0,0
471,3,760,744,759,0,0,0,0,0,0,0
472,3,761,755,760,0,0,0,0,0,0,0
473,4,762,763,764,739,0,0,0,0,0,0
474,1,762,0,0,0,0,0,0,0,0,0
475,3,765,425,763,0,0,0,0,0,0,0
476,4,766,767,768,764,0,0,0,0,0,0
477,3,769,770,325,0,0,0,0,0,0,0
478,3,771,772,769,0,0,0,0,0,0,0
479,3,773,774,770,0,0,0,0,0,0,0
480,3,775,776,756,0,0,0,0,0,0,0
481,3,777,778,745,0,0,0,0,0,0,0
482,3,779,715,752,0,0,0,0,0,0,0
483,3,780,781,716,0,0,0,0,0,0,0
484,4,782,783,784,753,0,0,0,0,0,0
485,3,785,761,778,0,0,0,0,0,0,0
486,3,786,323,771,0,0,0,0,0,0,0
487,3,787,772,774,0,0,0,0,0,0,0
488,3,788,789,773,0,0,0,0,0,0,0
489,3,790,791,788,0,0,0,0,0,0,0
490,3,792,793,789,0,0,0,0,0,0,0
491,1,205,0,0,0,0,0,0,0,0,0
492,3,794,795,777,0,0,0,0,0,0,0
493,3,775,785,794,0,0,0,0,0,0,0
494,3,796,797,795,0,0,0,0,0,0,0
495,3,798,780,782,0,0,0,0,0,0,0
496,3,799,800,781,0,0,0,0,0,0,0
497,3,801,802,799,0,0,0,0,0,0,0
498,3,787,790,801,0,0,0,0,0,0,0
499,3,803,804,802,0,0,0,0,0,0,0
500,3,805,806,783,0,0,0,0,0,0,0
501,1,784,0,0,0,0,0,0,0,0,0
502,3,807,808,681,0,0,0,0,0,0,0
503,4,809,75,77,807,0,0,0,0,0,0
504,3,222,808,809,0,0,0,0,0,0,0
505,3,776,796,797,0,0,0,0,0,0,0
506,1,810,0,0,0,0,0,0,0,0,0
507,3,811,812,810,0,0,0,0,0,0,0
508,4,813,814,815,223,0,0,0,0,0,0
509,3,816,224,717,0,0,0,0,0,0,0
510,3,817,758,805,0,0,0,0,0,0,0
511,3,818,819,817,0,0,0,0,0,0,0
512,3,820,821,757,0,0,0,0,0,0,0
513,3,822,317,818,0,0,0,0,0,0,0
514,3,823,824,822,0,0,0,0,0,0,0
515,3,825,307,316,0,0,0,0,0,0,0
516,3,826,827,219,0,0,0,0,0,0,0
517,3,828,829,826,0,0,0,0,0,0,0
518,4,830,832,815,827,0,0,0,0,0,0
519,3,831,828,830,0,0,0,0,0,0,0
520,1,488,0,0,0,0,0,0,0,0,0
521,3,833,834,835,0,0,0,0,0,0,0
522,3,836,837,833,0,0,0,0,0,0,0
523,3,76,220,834,0,0,0,0,0,0,0
524,3,835,836,837,0,0,0,0,0,0,0
525,3,838,839,829,0,0,0,0,0,0,0
526,3,831,838,839,0,0,0,0,0,0,0
527,4,840,841,842,434,0,0,0,0,0,0
528,1,435,0,0,0,0,0,0,0,0,0
529,3,843,844,841,0,0,0,0,0,0,0
530,3,845,846,842,0,0,0,0,0,0,0
531,1,442,0,0,0,0,0,0,0,0,0
532,1,93,0,0,0,0,0,0,0,0,0
533,3,847,848,92,0,0,0,0,0,0,0
534,3,849,850,847,0,0,0,0,0,0,0
535,1,849,0,0,0,0,0,0,0,0,0
536,1,850,0,0,0,0,0,0,0,0,0
537,3,851,852,848,0,0,0,0,0,0,0
538,4,853,158,160,426,0,0,0,0,0,0
539,3,854,855,853,0,0,0,0,0,0,0
540,4,856,857,161,854,0,0,0,0,0,0
541,4,858,859,860,275,0,0,0,0,0,0
542,4,181,470,473,480,0,0,0,0,0,0
543,3,861,280,482,0,0,0,0,0,0,0
544,3,575,858,861,0,0,0,0,0,0,0
545,4,862,863,176,475,0,0,0,0,0,0
546,4,864,182,859,862,0,0,0,0,0,0
547,3,865,175,863,0,0,0,0,0,0,0
548,1,191,0,0,0,0,0,0,0,0,0
549,1,189,0,0,0,0,0,0,0,0,0
550,3,866,867,574,0,0,0,0,0,0,0
551,3,868,869,866,0,0,0,0,0,0,0
552,4,870,871,860,867,0,0,0,0,0,0
553,4,872,873,874,870,0,0,0,0,0,0
554,4,875,876,864,871,0,0,0,0,0,0
555,3,486,865,875,0,0,0,0,0,0,0
556,5,884,288,868,872,882,0,0,0,0,0
557,3,877,290,869,0,0,0,0,0,0,0
558,3,880,881,882,0,0,0,0,0,0,0
559,4,3,857,874,880,0,0,0,0,0,0
560,3,883,294,881,0,0,0,0,0,0,0
561,4,738,856,873,876,0,0,0,0,0,0
562,3,885,10,187,0,0,0,0,0,0,0
563,3,11,293,883,0,0,0,0,0,0,0
564,1,885,0,0,0,0,0,0,0,0,0
565,3,886,185,439,0,0,0,0,0,0,0
566,3,887,888,186,0,0,0,0,0,0,0
567,5,889,886,887,1055,1056,0,0,0,0,0
568,2,168,888,0,0,0,0,0,0,0,0
569,3,890,821,832,0,0,0,0,0,0,0
570,3,891,892,813,0,0,0,0,0,0,0
571,3,814,820,890,0,0,0,0,0,0,0
572,4,893,221,816,892,0,0,0,0,0,0
573,1,891,0,0,0,0,0,0,0,0,0
574,1,894,0,0,0,0,0,0,0,0,0
575,2,430,431,0,0,0,0,0,0,0,0
576,3,895,1063,432,0,0,0,0,0,0,0
577,3,896,897,895,0,0,0,0,0,0,0
578,3,898,433,896,0,0,0,0,0,0,0
579,3,899,900,897,0,0,0,0,0,0,0
580,1,-1,0,0,0,0,0,0,0,0,0
581,4,904,905,906,901,0,0,0,0,0,0
582,3,907,908,902,0,0,0,0,0,0,0
583,3,909,903,905,0,0,0,0,0,0,0
584,3,910,907,908,0,0,0,0,0,0,0
585,3,911,904,910,0,0,0,0,0,0,0
586,3,912,68,909,0,0,0,0,0,0,0
587,4,913,914,906,912,0,0,0,0,0,0
588,3,915,911,913,0,0,0,0,0,0,0
589,3,916,917,914,0,0,0,0,0,0,0
590,3,918,915,916,0,0,0,0,0,0,0
591,3,919,67,917,0,0,0,0,0,0,0
592,3,920,921,919,0,0,0,0,0,0,0
593,3,922,918,920,0,0,0,0,0,0,0
594,3,923,924,922,0,0,0,0,0,0,0
595,3,925,926,924,0,0,0,0,0,0,0
596,4,927,928,929,925,0,0,0,0,0,0
597,3,930,931,926,0,0,0,0,0,0,0
598,4,932,933,923,927,0,0,0,0,0,0
599,4,934,935,928,930,0,0,0,0,0,0
600,1,931,0,0,0,0,0,0,0,0,0
601,3,936,921,933,0,0,0,0,0,0,0
602,3,937,938,936,0,0,0,0,0,0,0
603,1,934,0,0,0,0,0,0,0,0,0
604,3,939,940,937,0,0,0,0,0,0,0
605,1,938,0,0,0,0,0,0,0,0,0
606,4,941,942,932,939,0,0,0,0,0,0
607,4,943,682,940,941,0,0,0,0,0,0
608,3,944,929,942,0,0,0,0,0,0,0
609,3,945,935,944,0,0,0,0,0,0,0
610,3,683,943,945,0,0,0,0,0,0,0
611,3,946,947,948,0,0,0,0,0,0,0
612,3,949,950,946,0,0,0,0,0,0,0
613,3,951,947,950,0,0,0,0,0,0,0
614,3,952,953,948,0,0,0,0,0,0,0
615,3,954,955,953,0,0,0,0,0,0,0
616,3,956,957,954,0,0,0,0,0,0,0
617,4,958,959,955,957,0,0,0,0,0,0
618,5,960,961,965,952,964,0,0,0,0,0
619,1,962,0,0,0,0,0,0,0,0,0
620,3,963,961,962,0,0,0,0,0,0,0
621,1,964,0,0,0,0,0,0,0,0,0
622,3,966,967,951,0,0,0,0,0,0,0
623,3,968,949,966,0,0,0,0,0,0,0
624,3,969,970,956,0,0,0,0,0,0,0
625,4,971,972,958,970,0,0,0,0,0,0
626,3,973,959,972,0,0,0,0,0,0,0
627,3,974,975,967,0,0,0,0,0,0,0
628,3,976,968,974,0,0,0,0,0,0,0
629,3,977,978,969,0,0,0,0,0,0,0
630,4,979,980,971,977,0,0,0,0,0,0
631,3,981,973,980,0,0,0,0,0,0,0
632,3,982,983,975,0,0,0,0,0,0,0
633,3,984,976,982,0,0,0,0,0,0,0
634,3,985,986,978,0,0,0,0,0,0,0
635,4,987,988,979,985,0,0,0,0,0,0
636,3,989,981,988,0,0,0,0,0,0,0
637,3,990,991,983,0,0,0,0,0,0,0
638,4,992,993,984,990,0,0,0,0,0,0
639,4,994,995,996,986,0,0,0,0,0,0
640,4,997,998,987,995,0,0,0,0,0,0
641,3,999,989,998,0,0,0,0,0,0,0
642,3,1000,1001,991,0,0,0,0,0,0,0
643,4,1002,1003,965,993,0,0,0,0,0,0
644,4,1004,877,963,994,0,0,0,0,0,0
645,3,1005,1006,992,0,0,0,0,0,0,0
646,4,289,960,1002,1004,0,0,0,0,0,0
647,3,1000,1005,1006,0,0,0,0,0,0,0
648,1,1001,0,0,0,0,0,0,0,0,0
649,3,1007,1008,997,0,0,0,0,0,0,0
650,3,1009,1010,999,0,0,0,0,0,0,0
651,3,1011,996,1008,0,0,0,0,0,0,0
652,3,1012,1010,1011,0,0,0,0,0,0,0
653,3,1007,1009,1012,0,0,0,0,0,0,0
654,3,1013,1014,684,0,0,0,0,0,0,0
655,1,685,0,0,0,0,0,0,0,0,0
656,4,1015,1016,231,1013,0,0,0,0,0,0
657,3,658,671,1015,0,0,0,0,0,0,0
658,1,1016,0,0,0,0,0,0,0,0,0
659,1,1014,0,0,0,0,0,0,0,0,0
660,4,1017,338,750,751,0,0,0,0,0,0
661,1,330,0,0,0,0,0,0,0,0,0
662,3,1018,754,1017,0,0,0,0,0,0,0
663,3,1019,314,804,0,0,0,0,0,0,0
664,3,1020,1021,318,0,0,0,0,0,0,0
665,3,1022,1019,1020,0,0,0,0,0,0,0
666,3,1023,1024,1021,0,0,0,0,0,0,0
667,3,1025,1022,1024,0,0,0,0,0,0,0
668,3,1026,791,793,0,0,0,0,0,0,0
669,1,721,0,0,0,0,0,0,0,0,0
670,3,1027,1028,735,0,0,0,0,0,0,0
671,3,699,701,1027,0,0,0,0,0,0,0
672,3,1029,1030,1028,0,0,0,0,0,0,0
673,3,733,734,1030,0,0,0,0,0,0,0
674,1,700,0,0,0,0,0,0,0,0,0
675,1,613,0,0,0,0,0,0,0,0,0
676,1,603,0,0,0,0,0,0,0,0,0
677,3,1031,1032,148,0,0,0,0,0,0,0
678,3,1033,145,1031,0,0,0,0,0,0,0
679,3,1034,768,1033,0,0,0,0,0,0,0
680,3,1035,765,766,0,0,0,0,0,0,0
681,3,423,1032,1035,0,0,0,0,0,0,0
682,1,424,0,0,0,0,0,0,0,0,0
683,3,1036,1037,767,0,0,0,0,0,0,0
684,3,1038,1039,1034,0,0,0,0,0,0,0
685,3,1040,1041,1042,0,0,0,0,0,0,0
686,3,1043,1044,1040,0,0,0,0,0,0,0
687,3,1045,1038,1041,0,0,0,0,0,0,0
688,4,1046,1047,1042,1044,0,0,0,0,0,0
689,3,1048,1049,1043,0,0,0,0,0,0,0
690,3,1050,1036,1048,0,0,0,0,0,0,0
691,4,1051,1037,1047,1049,0,0,0,0,0,0
692,4,1039,1045,1046,1051,0,0,0,0,0,0
693,3,1052,1053,1050,0,0,0,0,0,0,0
694,3,740,1052,1053,0,0,0,0,0,0,0
695,1,441,0,0,0,0,0,0,0,0,0
696,2,1054,889,0,0,0,0,0,0,0,0
697,5,1055,1056,1057,440,1054,0,0,0,0,0
698,1,1057,0,0,0,0,0,0,0,0,0
699,1,292,0,0,0,0,0,0,0,0,0
700,2,1058,287,0,0,0,0,0,0,0,0
701,1,1058,0,0,0,0,0,0,0,0,0
702,1,884,0,0,0,0,0,0,0,0,0
703,3,1059,1060,879,0,0,0,0,0,0,0
704,3,1061,1062,1060,0,0,0,0,0,0,0
705,3,1059,1061,1062,0,0,0,0,0,0,0
706,3,1064,1065,899,0,0,0,0,0,0,0
707,3,1066,1067,1068,0,0,0,0,0,0,0
708,3,1069,1070,1066,0,0,0,0,0,0,0
709,4,1064,1067,1068,1070,0,0,0,0,0,0
710,4,1071,1072,1073,1074,0,0,0,0,0,0
711,3,1075,1076,1071,0,0,0,0,0,0,0
712,1,1072,0,0,0,0,0,0,0,0,0
713,4,1077,1078,1079,1073,0,0,0,0,0,0
714,3,1080,898,1075,0,0,0,0,0,0,0
715,3,1081,900,1080,0,0,0,0,0,0,0
716,3,1082,1065,1069,0,0,0,0,0,0,0
717,4,1083,1074,1081,1082,0,0,0,0,0,0
718,1,1083,0,0,0,0,0,0,0,0,0
719,3,1084,1085,1086,0,0,0,0,0,0,0
720,1,1084,0,0,0,0,0,0,0,0,0
721,3,1087,1088,1085,0,0,0,0,0,0,0
722,4,1089,1077,1086,1088,0,0,0,0,0,0
723,3,1076,1078,1087,0,0,0,0,0,0,0
724,1,1079,0,0,0,0,0,0,0,0,0
725,1,1089,0,0,0,0,0,0,0,0,0
726,1,443,0,0,0,0,0,0,0,0,0
727,3,1090,268,271,0,0,0,0,0,0,0
728,3,634,635,1090,0,0,0,0,0,0,0
729,3,1091,1092,644,0,0,0,0,0,0,0
730,2,1093,1091,0,0,0,0,0,0,0,0
731,1,1093,0,0,0,0,0,0,0,0,0
732,1,1092,0,0,0,0,0,0,0,0,0
733,1,1094,0,0,0,0,0,0,0,0,0
734,3,1095,1096,1094,0,0,0,0,0,0,0
735,1,1097,0,0,0,0,0,0,0,0,0
736,4,1098,1099,607,1097,0,0,0,0,0,0
737,3,610,1098,1099,0,0,0,0,0,0,0
738,3,1100,1101,1095,0,0,0,0,0,0,0
739,3,1102,1103,1096,0,0,0,0,0,0,0
740,3,1104,1105,1102,0,0,0,0,0,0,0
741,1,1103,0,0,0,0,0,0,0,0,0
742,3,1106,1107,1101,0,0,0,0,0,0,0
743,3,1108,1104,1106,0,0,0,0,0,0,0
744,4,1109,1110,1107,1108,0,0,0,0,0,0
745,3,1111,1100,1109,0,0,0,0,0,0,0
746,3,1112,1113,1111,0,0,0,0,0,0,0
747,3,1114,1110,1112,0,0,0,0,0,0,0
748,1,1105,0,0,0,0,0,0,0,0,0
749,3,467,1113,1114,0,0,0,0,0,0,0
750,3,1115,1116,1117,0,0,0,0,0,0,0
751,3,1118,1119,1115,0,0,0,0,0,0,0
752,1,1116,0,0,0,0,0,0,0,0,0
753,3,1120,1117,1119,0,0,0,0,0,0,0
754,3,1121,372,1120,0,0,0,0,0,0,0
755,3,373,1118,1121,0,0,0,0,0,0,0
756,1,1122,0,0,0,0,0,0,0,0,0
757,3,1123,582,1122,0,0,0,0,0,0,0
758,3,1124,1125,1123,0,0,0,0,0,0,0
759,1,1124,0,0,0,0,0,0,0,0,0
760,3,581,583,1125,0,0,0,0,0,0,0
761,1,387,0,0,0,0,0,0,0,0,0
762,3,394,397,1126,0,0,0,0,0,0,0
763,1,649,0,0,0,0,0,0,0,0,0
764,1,303,0,0,0,0,0,0,0,0,0
765,1,304,0,0,0,0,0,0,0,0,0
766,1,309,0,0,0,0,0,0,0,0,0
767,1,310,0,0,0,0,0,0,0,0,0
768,1,308,0,0,0,0,0,0,0,0,0
769,1,825,0,0,0,0,0,0,0,0,0
770,1,1018,0,0,0,0,0,0,0,0,0
771,1,707,0,0,0,0,0,0,0,0,0
772,1,806,0,0,0,0,0,0,0,0,0
773,3,1127,1128,803,0,0,0,0,0,0,0
774,3,1129,1026,1127,0,0,0,0,0,0,0
775,3,1130,1131,1128,0,0,0,0,0,0,0
776,3,1132,1025,1130,0,0,0,0,0,0,0
777,3,1133,1023,1132,0,0,0,0,0,0,0
778,3,1134,1131,1133,0,0,0,0,0,0,0
779,3,792,1129,1134,0,0,0,0,0,0,0
780,1,786,0,0,0,0,0,0,0,0,0
781,1,324,0,0,0,0,0,0,0,0,0
782,1,732,0,0,0,0,0,0,0,0,0
783,1,1029,0,0,0,0,0,0,0,0,0
784,1,-1,0,0,0,0,0,0,0,0,0
785,1,598,0,0,0,0,0,0,0,0,0
786,3,1136,1137,395,0,0,0,0,0,0,0
787,3,1138,1139,1136,0,0,0,0,0,0,0
788,4,1140,1153,1137,1149,0,0,0,0,0,0
789,3,1141,1142,1143,0,0,0,0,0,0,0
790,3,1144,1145,1141,0,0,0,0,0,0,0
791,4,1146,1147,1148,1142,0,0,0,0,0,0
792,3,1149,1150,1143,0,0,0,0,0,0,0
793,3,1151,1152,1138,0,0,0,0,0,0,0
794,5,1163,1164,1139,1140,1153,0,0,0,0,0
795,4,1154,1155,1148,1150,0,0,0,0,0,0
796,4,1156,1157,1146,1154,0,0,0,0,0,0
797,4,1155,1156,1163,1169,0,0,0,0,0,0
798,3,1158,1159,1157,0,0,0,0,0,0,0
799,3,1160,1161,1152,0,0,0,0,0,0,0
800,3,1162,1158,1160,0,0,0,0,0,0,0
801,3,1144,1161,1162,0,0,0,0,0,0,0
802,3,1165,1166,1151,0,0,0,0,0,0,0
803,3,1167,1168,1169,0,0,0,0,0,0,0
804,3,1164,1166,1167,0,0,0,0,0,0,0
805,3,1170,1171,1168,0,0,0,0,0,0,0
806,3,1172,1165,1170,0,0,0,0,0,0,0
807,1,1171,0,0,0,0,0,0,0,0,0
808,1,1172,0,0,0,0,0,0,0,0,0
809,3,1145,1147,1159,0,0,0,0,0,0,0
810,1,398,0,0,0,0,0,0,0,0,0
811,3,1173,1174,823,0,0,0,0,0,0,0
812,3,1175,819,824,0,0,0,0,0,0,0
813,3,812,1173,1175,0,0,0,0,0,0,0
814,3,798,811,1174,0,0,0,0,0,0,0
815,3,1176,1177,800,0,0,0,0,0,0,0
816,1,1176,0,0,0,0,0,0,0,0,0
817,1,1177,0,0,0,0,0,0,0,0,0
818,1,779,0,0,0,0,0,0,0,0,0
819,1,731,0,0,0,0,0,0,0,0,0
820,1,729,0,0,0,0,0,0,0,0,0
821,1,578,0,0,0,0,0,0,0,0,0
822,1,1178,0,0,0,0,0,0,0,0,0
823,3,1179,137,1178,0,0,0,0,0,0,0
824,3,1180,1181,138,0,0,0,0,0,0,0
825,3,1182,1183,1180,0,0,0,0,0,0,0
826,3,1184,1181,1182,0,0,0,0,0,0,0
827,3,1185,1186,1183,0,0,0,0,0,0,0
828,1,1184,0,0,0,0,0,0,0,0,0
829,3,1187,1188,1186,0,0,0,0,0,0,0
830,1,-1,0,0,0,0,0,0,0,0,0
831,3,1189,1179,1188,0,0,0,0,0,0,0
832,3,1190,1191,1189,0,0,0,0,0,0,0
833,1,1191,0,0,0,0,0,0,0,0,0
834,1,1190,0,0,0,0,0,0,0,0,0
835,1,171,0,0,0,0,0,0,0,0,0
836,3,1192,1193,463,0,0,0,0,0,0,0
837,1,1193,0,0,0,0,0,0,0,0,0
838,3,132,459,1192,0,0,0,0,0,0,0
839,1,1185,0,0,0,0,0,0,0,0,0
840,3,1194,840,1063,0,0,0,0,0,0,0
841,2,165,1194,0,0,0,0,0,0,0,0
842,1,571,0,0,0,0,0,0,0,0,0
843,1,570,0,0,0,0,0,0,0,0,0
844,1,851,0,0,0,0,0,0,0,0,0
845,1,852,0,0,0,0,0,0,0,0,0
846,3,1195,1196,845,0,0,0,0,0,0,0
847,2,1197,846,0,0,0,0,0,0,0,0
848,1,1197,0,0,0,0,0,0,0,0,0
849,3,1198,1199,1195,0,0,0,0,0,0,0
850,4,1200,1201,1202,1196,0,0,0,0,0,0
851,3,1203,1204,1200,0,0,0,0,0,0,0
852,3,1205,1206,1203,0,0,0,0,0,0,0
853,3,1207,1208,1204,0,0,0,0,0,0,0
854,3,1201,1205,1206,0,0,0,0,0,0,0
855,3,1209,1202,1208,0,0,0,0,0,0,0
856,3,1210,1211,1207,0,0,0,0,0,0,0
857,4,1212,1209,1210,1211,0,0,0,0,0,0
858,4,1213,1214,1198,1212,0,0,0,0,0,0
859,1,1199,0,0,0,0,0,0,0,0,0
860,3,1215,843,1213,0,0,0,0,0,0,0
861,1,1214,0,0,0,0,0,0,0,0,0
862,1,1215,0,0,0,0,0,0,0,0,0
863,1,844,0,0,0,0,0,0,0,0,0
