#number,Coord_x,Coord_y,evacuation,reward
0,368559.9587042449,3710936.7827186654,0,1
1,368553.79541422974,3710950.008912227,0,1
2,368570.2602265647,3710940.9340809863,0,1
3,368552.30037512374,3710933.7043219,0,1
4,367233.5976444917,3708368.2868078165,0,1
5,367243.9579345372,3708380.509870229,0,1
6,367237.886258836,3708364.6455418104,0,1
7,367228.73054946493,3708372.4240213004,0,1
8,367204.83310818975,3708314.983472723,0,1
9,367375.2393466387,3708451.6660473137,0,1
10,367371.9336289367,3708453.818707136,0,1
11,367397.45684784,3708464.080999528,0,1
12,367279.22029402026,3708411.8425181457,0,1
13,368638.1796251816,3709356.939797722,0,1
14,368593.8528508565,3709468.913276655,0,1
15,368847.74443673884,3709426.449175514,0,1
16,368450.5817971175,3709271.7748004803,0,1
17,369751.7846537745,3709782.72609592,0,1
18,369741.44745049765,3709855.673498549,0,1
19,369879.93249508436,3709822.8379223202,0,1
20,369328.76298865816,3709637.6046163193,0,1
21,367532.15909012407,3709189.08032889,0,1
22,367528.7952405027,3709335.641535912,0,1
23,367532.5015937856,3709173.44928226,0,1
24,367522.79051860166,3709142.818092595,0,1
25,367544.8261003011,3709184.0264286636,0,1
26,367556.4908931157,3709510.2004070347,0,1
27,367537.1465908934,3709430.9039675784,0,1
28,367525.3380603149,3709511.205409432,0,1
29,367565.3698092388,3709564.798284345,0,1
30,366951.1569366738,3710801.846778304,0,1
31,366969.86403714493,3710670.7434491976,0,1
32,366921.40766007046,3710871.1848816746,0,1
33,367090.10281489894,3710760.845487486,0,1
34,367704.03542793746,3708799.57655623,0,1
35,367692.2300252331,3708792.319179291,0,1
36,367697.57801937003,3708812.3858495303,0,1
37,367715.05053018266,3708806.112831684,0,1
38,370119.59161157423,3711333.1699464275,0,1
39,369916.9114005673,3711206.404796931,0,1
40,370131.7922586177,3710293.592112147,0,1
41,370135.30270123394,3710278.3843957265,0,1
42,370092.5297292813,3710391.449723566,0,1
43,370113.6130302336,3710282.480816222,0,1
44,370150.06084599247,3710289.2867757375,0,1
45,370115.0757795463,3710274.542645008,0,1
46,369949.3083433412,3710171.2998789996,0,1
47,369953.6338316002,3710180.7014769493,0,1
48,369945.32736521075,3710162.647769367,0,1
49,369943.8408794394,3710175.6989042656,0,1
50,369954.92381345795,3710166.166901239,0,1
51,369778.67646434193,3710203.90382403,0,1
52,369741.59198585537,3710186.472276551,0,1
53,369833.45800165413,3710193.9917083303,0,1
54,369791.0727539537,3710145.1795871733,0,1
55,369590.873074472,3710142.6976888943,0,1
56,369395.69318402105,3710083.6579190823,0,1
57,369579.9399177078,3709921.0844012727,1,1000
58,369610.22324455925,3710267.0018158015,0,1
59,369390.36501487053,3710075.024282228,0,1
60,369396.54305569525,3710064.1274788985,0,1
61,369334.9907987445,3709997.4445049916,0,1
62,369385.79671188066,3710098.4534762665,0,1
63,369057.1870496888,3710309.3167614616,0,1
64,369058.90119310294,3710313.785035791,0,1
65,369007.3998802106,3710327.1171877785,0,1
66,369176.25833496684,3710259.300640071,0,1
67,369126.0999059136,3709541.452279371,0,1
68,369193.80228054733,3709576.3877675575,0,1
69,369116.46826812334,3709536.7810216947,0,1
70,369129.39075577783,3709441.0958343423,0,1
71,368576.40551409667,3710943.400990926,0,1
72,368733.5427978916,3710535.2182257073,0,1
73,368558.5874112241,3710970.3719303864,0,1
74,368564.4197775988,3710954.677107597,0,1
75,368564.81257480546,3710973.248085069,0,1
76,368547.79792696505,3710965.173659087,0,1
77,369216.0479505857,3709921.7481535887,0,1
78,369358.6498269793,3709971.4052182003,0,1
79,369058.03975221206,3709848.6136405696,0,1
80,369051.3195316419,3709848.993336035,0,1
81,369064.2803657878,3709779.458388035,0,1
82,369044.7813560554,3709773.246691511,0,1
83,369121.7596371576,3709786.0967364777,0,1
84,368542.14695815323,3710945.1661722176,0,1
85,368575.51405096345,3710959.749243971,0,1
86,369875.81932874164,3709827.1077811825,0,1
87,369882.95783261786,3709817.8064399306,0,1
88,369899.6263678441,3709842.844936847,0,1
89,369909.767074971,3709843.994460372,0,1
90,369891.94848396664,3709841.7841535783,0,1
91,369923.46161857626,3710003.7644204553,0,1
92,370116.2176547515,3710267.606924537,0,1
93,369254.6070906274,3709812.240377486,0,1
94,369829.930124276,3710460.1172850016,0,1
95,369202.17623250943,3710515.955474561,0,1
96,369980.7180064139,3710696.599014386,0,1
97,369947.7883475487,3710807.1479167,0,1
98,370050.28195309284,3710503.432462703,0,1
99,370070.18718901154,3710718.925083939,0,1
100,367245.02765771805,3710719.9697779436,0,1
101,367248.0372658026,3710724.697170147,0,1
102,367222.7947315603,3710728.9933482506,0,1
103,367327.46522717655,3710619.6854738966,0,1
104,367452.69046118483,3710130.782164579,0,1
105,367417.9051572801,3710236.8858370776,0,1
106,367456.5758400806,3710134.344169274,0,1
107,367474.60121825937,3710057.0401033717,0,1
108,367487.8725069965,3709812.3809764786,0,1
109,367566.4674363282,3709666.9477793667,0,1
110,367540.4649335686,3709769.547502421,0,1
111,367582.53392044746,3709029.2189129656,0,1
112,367541.4882330737,3709116.920100369,0,1
113,367636.8399080556,3708922.7594339745,0,1
114,367766.5971753405,3709159.808905051,0,1
115,367296.544559011,3708748.9954141625,0,1
116,368039.8403151212,3709345.5526773226,0,1
117,368119.7905846013,3709398.01330727,1,1000
118,368009.9988938765,3709327.041286819,0,1
119,368072.1767979184,3709519.8272447623,0,1
120,368549.7906511681,3709581.8150021886,1,1000
121,368565.68969151494,3709587.6090454147,1,1000
122,368486.01043342066,3709561.502901486,0,1
123,368558.4251864018,3709559.6828940883,0,1
124,368993.2310067413,3709756.5468892604,0,1
125,369033.22161263553,3709769.5444100727,0,1
126,368967.31326097256,3709746.940277628,0,1
127,368990.39903391345,3709764.836591466,0,1
128,368524.1938043493,3710603.6953956354,0,1
129,368476.7362470586,3710700.086377375,0,1
130,368741.18644939805,3710426.107154525,0,1
131,368342.21038964414,3710447.8777261586,0,1
132,368488.7363960132,3710768.7492219103,0,1
133,368671.7821473263,3710542.636758237,0,1
134,368356.0497588938,3710706.0494830105,0,1
135,368274.7911877918,3710715.3009099807,0,1
136,368031.66712504736,3710751.9227142083,0,1
137,368291.29109687475,3710727.7958845147,0,1
138,368027.3676946128,3710752.6803252874,0,1
139,367994.6440976651,3710885.4481225396,0,1
140,367824.8428623552,3710813.538163208,0,1
141,367826.71398346894,3710792.862181805,0,1
142,367806.67159280693,3710812.6230916474,0,1
143,367843.201385163,3710746.2004661346,0,1
144,367842.5510438561,3710698.8090866385,0,1
145,367832.06755408633,3710753.8614516086,0,1
146,367918.78225092246,3710696.1662757583,0,1
147,367819.5696871873,3710446.9180730097,0,1
148,367824.4582011977,3710480.2773937755,0,1
149,367903.3940398075,3710481.013259043,0,1
150,367777.9240333941,3710420.2073615487,0,1
151,367823.3151819901,3710407.817440562,0,1
152,367751.3341894246,3710365.6861168155,0,1
153,367770.0730974272,3710299.6296030744,0,1
154,367732.5682908512,3710358.7350524953,0,1
155,367766.2744158653,3710373.4106136304,0,1
156,367678.68311989785,3710343.1168619166,0,1
157,367703.8228785805,3710283.9148508324,0,1
158,367631.63448255695,3710357.2492463915,0,1
159,367738.9506188228,3710218.098989243,0,1
160,367575.9819997603,3710240.7998929187,0,1
161,367271.92497501173,3708407.6399149406,0,1
162,367282.6240132281,3708408.0360111007,0,1
163,367276.255574506,3708415.143914295,0,1
164,366575.34783769405,3707840.6897043744,0,1
165,366599.260448374,3707883.433883377,0,1
166,366502.41107515735,3707967.4757811246,0,1
167,366636.4427004851,3707787.9745081672,0,1
168,366963.40469898994,3707842.5574563877,0,1
169,366947.8963431315,3707839.100575268,0,1
170,367143.79235255055,3708142.4044127925,0,1
171,367112.4146738418,3707882.1021907283,0,1
172,366538.72497906035,3708114.73043646,0,1
173,366600.0014186606,3708077.2949629137,0,1
174,366500.6884107094,3707976.5937728025,0,1
175,366524.9435208029,3708129.283341899,0,1
176,366661.9729142099,3708037.011145176,0,1
177,366729.7040467992,3708134.3908581696,0,1
178,366619.98766579357,3707947.11650473,0,1
179,367179.59896996303,3708214.4974610247,0,1
180,367186.467936623,3708215.389853811,0,1
181,367210.67074168473,3708273.39176649,0,1
182,367247.34671239776,3708376.29321268,0,1
183,367240.5500562793,3708357.034122933,0,1
184,367278.45682317216,3708404.976999095,0,1
185,367216.1388472588,3708288.598972625,0,1
186,367215.0078169165,3708219.9873104487,0,1
187,367048.5281576669,3708548.9273525537,0,1
188,367176.6714527734,3708724.761877438,0,1
189,367078.3151844214,3708527.4780218005,1,1000
190,366842.21362693736,3708278.009203975,0,1
191,366940.0744230648,3708629.321155136,0,1
192,366879.0537001345,3708253.256724973,1,1000
193,366737.6988464573,3708144.128598312,0,1
194,367241.8914705338,3708805.122435728,1,1000
195,367268.5839051806,3708772.1712123253,0,1
196,367210.7242003388,3708698.7181803472,0,1
197,367083.6882439903,3708808.60074068,0,1
198,367534.72335180384,3709147.2010937184,0,1
199,369142.2160084968,3710481.5803975123,0,1
200,369114.3708773149,3710427.0506153936,0,1
201,368814.30394098465,3710495.4569405387,0,1
202,368720.15301898884,3710992.7330860724,0,1
203,368716.21944941743,3711060.5154485353,0,1
204,368852.15606527403,3711002.9895947026,0,1
205,368948.5758113507,3710853.5211732746,0,1
206,368445.2726960677,3710907.1959770606,0,1
207,368485.0685368249,3710922.5337921893,0,1
208,368470.30760072096,3710850.3042854955,0,1
209,368414.6092236774,3710970.186727103,0,1
210,368092.7888125371,3709063.0330418134,0,1
211,368268.4223472497,3709166.077292307,0,1
212,368021.4369547619,3709174.614091291,0,1
213,367918.0037843693,3708932.709034567,0,1
214,367696.03910975263,3708786.91024004,0,1
215,367689.23209680995,3708796.5857665893,0,1
216,367475.352043248,3708556.157587807,0,1
217,369586.5433486237,3709866.1092002583,0,1
218,369517.9895597964,3709859.9508210174,0,1
219,369454.2740813085,3709848.9030829864,0,1
220,369270.75979144976,3709815.5700611,0,1
221,369446.1404547449,3709914.290744386,0,1
222,369843.78832798405,3709846.904102967,0,1
223,369973.25175472174,3709849.6917059724,0,1
224,369928.4469011232,3709989.102313821,0,1
225,367718.3989995159,3708800.9874833375,0,1
226,367712.60290647496,3708809.861700964,0,1
227,369949.100639509,3710183.435435855,0,1
228,369960.10520036315,3710177.0430421773,0,1
229,369119.8254620695,3709558.2505948353,0,1
230,369110.3053425581,3709554.265427435,0,1
231,369094.8696150766,3709650.2288078186,0,1
232,367262.12320199516,3708412.3552268506,0,1
233,367658.8258693763,3708881.888916523,0,1
234,367703.1103126768,3708815.4262898634,0,1
235,367690.57600568456,3708808.5338137946,0,1
236,369078.76027927734,3709644.6474838727,0,1
237,369073.18599821685,3709642.549537662,0,1
238,367445.30402370176,3708518.1537816166,0,1
239,367385.0853297904,3708442.7359018684,0,1
240,369939.93525681447,3710165.0606212947,0,1
241,369950.8580350504,3710160.1775984787,0,1
242,368825.87114935135,3710407.0092794467,0,1
243,370097.34443482914,3710596.909579865,0,1
244,369939.95341957296,3710840.480203074,0,1
245,370044.3119898754,3710827.1382063935,0,1
246,370026.6115179921,3710913.3710791343,0,1
247,370027.3256059786,3710919.4832734177,0,1
248,369909.65397667827,3710999.8908356717,0,1
249,369928.4845253413,3710892.892504162,0,1
250,366904.30092134647,3707826.9262586506,0,1
251,366791.35439593624,3707795.1929714005,0,1
252,366908.5559593369,3707845.7433464495,0,1
253,366934.0694915678,3707931.208526375,0,1
254,366706.502434724,3707893.029722467,0,1
255,366612.99002819543,3707928.2154730004,0,1
256,366664.78675734927,3707865.6255573444,0,1
257,366960.61118968984,3707994.9335106798,0,1
258,366735.6472136589,3707974.8953212686,0,1
259,367155.70785024535,3708476.4044122496,0,1
260,367109.2595844815,3708507.7540217014,0,1
261,367201.4044574585,3708587.366072563,0,1
262,367023.7922863947,3708145.9112388925,0,1
263,367838.1636304861,3709053.91225485,0,1
264,367645.9218731888,3709213.313207687,0,1
265,367611.2538328278,3709255.3672780464,0,1
266,367636.178212481,3709281.0428607776,0,1
267,367667.07040649327,3709236.656306836,0,1
268,367689.53912188765,3709320.967255851,0,1
269,367531.9429291191,3709387.5566791333,0,1
270,367844.48867842567,3709375.534643234,0,1
271,367871.0438128278,3709389.454826063,0,1
272,367819.3279161287,3709358.9780754657,0,1
273,367908.74442955654,3709266.3450742834,0,1
274,368387.3283363682,3709390.162862731,0,1
275,368192.9922943587,3709284.5333509455,0,1
276,368319.37178497284,3709506.8856168017,0,1
277,367847.5913802666,3709439.871638781,0,1
278,367842.6414176965,3709437.266757643,0,1
279,367935.487825232,3709481.0426876526,0,1
280,368801.3077428161,3709548.0323732374,0,1
281,367957.82380281005,3709446.068089046,0,1
282,368067.9065622012,3709555.3193974453,0,1
283,368242.9308733028,3709617.824909813,0,1
284,367995.0223362822,3709520.1742740264,0,1
285,367996.8148003557,3709696.41986323,0,1
286,368286.5611104565,3709627.841776044,0,1
287,369300.5397411876,3709720.9872097876,0,1
288,368593.18093439925,3709697.5273458315,0,1
289,368629.1508721417,3709611.120022784,0,1
290,368450.2411505121,3709661.848612629,1,1000
291,368718.2455547919,3709735.836145744,0,1
292,369159.639509619,3709673.1154537005,0,1
293,368798.93223646085,3709762.4072866547,0,1
294,368910.23700047337,3709801.349527629,0,1
295,368751.73526905116,3709746.8694018805,0,1
296,368789.96219890413,3709806.9905473264,0,1
297,368970.663269284,3709822.497361373,0,1
298,369001.0807280938,3709831.7100746133,0,1
299,369004.31329737336,3709839.218618381,0,1
300,370129.2504906564,3710108.5188768716,0,1
301,366677.38176845247,3707771.959317219,0,1
302,366697.87747217796,3707856.5506800204,0,1
303,366722.9504751708,3707940.258105307,1,1000
304,366783.89431200543,3708050.0645517446,0,1
305,366813.3256617192,3708091.557358737,0,1
306,367165.5422312652,3707925.287835472,0,1
307,367181.2310261581,3708028.8442742787,0,1
308,366913.5751530583,3708228.1149753244,1,1000
309,367225.4264372358,3708220.9195536305,0,1
310,367188.0962485024,3708133.9751508734,0,1
311,367330.0939136662,3708373.2130295164,0,1
312,367497.7613114681,3708229.7817013063,0,1
313,367080.15612642246,3708526.2326894808,0,1
314,367442.0260432632,3708520.971458565,0,1
315,367245.7758687974,3708664.9197666217,0,1
316,366908.9460807587,3708722.4556243047,0,1
317,367007.1048130123,3708720.168930553,1,1000
318,367249.147428672,3708670.25215836,0,1
319,368844.3143945701,3708715.09715077,0,1
320,369124.1929959537,3709146.652574863,0,1
321,367053.1556082999,3708780.652687129,0,1
322,366910.86196651775,3708785.1675570807,0,1
323,367497.8736339955,3708743.430401538,0,1
324,367652.4681410895,3708877.595537349,0,1
325,367010.04218411807,3708844.8287974647,0,1
326,367007.3030656437,3708780.9859191906,0,1
327,366915.0900312563,3708849.145139995,0,1
328,366846.10423508385,3708850.098098202,0,1
329,366893.3549085967,3708849.445332026,0,1
330,367777.3866228993,3709167.535000321,0,1
331,367714.39690151985,3709278.216373412,0,1
332,368191.58846805536,3709283.776231023,0,1
333,367947.4772392144,3709288.970820276,0,1
334,368460.8391616536,3709180.6940772603,0,1
335,368694.87829533557,3709274.043145605,0,1
336,368863.7385655005,3709158.0123725426,0,1
337,368838.83978825423,3709235.6728900033,0,1
338,369065.49919405364,3709205.418934956,0,1
339,367717.90047711064,3709281.0184965185,0,1
340,367776.84209697647,3709388.484697748,0,1
341,367904.40525511943,3709410.6124879974,0,1
342,368811.89616250154,3709320.7253070096,0,1
343,369040.96728642384,3709412.697307533,0,1
344,367789.0577936889,3709399.9730384736,0,1
345,369101.7656988017,3709217.6578421905,0,1
346,367759.18680102285,3709553.9513046117,0,1
347,369050.9008940776,3709505.1884869486,0,1
348,367855.0951564999,3709631.376936323,0,1
349,368356.4790493434,3709518.788607484,0,1
350,369011.06649644196,3709620.592275755,0,1
351,367934.4967117467,3709670.3243664703,0,1
352,367731.3796471529,3709578.73184138,0,1
353,367850.8396295236,3709625.8901248765,0,1
354,367569.65399856534,3709623.041520486,0,1
355,368755.99348041805,3709674.1808803845,0,1
356,367694.6365696873,3709588.6631738995,0,1
357,367768.6734715551,3709649.5309847295,0,1
358,367665.0187249825,3709792.6892682,0,1
359,368614.30157765443,3709605.3226525187,0,1
360,368606.91687200277,3709602.628601987,0,1
361,368622.9952456778,3709585.4744077036,0,1
362,368678.6080934793,3709630.8963076244,0,1
363,367893.3110584847,3709674.6597653683,0,1
364,367795.1912499004,3709760.957981776,0,1
365,368214.50035033823,3709644.6420671446,1,1000
366,368012.12970470847,3709715.8399656247,0,1
367,367953.8561770191,3709677.8000719096,0,1
368,367868.0459499748,3709742.546580086,0,1
369,368746.52744887234,3709670.760939325,0,1
370,368005.9495327123,3709820.72854212,0,1
371,367873.91849329276,3709778.5651805215,0,1
372,367805.86176137987,3709798.651898553,0,1
373,367755.58839487133,3709770.9394493783,0,1
374,367890.84929548006,3709813.5227201823,0,1
375,367813.72908715624,3709831.094182436,0,1
376,367832.14808589336,3709859.410255574,0,1
377,369801.3510207186,3710029.3912813948,0,1
378,367851.21996722394,3709889.957658758,0,1
379,367863.5281384908,3709912.978786079,0,1
380,367896.510594006,3709847.015625745,0,1
381,367448.3885760966,3710022.022414006,0,1
382,369920.42520231276,3710015.538924577,0,1
383,367479.0102517691,3710062.2030201997,0,1
384,367337.26783995546,3710141.7757894136,0,1
385,367311.3637156259,3710169.63678814,0,1
386,367168.44079098286,3710149.924910486,0,1
387,367367.7454757064,3710263.9050088394,0,1
388,367251.3962664384,3710212.9393038373,0,1
389,367649.2438475541,3710170.5113106105,0,1
390,367990.02607752,3710301.181755788,0,1
391,367613.9088614867,3710158.3649374214,0,1
392,367224.67385780194,3710275.7466237983,0,1
393,367421.2958707515,3710240.953703605,0,1
394,367384.93573185045,3710345.959093148,0,1
395,366763.2823401524,3710248.724596419,0,1
396,366953.32964156615,3710241.0071180165,0,1
397,366966.3846090762,3710585.6170205404,0,1
398,366943.6683378148,3709989.443467057,0,1
399,367563.9524814863,3710229.2871033326,0,1
400,367535.96300894866,3710349.3705970296,0,1
401,367349.3567016813,3710331.587889307,0,1
402,367451.6654787143,3710270.280180635,0,1
403,367444.5985479573,3710293.3678278346,0,1
404,367519.0573173625,3710340.5866227215,0,1
405,367324.7141448511,3710403.7931300197,0,1
406,367909.91698832565,3710289.5039157234,0,1
407,367902.88774654985,3710307.289462981,0,1
408,368101.19031534716,3710336.8115537143,0,1
409,368020.7459764435,3710282.3285803865,0,1
410,367965.46410926606,3710332.1832990004,0,1
411,367891.76656360494,3710337.585632259,0,1
412,367497.25215873343,3710367.2817118554,0,1
413,367388.4129586419,3710347.541506499,0,1
414,367372.0700148514,3710424.1572314673,0,1
415,367606.62719726074,3710405.0930989245,0,1
416,367422.67116921034,3710363.13988378,0,1
417,367432.9946850055,3710330.3365625064,0,1
418,367459.12752765825,3710402.807566077,0,1
419,367827.7147227499,3710374.4082930344,0,1
420,367775.4449059465,3710401.3322927817,0,1
421,367457.1797718919,3710415.1668936126,0,1
422,367514.0727201308,3710430.6537485807,0,1
423,367761.9312349445,3710496.828583603,0,1
424,367360.0552057488,3710504.095971203,0,1
425,367921.0169212937,3710427.6708502807,0,1
426,367927.48571174196,3710477.4001118033,0,1
427,367930.6311824285,3710429.058393377,0,1
428,367891.77664233546,3710399.270166123,0,1
429,367599.8593713403,3710439.8214252875,0,1
430,367646.5335512436,3710470.1221124576,0,1
431,367601.02586739836,3710420.61901135,0,1
432,367586.14482369076,3710448.959911857,0,1
433,367937.07924587594,3710411.5691799335,0,1
434,368048.6404833733,3710430.1469884906,0,1
435,368827.7912095429,3710410.221505776,0,1
436,368822.92364049074,3710411.5631866567,0,1
437,368814.3383090263,3710431.8312479425,0,1
438,367450.66085882066,3710456.468531858,0,1
439,367542.22921134304,3710487.559466583,0,1
440,367519.6048457023,3710497.2198485094,0,1
441,367670.992450961,3710472.2813675483,0,1
442,367666.94851300644,3710438.9104966708,0,1
443,367675.6289371145,3710509.5700973906,0,1
444,367700.6112739039,3710434.211511083,0,1
445,367606.1278311039,3710491.7491979846,0,1
446,367565.91185120784,3710681.8480717,0,1
447,367557.00494590425,3710470.4877776704,0,1
448,367563.8493433024,3710481.872219711,0,1
449,367574.52590088866,3710510.5271715187,0,1
450,368809.60938867496,3710467.218361507,0,1
451,368790.39587644034,3710471.650057108,0,1
452,368813.4687810814,3710486.6515032584,0,1
453,368916.8149768061,3710438.2879513907,0,1
454,367908.5629355727,3710517.906595307,0,1
455,367831.1873583401,3710529.315438563,0,1
456,367911.6296730215,3710541.719938225,0,1
457,367572.31034998165,3710597.3178012166,0,1
458,367514.79952944315,3710519.9547217265,0,1
459,367738.6267575433,3710500.2649836494,0,1
460,367770.7484088444,3710564.6472261455,0,1
461,367684.56102891837,3710574.891772469,0,1
462,367583.8680012651,3710531.9806335536,0,1
463,367828.86530126777,3710512.4012009804,0,1
464,367834.28413454205,3710551.919501827,0,1
465,367912.39886735065,3710547.6871026848,0,1
466,367868.42360782647,3710554.234756323,0,1
467,367914.80774643517,3710571.620373077,0,1
468,369370.2667869674,3710744.3635768085,0,1
469,367507.7263971616,3710553.389760493,0,1
470,367578.90068645554,3710568.6139629586,0,1
471,367500.188101692,3710588.117694345,0,1
472,367727.5494259159,3710570.220008746,0,1
473,367794.3471457476,3710571.154932523,0,1
474,367835.9253817266,3710563.896772917,0,1
475,367835.15157066955,3710558.273477547,0,1
476,367840.7770611774,3710604.0550127574,0,1
477,367688.41805737535,3710606.1580459108,0,1
478,367666.2988549001,3710574.1556401784,0,1
479,367084.53548706044,3710580.891485989,0,1
480,367086.5912067408,3710666.5809888067,0,1
481,367235.832682563,3710664.0899346657,0,1
482,367571.15067650226,3710602.823493458,0,1
483,367700.3279381615,3710598.1867976286,0,1
484,367711.30736878177,3710596.860398279,0,1
485,367377.39587990067,3710640.9345943187,0,1
486,367338.9112145704,3710597.6131552444,0,1
487,367694.0642989236,3710647.9910646,0,1
488,367697.3951209298,3710677.4679280464,0,1
489,367519.2560658481,3710698.7482918273,0,1
490,367778.0574770474,3710710.7070834734,0,1
491,367776.66372992366,3710666.6973805693,0,1
492,367827.9478026586,3710779.2151629846,0,1
493,367296.4945600945,3710762.402160886,0,1
494,367327.5139555594,3710836.280538187,0,1
495,367355.2625942083,3710767.1377407224,0,1
496,367358.06681980984,3710835.8596656695,0,1
497,367359.313253956,3710767.203943906,0,1
498,369627.67794974236,3710754.960082654,0,1
499,367073.28554013977,3710802.1898066425,0,1
500,367112.54691005434,3710798.7755406364,0,1
501,366931.45830055507,3710869.2160741044,0,1
502,366967.13115784,3710862.9007327342,0,1
503,367296.689850783,3710870.9413570003,0,1
504,367359.4597985984,3710866.8603613917,0,1
505,368846.3377222655,3711120.6707895305,0,1
506,369397.9270636061,3710762.8308521872,0,1
507,368846.1406776616,3711122.569921457,0,1
508,369084.52281803126,3711250.768565384,0,1
509,368985.59659473517,3711344.186073274,0,1
510,368322.768075376,3711190.2661460303,0,1
511,369590.90870332345,3711181.1035969113,0,1
512,369828.27722324745,3711237.3024264486,0,1
513,369816.8145405963,3711236.5036327587,0,1
514,369742.4890604171,3711225.88618801,0,1
515,369734.3471694002,3711397.086352966,0,1
516,369838.2211865261,3711267.976827482,0,1
517,368741.370924948,3710535.743684951,0,1
518,368801.20474495424,3710444.830565678,0,1
519,368795.99590333516,3710441.5744227,0,1
520,369029.46742148395,3709781.0628262614,0,1
521,369087.3466827549,3709647.6028167102,0,1
522,369023.0234113547,3709773.0656017256,0,1
523,369023.0483397032,3709778.99857754,0,1
524,369052.97962352185,3709784.558266627,0,1
525,369049.4527885644,3709786.8353585056,0,1
526,369041.2355488547,3709785.061708229,0,1
527,369038.0605957898,3709847.3880378967,0,1
528,369131.9184804544,3709175.7927468307,0,1
529,369870.7450737335,3709823.494355454,0,1
530,368807.01932666067,3710382.7675081827,0,1
531,368788.2901337767,3710416.626340178,0,1
532,368813.3353082296,3710386.152752524,0,1
533,368794.652910642,3710419.3566047535,0,1
534,368827.02483968425,3710393.507727644,0,1
535,368832.32097750023,3710396.3523568506,0,1
536,368785.18484624446,3710421.8700098954,0,1
537,368347.55825527594,3710448.381322543,0,1
538,368820.7586526034,3710414.919771868,0,1
539,369009.3154311835,3710330.684399386,0,1
540,368780.62916818645,3710432.467890294,0,1
541,368785.5927834475,3710435.450107952,0,1
542,368725.7025380258,3710517.447465948,0,1
543,368783.0601937502,3710425.458951758,0,1
544,368813.73447267024,3710414.0949452575,0,1
545,368546.19507097476,3710937.56947197,0,1
546,368701.19370016886,3710559.281599129,0,1
547,368455.57929784106,3710900.8334932458,0,1
548,368503.5057079856,3710930.023079668,0,1
549,368538.842977872,3710952.8414387284,0,1
550,368502.96861015505,3710938.3038180503,0,1
551,368540.2953656172,3710961.937881282,0,1
552,367464.2639680522,3710728.1292674365,0,1
553,367389.13975846,3710615.5311145624,0,1
554,367496.5566208548,3710710.3395171533,0,1
555,367344.00777963846,3710599.428323364,0,1
556,367452.0625231917,3710637.9547599177,0,1
557,367362.6039686077,3710505.036826025,0,1
558,367463.9770480467,3710542.5907771983,0,1
559,368707.00512047205,3711125.1868940014,0,1
560,368714.90485934773,3711124.868468135,0,1
561,368724.98534204316,3711113.507604827,0,1
562,368725.6915494533,3711083.5540443016,0,1
563,368743.69974957977,3711107.3080642167,0,1
564,367421.2158385995,3709353.6015413073,1,1000
565,367423.1008309765,3709406.8759879908,0,1
566,367393.5866174898,3709354.8468122305,0,1
567,367505.12474689924,3709403.862309613,0,1
568,367334.7703945079,3709356.6767944884,0,1
569,367336.7501194087,3709410.0497551556,0,1
570,367514.63521315064,3709454.370203957,0,1
571,367424.9172373832,3709457.86676288,0,1
572,367338.6533230217,3709461.238966482,0,1
573,367426.92138379184,3709514.4001507247,0,1
574,367340.72449286014,3709517.2058267067,0,1
575,367468.121078388,3709513.068083076,0,1
576,367286.4867515714,3709580.912956619,0,1
577,367284.00877144805,3709519.04051324,0,1
578,366933.3167383967,3709533.892368106,0,1
579,366846.6791182251,3709534.379574379,0,1
580,366851.4599497953,3709673.2764294893,0,1
581,366757.72084628535,3709537.6833489966,0,1
582,366931.51325175236,3709670.329357496,0,1
583,366763.1062044941,3709676.5385868414,0,1
584,366720.6649812628,3709539.0609495095,0,1
585,367289.53388264717,3709657.128536288,0,1
586,367294.8469325169,3709789.940476458,0,1
587,366730.36813067767,3709677.7455564686,0,1
588,367068.8509736996,3709798.379682093,0,1
589,367299.9585877919,3709917.5759976385,0,1
590,366936.5827787941,3709803.3110455684,0,1
591,366941.2183481089,3709925.0530670867,0,1
592,366856.03910773445,3709806.3203554214,0,1
593,366768.26287560485,3709809.6078108824,0,1
594,366757.69789991673,3709931.6266285703,0,1
595,368349.8327617618,3710266.845526269,0,1
596,368333.4611357457,3710286.8877666425,0,1
597,368282.6381092345,3710281.848928945,0,1
598,368354.8855332902,3710269.537963477,0,1
599,368379.2940472361,3710268.6720539783,0,1
600,368378.571685399,3710286.504116692,0,1
601,368515.3750950736,3710296.546679741,0,1
602,368343.1253530247,3710433.270313013,0,1
603,368361.69780657586,3710272.5168860755,0,1
604,368348.25079472456,3710433.810221619,0,1
605,368344.5564946593,3710276.344442332,0,1
606,368339.91605253494,3710432.9260206777,0,1
607,368249.1813370588,3710316.597893106,0,1
608,368327.35533227446,3710321.318055723,0,1
609,368375.6752930334,3710324.6945011006,0,1
610,368512.92253857397,3710333.267015171,0,1
611,368553.35508954024,3710334.5228645257,0,1
612,368212.02216756577,3710351.608361015,0,1
613,368324.70960695425,3710359.4828594993,0,1
614,368372.9260093116,3710362.771975712,0,1
615,368510.6592305603,3710370.2398484414,0,1
616,368573.3765569558,3710373.631448065,0,1
617,368187.630668896,3710388.3185177795,0,1
618,368322.0797567192,3710397.4478237396,0,1
619,368370.0276668137,3710401.494731824,0,1
620,368508.69034630735,3710409.7261738833,0,1
621,368574.16062972916,3710414.754825389,0,1
622,368205.25441882253,3710431.984083208,0,1
623,368319.16286557936,3710439.5534187444,0,1
624,368367.2289172826,3710442.744731437,0,1
625,368505.0118787842,3710451.897526226,0,1
626,368567.6091029788,3710456.0559384623,0,1
627,368209.8315031758,3710454.9006803413,0,1
628,368336.4556684759,3710440.714391491,0,1
629,368350.43837650074,3710441.6322902595,0,1
630,368317.62816486286,3710461.8216545503,0,1
631,368342.56370306254,3710441.107780453,0,1
632,368339.27132435236,3710447.5962823527,0,1
633,368281.984064196,3710459.5253767963,0,1
634,368209.09603934793,3710493.4719311194,0,1
635,368502.1667991292,3710494.5565712173,0,1
636,368498.9734907998,3710542.3219355308,0,1
637,368364.40002575575,3710484.5053037605,0,1
638,368395.9354834864,3710529.4117045226,0,1
639,368500.72461350716,3710516.1469868813,0,1
640,367536.56720319734,3710207.560522587,0,1
641,367533.83773936576,3710292.7722747372,0,1
642,367502.7476659289,3710176.606589277,0,1
643,367522.6133832756,3710104.7670507375,0,1
644,367460.70368757425,3710234.511273349,0,1
645,367507.636959092,3710261.2588517377,0,1
646,367662.4353224137,3710404.5146693136,0,1
647,367866.34095159837,3710412.5837323936,0,1
648,367742.97712758125,3710401.7448028345,0,1
649,367842.2844645443,3710657.722872365,0,1
650,367918.5327355511,3710655.623268715,0,1
651,367876.0837919229,3710656.937498187,0,1
652,367918.1431769562,3710633.991281071,0,1
653,367874.7396941447,3710638.856434988,0,1
654,367870.1650172316,3710577.578297407,0,1
655,367923.1531725791,3710623.408893336,0,1
656,367951.1835884905,3710373.2470939723,0,1
657,367955.4820581545,3710360.8889398826,0,1
658,367948.94575148996,3710379.3996608215,0,1
659,367942.9276063129,3710395.7295700847,0,1
660,368037.64841080137,3710382.431553037,0,1
661,368827.0718876877,3709044.0816752915,0,1
662,366564.8018942946,3708426.586627945,0,1
663,369075.5971076257,3710348.24857922,0,1
664,369071.6572952686,3710342.679344466,0,1
665,369013.9428146178,3710384.076802342,0,1
666,368925.0824813574,3710466.9991874155,0,1
667,369088.24624943745,3710372.697144849,0,1
668,369040.6382261999,3710422.9956963006,0,1
669,368910.951012791,3710427.8430433837,0,1
670,369010.3721588639,3710376.2845072746,0,1
671,368940.7562496048,3710380.5919011547,0,1
672,368916.5028413554,3710395.5611804486,0,1
673,368997.78356484836,3710362.4486468784,0,1
674,368936.3014458001,3710401.3470619055,0,1
675,368915.4749811008,3710407.397454848,0,1
676,368897.7251749832,3710411.553930245,0,1
677,368929.75346784753,3710423.2286531115,0,1
678,368957.94081999286,3710405.8880027304,0,1
679,368891.66366618307,3710411.8471565624,0,1
680,368863.9259428064,3710420.5868816506,0,1
681,368527.52187581034,3710822.983798664,0,1
682,368474.61043210037,3710974.2467794414,0,1
683,368476.0887761471,3710970.27842098,0,1
684,368481.96329124324,3710929.796022343,0,1
685,368500.232084047,3710937.1988799134,0,1
686,368480.66505280416,3710929.2703255885,0,1
687,368446.57361036044,3710915.3961595222,0,1
688,368610.90416567633,3710701.2161201267,0,1
689,368742.9988594936,3710444.592221361,0,1
690,368747.19216527394,3710444.213456052,0,1
691,368730.28907789977,3710445.741388624,0,1
692,368600.93511989806,3710579.84632175,0,1
693,369015.3371477144,3710348.6353634666,0,1
694,369032.16298027383,3710360.5393651384,0,1
695,369026.56060739956,3710344.7342112064,0,1
696,368710.32839377935,3711125.052859145,0,1
697,368743.01314710954,3711116.899481286,0,1
698,368741.7744328558,3711154.1244749106,0,1
699,368776.0677281813,3711137.2433592374,0,1
700,368742.24603898823,3711135.5749887023,0,1
701,368779.6609791477,3711082.629904595,0,1
702,368745.14776585146,3711081.348010755,0,1
703,368825.42193753493,3711085.9545804313,0,1
704,368780.2487896835,3711064.422642749,0,1
705,368744.8457239296,3711089.1708205417,0,1
706,368744.2894283065,3711098.7826416357,0,1
707,368776.98039084725,3711119.0205778866,0,1
708,368778.0218581494,3711100.7073192573,0,1
709,368833.87648086774,3711048.631323688,0,1
710,368781.5548734887,3711026.67550222,0,1
711,368802.4362039086,3711028.1654346697,0,1
712,368746.83798931434,3711043.1741892104,0,1
713,368780.9300597459,3711044.89435731,0,1
714,368746.12160743517,3711062.8471331517,0,1
715,368800.07841873553,3711065.760543078,0,1
716,368801.68579420657,3711046.0311069977,0,1
717,368416.0354539573,3710997.072450453,0,1
718,368578.59063964186,3709567.7033610153,0,1
719,368615.35340751556,3709582.3180629327,0,1
720,367945.8347507892,3709705.924274096,0,1
721,367937.219681126,3709736.141612381,0,1
722,367938.5846155712,3709731.354045362,0,1
723,367972.1821714594,3709739.333306831,0,1
724,367978.01973429276,3709714.532891892,0,1
725,368459.63839341945,3709184.603174272,0,1
726,368528.09194226237,3709212.25977243,0,1
727,368464.5284116536,3709174.654938079,0,1
728,368696.818542894,3709267.129618582,0,1
729,368829.84426342533,3709232.7233300656,0,1
730,368702.0814943107,3709281.808020075,0,1
731,368537.0198932189,3709249.057645665,0,1
732,368579.08313146286,3709265.3300318667,0,1
733,368544.9842484856,3709236.339286678,0,1
734,368694.7442531581,3709293.5195679804,0,1
735,368642.66271454084,3709294.650892306,0,1
736,368825.76835088653,3709347.5302538485,0,1
737,368845.5621366563,3709340.517886294,0,1
738,368930.9392301061,3709375.011421388,0,1
739,368920.2344540742,3709380.2475011516,0,1
740,368575.01012824185,3709250.0476711565,0,1
741,369057.61185220955,3709424.1380792693,0,1
742,367169.06657507364,3707915.3910203553,0,1
743,367150.3300518558,3707913.641861131,0,1
744,367184.3582448965,3707920.6700546397,0,1
745,367145.51086723333,3707892.281676628,0,1
746,367127.7793367597,3707886.603806462,0,1
747,367133.40169295535,3707913.6533657582,0,1
748,367185.43474177097,3707923.949063103,0,1
749,367212.76534071215,3708029.5521297352,0,1
750,367226.33729259623,3708077.9520964306,0,1
751,367274.7997187474,3708190.672627472,0,1
752,367177.90727841615,3708078.9187494763,0,1
753,367181.55455863546,3708197.9680333934,0,1
754,367208.03134429234,3708313.1205871687,0,1
755,367220.7275714971,3708301.3451418746,0,1
756,367771.2365577473,3709842.357372365,0,1
757,367962.2048206887,3710941.333665947,0,1
758,367916.4458168724,3710909.799080922,0,1
759,368028.1051843295,3710757.017646171,0,1
760,367787.5616110332,3710811.665489721,0,1
761,367800.39454497513,3710848.619936978,0,1
762,367806.0346809537,3710791.937170709,0,1
763,367851.7367724712,3710780.6742504854,0,1
764,367761.0024179138,3710399.4123107656,0,1
765,367592.04942310194,3710400.092099336,0,1
766,367647.1422683519,3710611.7491400726,0,1
767,367871.7927127789,3710599.4040171118,0,1
768,367870.67617537454,3710584.3696881495,0,1
769,367872.44056329085,3710608.034536031,0,1
770,367873.0110837559,3710615.7677950733,0,1
771,367917.64617388404,3710609.9430650226,0,1
772,367917.482939551,3710602.10440587,0,1
773,367915.4962350166,3710578.4758749856,0,1
774,367782.9471348593,3710518.842818151,0,1
775,367780.00888981373,3710486.1443408374,0,1
776,367915.18920487876,3710404.372257126,0,1
777,367917.1282260931,3710366.948921098,0,1
778,367472.4153131874,3708558.793116452,0,1
779,367429.69178988464,3708665.094116275,1,1000
780,367574.7792875588,3709019.266513668,0,1
781,367252.2872384674,3708349.830071809,0,1
782,367268.63126823003,3708341.17629617,0,1
783,367244.4765975597,3708339.2465283233,0,1
784,367244.01190363424,3708295.390495428,0,1
785,367253.51119658805,3708290.2911737366,0,1
786,367247.83546506474,3708302.502214244,0,1
787,367236.6945425164,3708320.6220745025,0,1
788,367298.55225175165,3708325.3264966495,0,1
789,367262.49080149655,3708329.7601413527,0,1
790,367242.9969138985,3708335.695808226,0,1
791,367243.5633887356,3708316.7900062837,0,1
792,367252.7556638666,3708311.6616403554,0,1
793,367256.7985106035,3708319.1806860184,0,1
794,367262.3443225838,3708306.3060173155,0,1
795,367292.512066554,3708289.476853292,0,1
796,367268.1990302606,3708303.04245274,0,1
797,367272.9247653384,3708279.865037923,0,1
798,367260.536162314,3708326.1272368385,0,1
799,367296.1632849537,3708320.5128954905,0,1
800,367273.2709123518,3708313.0981198447,0,1
801,367275.828010853,3708317.9759428888,0,1
802,367287.3723500527,3708302.8338869014,0,1
803,367258.1142961125,3708321.6246278198,0,1
804,367290.96517727023,3708310.0597020457,0,1
805,367291.9447470748,3708300.2312351037,0,1
806,367296.11303315405,3708307.4158576583,0,1
807,367257.15444323333,3708297.128120009,0,1
808,367246.4428642392,3708287.0614127014,0,1
809,367775.43592243554,3710628.008787524,0,1
810,367720.971973966,3710674.282745289,0,1
811,367716.2129941542,3710636.1749894195,0,1
812,367730.2250380801,3710594.604296789,0,1
813,367800.2254328558,3710606.2418520036,0,1
814,367831.0687231249,3710601.892530402,0,1
815,367831.87629136175,3710637.0490538315,0,1
816,367734.2031929186,3710460.200714311,0,1
817,367548.24863047304,3710416.6645098715,0,1
818,367571.40894177905,3710413.540169304,0,1
819,366823.9772659248,3708008.465144048,0,1
820,369486.4604183697,3709983.236127317,0,1
821,369431.5729735481,3710007.3360916963,0,1
822,369410.62724879856,3710080.727233148,0,1
823,369469.0785004502,3710094.1305549936,0,1
824,369466.93331651465,3710101.7121126642,0,1
825,369519.5720488345,3710070.0459394515,0,1
826,369501.3960128852,3710109.995397523,0,1
827,369524.7236330606,3710053.307457522,0,1
828,369485.61095940863,3710044.6323819947,1,1000
829,369523.82879045187,3710029.076211406,0,1
830,369530.0155349127,3710009.2073431113,0,1
831,369502.70356226014,3709967.900006057,0,1
832,369517.09314820444,3710005.678221269,0,1
833,369372.9753639243,3709913.996126009,0,1
834,369505.4405305711,3709936.799037102,0,1
835,369551.07287671854,3710018.0605531153,0,1
836,369510.4801007265,3709906.986624051,0,1
837,369500.90672871994,3710065.6519616204,0,1
838,368708.0872457271,3711165.0419374346,0,1
839,368489.09017293865,3711080.3057257785,0,1
840,368739.10784394626,3709786.8557019983,0,1
841,368891.017053916,3709836.1241475586,0,1
842,369856.58095530176,3711280.870649043,0,1
843,369898.67177230946,3711316.511621495,0,1
844,369063.66836814064,3711314.7328141187,0,1
845,368929.98956677667,3711473.047401022,0,1
846,368995.58829778037,3711468.9605846307,0,1
847,369069.61504949187,3711296.4748951904,0,1
848,369044.0420768261,3711309.8649040274,0,1
849,368914.83992496994,3711279.1948739463,0,1
850,368914.76384448016,3711296.1197669758,0,1
851,368914.2619759816,3711262.6670471923,0,1
852,369040.28603737295,3711324.6106812144,0,1
853,369048.0539403147,3711293.4410096835,0,1
854,368913.77099149977,3711248.433736896,0,1
855,369051.7051449076,3711278.497037062,0,1
856,369073.63631892606,3711284.154308488,0,1
857,369074.715006763,3711280.834722419,0,1
858,369166.4100363891,3711324.315622624,0,1
859,369080.0111352039,3711264.5930083115,0,1
860,369167.84469326626,3711308.9138455316,0,1
861,369171.89406100055,3711292.5005928986,0,1
862,369121.1853091783,3711261.9482749044,0,1
